fiscal_year,year,month,month_numeric,day,date_stamp,volume_in_mn,value_in_cr,released_on,updated_on,data_source,data_url
2021-22,2021,May,5,1,2021-05-01,0.52,4516.94,2021-06-01,2026-03-27,National Payments Corporation of India (NPCI),https://www.npci.org.in/product/cts/product-statistics
2021-22,2021,May,5,2,2021-05-02,0.00,0.00,2021-06-01,2026-03-27,National Payments Corporation of India (NPCI),https://www.npci.org.in/product/cts/product-statistics
2021-22,2021,May,5,3,2021-05-03,2.00,18619.37,2021-06-01,2026-03-27,National Payments Corporation of India (NPCI),https://www.npci.org.in/product/cts/product-statistics
2021-22,2021,May,5,4,2021-05-04,1.96,17731.64,2021-06-01,2026-03-27,National Payments Corporation of India (NPCI),https://www.npci.org.in/product/cts/product-statistics
2021-22,2021,May,5,5,2021-05-05,1.83,16182.62,2021-06-01,2026-03-27,National Payments Corporation of India (NPCI),https://www.npci.org.in/product/cts/product-statistics
2021-22,2021,May,5,6,2021-05-06,1.74,15635.55,2021-06-01,2026-03-27,National Payments Corporation of India (NPCI),https://www.npci.org.in/product/cts/product-statistics
2021-22,2021,May,5,7,2021-05-07,1.73,15621.07,2021-06-01,2026-03-27,National Payments Corporation of India (NPCI),https://www.npci.org.in/product/cts/product-statistics
2021-22,2021,May,5,8,2021-05-08,0.00,0.00,2021-06-01,2026-03-27,National Payments Corporation of India (NPCI),https://www.npci.org.in/product/cts/product-statistics
2021-22,2021,May,5,9,2021-05-09,0.00,0.00,2021-06-01,2026-03-27,National Payments Corporation of India (NPCI),https://www.npci.org.in/product/cts/product-statistics
2021-22,2021,May,5,10,2021-05-10,2.24,18679.23,2021-06-01,2026-03-27,National Payments Corporation of India (NPCI),https://www.npci.org.in/product/cts/product-statistics
2021-22,2021,May,5,11,2021-05-11,1.86,16681.98,2021-06-01,2026-03-27,National Payments Corporation of India (NPCI),https://www.npci.org.in/product/cts/product-statistics
2021-22,2021,May,5,12,2021-05-12,1.67,14848.82,2021-06-01,2026-03-27,National Payments Corporation of India (NPCI),https://www.npci.org.in/product/cts/product-statistics
2021-22,2021,May,5,13,2021-05-13,1.04,10653.04,2021-06-01,2026-03-27,National Payments Corporation of India (NPCI),https://www.npci.org.in/product/cts/product-statistics
2021-22,2021,May,5,14,2021-05-14,0.59,4820.82,2021-06-01,2026-03-27,National Payments Corporation of India (NPCI),https://www.npci.org.in/product/cts/product-statistics
2021-22,2021,May,5,15,2021-05-15,1.42,13000.01,2021-06-01,2026-03-27,National Payments Corporation of India (NPCI),https://www.npci.org.in/product/cts/product-statistics
2021-22,2021,May,5,16,2021-05-16,0.00,0.00,2021-06-01,2026-03-27,National Payments Corporation of India (NPCI),https://www.npci.org.in/product/cts/product-statistics
2021-22,2021,May,5,17,2021-05-17,1.66,14448.16,2021-06-01,2026-03-27,National Payments Corporation of India (NPCI),https://www.npci.org.in/product/cts/product-statistics
2021-22,2021,May,5,18,2021-05-18,1.45,13854.83,2021-06-01,2026-03-27,National Payments Corporation of India (NPCI),https://www.npci.org.in/product/cts/product-statistics
2021-22,2021,May,5,19,2021-05-19,1.40,13435.99,2021-06-01,2026-03-27,National Payments Corporation of India (NPCI),https://www.npci.org.in/product/cts/product-statistics
2021-22,2021,May,5,20,2021-05-20,1.40,13853.38,2021-06-01,2026-03-27,National Payments Corporation of India (NPCI),https://www.npci.org.in/product/cts/product-statistics
2021-22,2021,May,5,21,2021-05-21,1.45,14931.29,2021-06-01,2026-03-27,National Payments Corporation of India (NPCI),https://www.npci.org.in/product/cts/product-statistics
2021-22,2021,May,5,22,2021-05-22,0.00,0.00,2021-06-01,2026-03-27,National Payments Corporation of India (NPCI),https://www.npci.org.in/product/cts/product-statistics
2021-22,2021,May,5,23,2021-05-23,0.00,0.00,2021-06-01,2026-03-27,National Payments Corporation of India (NPCI),https://www.npci.org.in/product/cts/product-statistics
2021-22,2021,May,5,24,2021-05-24,2.09,19102.76,2021-06-01,2026-03-27,National Payments Corporation of India (NPCI),https://www.npci.org.in/product/cts/product-statistics
2021-22,2021,May,5,25,2021-05-25,1.71,17696.75,2021-06-01,2026-03-27,National Payments Corporation of India (NPCI),https://www.npci.org.in/product/cts/product-statistics
2021-22,2021,May,5,26,2021-05-26,0.75,7049.25,2021-06-01,2026-03-27,National Payments Corporation of India (NPCI),https://www.npci.org.in/product/cts/product-statistics
2021-22,2021,May,5,27,2021-05-27,1.80,17583.59,2021-06-01,2026-03-27,National Payments Corporation of India (NPCI),https://www.npci.org.in/product/cts/product-statistics
2021-22,2021,May,5,28,2021-05-28,1.63,16009.59,2021-06-01,2026-03-27,National Payments Corporation of India (NPCI),https://www.npci.org.in/product/cts/product-statistics
2021-22,2021,May,5,29,2021-05-29,1.13,11351.21,2021-06-01,2026-03-27,National Payments Corporation of India (NPCI),https://www.npci.org.in/product/cts/product-statistics
2021-22,2021,May,5,30,2021-05-30,0.00,0.00,2021-06-01,2026-03-27,National Payments Corporation of India (NPCI),https://www.npci.org.in/product/cts/product-statistics
2021-22,2021,May,5,31,2021-05-31,1.60,15486.10,2021-06-01,2026-03-27,National Payments Corporation of India (NPCI),https://www.npci.org.in/product/cts/product-statistics
2021-22,2021,June,6,1,2021-06-01,1.66,18119.89,2021-07-01,2026-03-27,National Payments Corporation of India (NPCI),https://www.npci.org.in/product/cts/product-statistics
2021-22,2021,June,6,2,2021-06-02,1.75,17105.56,2021-07-01,2026-03-27,National Payments Corporation of India (NPCI),https://www.npci.org.in/product/cts/product-statistics
2021-22,2021,June,6,3,2021-06-03,1.62,17321.43,2021-07-01,2026-03-27,National Payments Corporation of India (NPCI),https://www.npci.org.in/product/cts/product-statistics
2021-22,2021,June,6,4,2021-06-04,1.76,16422.28,2021-07-01,2026-03-27,National Payments Corporation of India (NPCI),https://www.npci.org.in/product/cts/product-statistics
2021-22,2021,June,6,5,2021-06-05,1.56,14242.90,2021-07-01,2026-03-27,National Payments Corporation of India (NPCI),https://www.npci.org.in/product/cts/product-statistics
2021-22,2021,June,6,6,2021-06-06,0.00,0.00,2021-07-01,2026-03-27,National Payments Corporation of India (NPCI),https://www.npci.org.in/product/cts/product-statistics
2021-22,2021,June,6,7,2021-06-07,1.95,16421.42,2021-07-01,2026-03-27,National Payments Corporation of India (NPCI),https://www.npci.org.in/product/cts/product-statistics
2021-22,2021,June,6,8,2021-06-08,1.97,18097.01,2021-07-01,2026-03-27,National Payments Corporation of India (NPCI),https://www.npci.org.in/product/cts/product-statistics
2021-22,2021,June,6,9,2021-06-09,1.98,17220.66,2021-07-01,2026-03-27,National Payments Corporation of India (NPCI),https://www.npci.org.in/product/cts/product-statistics
2021-22,2021,June,6,10,2021-06-10,2.06,18559.57,2021-07-01,2026-03-27,National Payments Corporation of India (NPCI),https://www.npci.org.in/product/cts/product-statistics
2021-22,2021,June,6,11,2021-06-11,2.09,18273.37,2021-07-01,2026-03-27,National Payments Corporation of India (NPCI),https://www.npci.org.in/product/cts/product-statistics
2021-22,2021,June,6,12,2021-06-12,0.00,0.00,2021-07-01,2026-03-27,National Payments Corporation of India (NPCI),https://www.npci.org.in/product/cts/product-statistics
2021-22,2021,June,6,13,2021-06-13,0.00,0.00,2021-07-01,2026-03-27,National Payments Corporation of India (NPCI),https://www.npci.org.in/product/cts/product-statistics
2021-22,2021,June,6,14,2021-06-14,2.94,25022.48,2021-07-01,2026-03-27,National Payments Corporation of India (NPCI),https://www.npci.org.in/product/cts/product-statistics
2021-22,2021,June,6,15,2021-06-15,2.52,21763.49,2021-07-01,2026-03-27,National Payments Corporation of India (NPCI),https://www.npci.org.in/product/cts/product-statistics
2021-22,2021,June,6,16,2021-06-16,2.32,20590.75,2021-07-01,2026-03-27,National Payments Corporation of India (NPCI),https://www.npci.org.in/product/cts/product-statistics
2021-22,2021,June,6,17,2021-06-17,2.05,19828.31,2021-07-01,2026-03-27,National Payments Corporation of India (NPCI),https://www.npci.org.in/product/cts/product-statistics
2021-22,2021,June,6,18,2021-06-18,2.06,20177.44,2021-07-01,2026-03-27,National Payments Corporation of India (NPCI),https://www.npci.org.in/product/cts/product-statistics
2021-22,2021,June,6,19,2021-06-19,1.70,16090.86,2021-07-01,2026-03-27,National Payments Corporation of India (NPCI),https://www.npci.org.in/product/cts/product-statistics
2021-22,2021,June,6,20,2021-06-20,0.00,0.00,2021-07-01,2026-03-27,National Payments Corporation of India (NPCI),https://www.npci.org.in/product/cts/product-statistics
2021-22,2021,June,6,21,2021-06-21,2.25,19604.57,2021-07-01,2026-03-27,National Payments Corporation of India (NPCI),https://www.npci.org.in/product/cts/product-statistics
2021-22,2021,June,6,22,2021-06-22,2.25,21325.49,2021-07-01,2026-03-27,National Payments Corporation of India (NPCI),https://www.npci.org.in/product/cts/product-statistics
2021-22,2021,June,6,23,2021-06-23,2.20,22677.61,2021-07-01,2026-03-27,National Payments Corporation of India (NPCI),https://www.npci.org.in/product/cts/product-statistics
2021-22,2021,June,6,24,2021-06-24,2.03,20200.07,2021-07-01,2026-03-27,National Payments Corporation of India (NPCI),https://www.npci.org.in/product/cts/product-statistics
2021-22,2021,June,6,25,2021-06-25,2.20,21296.53,2021-07-01,2026-03-27,National Payments Corporation of India (NPCI),https://www.npci.org.in/product/cts/product-statistics
2021-22,2021,June,6,26,2021-06-26,0.00,0.00,2021-07-01,2026-03-27,National Payments Corporation of India (NPCI),https://www.npci.org.in/product/cts/product-statistics
2021-22,2021,June,6,27,2021-06-27,0.00,0.00,2021-07-01,2026-03-27,National Payments Corporation of India (NPCI),https://www.npci.org.in/product/cts/product-statistics
2021-22,2021,June,6,28,2021-06-28,3.26,29609.36,2021-07-01,2026-03-27,National Payments Corporation of India (NPCI),https://www.npci.org.in/product/cts/product-statistics
2021-22,2021,June,6,29,2021-06-29,2.59,24904.42,2021-07-01,2026-03-27,National Payments Corporation of India (NPCI),https://www.npci.org.in/product/cts/product-statistics
2021-22,2021,June,6,30,2021-06-30,2.37,22554.48,2021-07-01,2026-03-27,National Payments Corporation of India (NPCI),https://www.npci.org.in/product/cts/product-statistics
2021-22,2021,July,7,1,2021-07-01,2.19,25283.12,2021-08-01,2026-03-27,National Payments Corporation of India (NPCI),https://www.npci.org.in/product/cts/product-statistics
2021-22,2021,July,7,2,2021-07-02,2.21,22305.10,2021-08-01,2026-03-27,National Payments Corporation of India (NPCI),https://www.npci.org.in/product/cts/product-statistics
2021-22,2021,July,7,3,2021-07-03,1.96,19061.21,2021-08-01,2026-03-27,National Payments Corporation of India (NPCI),https://www.npci.org.in/product/cts/product-statistics
2021-22,2021,July,7,4,2021-07-04,0.00,0.00,2021-08-01,2026-03-27,National Payments Corporation of India (NPCI),https://www.npci.org.in/product/cts/product-statistics
2021-22,2021,July,7,5,2021-07-05,2.48,21232.10,2021-08-01,2026-03-27,National Payments Corporation of India (NPCI),https://www.npci.org.in/product/cts/product-statistics
2021-22,2021,July,7,6,2021-07-06,2.49,22825.08,2021-08-01,2026-03-27,National Payments Corporation of India (NPCI),https://www.npci.org.in/product/cts/product-statistics
2021-22,2021,July,7,7,2021-07-07,2.45,21790.14,2021-08-01,2026-03-27,National Payments Corporation of India (NPCI),https://www.npci.org.in/product/cts/product-statistics
2021-22,2021,July,7,8,2021-07-08,2.31,21166.54,2021-08-01,2026-03-27,National Payments Corporation of India (NPCI),https://www.npci.org.in/product/cts/product-statistics
2021-22,2021,July,7,9,2021-07-09,2.37,22860.23,2021-08-01,2026-03-27,National Payments Corporation of India (NPCI),https://www.npci.org.in/product/cts/product-statistics
2021-22,2021,July,7,10,2021-07-10,0.00,0.00,2021-08-01,2026-03-27,National Payments Corporation of India (NPCI),https://www.npci.org.in/product/cts/product-statistics
2021-22,2021,July,7,11,2021-07-11,0.00,0.00,2021-08-01,2026-03-27,National Payments Corporation of India (NPCI),https://www.npci.org.in/product/cts/product-statistics
2021-22,2021,July,7,12,2021-07-12,3.49,28054.61,2021-08-01,2026-03-27,National Payments Corporation of India (NPCI),https://www.npci.org.in/product/cts/product-statistics
2021-22,2021,July,7,13,2021-07-13,2.96,25422.88,2021-08-01,2026-03-27,National Payments Corporation of India (NPCI),https://www.npci.org.in/product/cts/product-statistics
2021-22,2021,July,7,14,2021-07-14,2.53,22131.88,2021-08-01,2026-03-27,National Payments Corporation of India (NPCI),https://www.npci.org.in/product/cts/product-statistics
2021-22,2021,July,7,15,2021-07-15,2.44,22424.58,2021-08-01,2026-03-27,National Payments Corporation of India (NPCI),https://www.npci.org.in/product/cts/product-statistics
2021-22,2021,July,7,16,2021-07-16,2.36,21425.56,2021-08-01,2026-03-27,National Payments Corporation of India (NPCI),https://www.npci.org.in/product/cts/product-statistics
2021-22,2021,July,7,17,2021-07-17,2.04,19548.61,2021-08-01,2026-03-27,National Payments Corporation of India (NPCI),https://www.npci.org.in/product/cts/product-statistics
2021-22,2021,July,7,18,2021-07-18,0.00,0.00,2021-08-01,2026-03-27,National Payments Corporation of India (NPCI),https://www.npci.org.in/product/cts/product-statistics
2021-22,2021,July,7,19,2021-07-19,2.25,19193.97,2021-08-01,2026-03-27,National Payments Corporation of India (NPCI),https://www.npci.org.in/product/cts/product-statistics
2021-22,2021,July,7,20,2021-07-20,2.53,23932.86,2021-08-01,2026-03-27,National Payments Corporation of India (NPCI),https://www.npci.org.in/product/cts/product-statistics
2021-22,2021,July,7,21,2021-07-21,0.11,1017.27,2021-08-01,2026-03-27,National Payments Corporation of India (NPCI),https://www.npci.org.in/product/cts/product-statistics
2021-22,2021,July,7,22,2021-07-22,3.11,28414.51,2021-08-01,2026-03-27,National Payments Corporation of India (NPCI),https://www.npci.org.in/product/cts/product-statistics
2021-22,2021,July,7,23,2021-07-23,2.53,23923.99,2021-08-01,2026-03-27,National Payments Corporation of India (NPCI),https://www.npci.org.in/product/cts/product-statistics
2021-22,2021,July,7,24,2021-07-24,0.00,0.00,2021-08-01,2026-03-27,National Payments Corporation of India (NPCI),https://www.npci.org.in/product/cts/product-statistics
2021-22,2021,July,7,25,2021-07-25,0.00,0.00,2021-08-01,2026-03-27,National Payments Corporation of India (NPCI),https://www.npci.org.in/product/cts/product-statistics
2021-22,2021,July,7,26,2021-07-26,3.40,29335.66,2021-08-01,2026-03-27,National Payments Corporation of India (NPCI),https://www.npci.org.in/product/cts/product-statistics
2021-22,2021,July,7,27,2021-07-27,2.82,26120.82,2021-08-01,2026-03-27,National Payments Corporation of India (NPCI),https://www.npci.org.in/product/cts/product-statistics
2021-22,2021,July,7,28,2021-07-28,2.39,22682.06,2021-08-01,2026-03-27,National Payments Corporation of India (NPCI),https://www.npci.org.in/product/cts/product-statistics
2021-22,2021,July,7,29,2021-07-29,2.22,22033.12,2021-08-01,2026-03-27,National Payments Corporation of India (NPCI),https://www.npci.org.in/product/cts/product-statistics
2021-22,2021,July,7,30,2021-07-30,2.19,21986.40,2021-08-01,2026-03-27,National Payments Corporation of India (NPCI),https://www.npci.org.in/product/cts/product-statistics
2021-22,2021,July,7,31,2021-07-31,1.81,19084.09,2021-08-01,2026-03-27,National Payments Corporation of India (NPCI),https://www.npci.org.in/product/cts/product-statistics
2021-22,2021,August,8,1,2021-08-01,0.00,0.00,2021-09-01,2026-03-27,National Payments Corporation of India (NPCI),https://www.npci.org.in/product/cts/product-statistics
2021-22,2021,August,8,2,2021-08-02,2.38,22215.87,2021-09-01,2026-03-27,National Payments Corporation of India (NPCI),https://www.npci.org.in/product/cts/product-statistics
2021-22,2021,August,8,3,2021-08-03,2.44,23801.46,2021-09-01,2026-03-27,National Payments Corporation of India (NPCI),https://www.npci.org.in/product/cts/product-statistics
2021-22,2021,August,8,4,2021-08-04,2.40,22282.99,2021-09-01,2026-03-27,National Payments Corporation of India (NPCI),https://www.npci.org.in/product/cts/product-statistics
2021-22,2021,August,8,5,2021-08-05,2.47,22673.57,2021-09-01,2026-03-27,National Payments Corporation of India (NPCI),https://www.npci.org.in/product/cts/product-statistics
2021-22,2021,August,8,6,2021-08-06,2.37,21727.54,2021-09-01,2026-03-27,National Payments Corporation of India (NPCI),https://www.npci.org.in/product/cts/product-statistics
2021-22,2021,August,8,7,2021-08-07,2.13,19097.44,2021-09-01,2026-03-27,National Payments Corporation of India (NPCI),https://www.npci.org.in/product/cts/product-statistics
2021-22,2021,August,8,8,2021-08-08,0.00,0.00,2021-09-01,2026-03-27,National Payments Corporation of India (NPCI),https://www.npci.org.in/product/cts/product-statistics
2021-22,2021,August,8,9,2021-08-09,2.53,20938.03,2021-09-01,2026-03-27,National Payments Corporation of India (NPCI),https://www.npci.org.in/product/cts/product-statistics
2021-22,2021,August,8,10,2021-08-10,2.82,23603.61,2021-09-01,2026-03-27,National Payments Corporation of India (NPCI),https://www.npci.org.in/product/cts/product-statistics
2021-22,2021,August,8,11,2021-08-11,2.57,23046.34,2021-09-01,2026-03-27,National Payments Corporation of India (NPCI),https://www.npci.org.in/product/cts/product-statistics
2021-22,2021,August,8,12,2021-08-12,2.47,22651.68,2021-09-01,2026-03-27,National Payments Corporation of India (NPCI),https://www.npci.org.in/product/cts/product-statistics
2021-22,2021,August,8,13,2021-08-13,2.42,22439.96,2021-09-01,2026-03-27,National Payments Corporation of India (NPCI),https://www.npci.org.in/product/cts/product-statistics
2021-22,2021,August,8,14,2021-08-14,0.00,0.00,2021-09-01,2026-03-27,National Payments Corporation of India (NPCI),https://www.npci.org.in/product/cts/product-statistics
2021-22,2021,August,8,15,2021-08-15,0.00,0.00,2021-09-01,2026-03-27,National Payments Corporation of India (NPCI),https://www.npci.org.in/product/cts/product-statistics
2021-22,2021,August,8,16,2021-08-16,2.74,23439.56,2021-09-01,2026-03-27,National Payments Corporation of India (NPCI),https://www.npci.org.in/product/cts/product-statistics
2021-22,2021,August,8,17,2021-08-17,3.42,29426.51,2021-09-01,2026-03-27,National Payments Corporation of India (NPCI),https://www.npci.org.in/product/cts/product-statistics
2021-22,2021,August,8,18,2021-08-18,2.73,25170.37,2021-09-01,2026-03-27,National Payments Corporation of India (NPCI),https://www.npci.org.in/product/cts/product-statistics
2021-22,2021,August,8,19,2021-08-19,1.84,17678.61,2021-09-01,2026-03-27,National Payments Corporation of India (NPCI),https://www.npci.org.in/product/cts/product-statistics
2021-22,2021,August,8,20,2021-08-20,1.18,10278.27,2021-09-01,2026-03-27,National Payments Corporation of India (NPCI),https://www.npci.org.in/product/cts/product-statistics
2021-22,2021,August,8,21,2021-08-21,2.70,24559.42,2021-09-01,2026-03-27,National Payments Corporation of India (NPCI),https://www.npci.org.in/product/cts/product-statistics
2021-22,2021,August,8,22,2021-08-22,0.00,0.00,2021-09-01,2026-03-27,National Payments Corporation of India (NPCI),https://www.npci.org.in/product/cts/product-statistics
2021-22,2021,August,8,23,2021-08-23,2.37,21261.17,2021-09-01,2026-03-27,National Payments Corporation of India (NPCI),https://www.npci.org.in/product/cts/product-statistics
2021-22,2021,August,8,24,2021-08-24,2.62,24092.06,2021-09-01,2026-03-27,National Payments Corporation of India (NPCI),https://www.npci.org.in/product/cts/product-statistics
2021-22,2021,August,8,25,2021-08-25,2.61,23994.30,2021-09-01,2026-03-27,National Payments Corporation of India (NPCI),https://www.npci.org.in/product/cts/product-statistics
2021-22,2021,August,8,26,2021-08-26,2.37,22726.22,2021-09-01,2026-03-27,National Payments Corporation of India (NPCI),https://www.npci.org.in/product/cts/product-statistics
2021-22,2021,August,8,27,2021-08-27,2.40,24103.13,2021-09-01,2026-03-27,National Payments Corporation of India (NPCI),https://www.npci.org.in/product/cts/product-statistics
2021-22,2021,August,8,28,2021-08-28,0.00,0.00,2021-09-01,2026-03-27,National Payments Corporation of India (NPCI),https://www.npci.org.in/product/cts/product-statistics
2021-22,2021,August,8,29,2021-08-29,0.00,0.00,2021-09-01,2026-03-27,National Payments Corporation of India (NPCI),https://www.npci.org.in/product/cts/product-statistics
2021-22,2021,August,8,30,2021-08-30,1.72,15039.04,2021-09-01,2026-03-27,National Payments Corporation of India (NPCI),https://www.npci.org.in/product/cts/product-statistics
2021-22,2021,August,8,31,2021-08-31,3.16,27655.39,2021-09-01,2026-03-27,National Payments Corporation of India (NPCI),https://www.npci.org.in/product/cts/product-statistics
2021-22,2021,September,9,1,2021-09-01,2.67,26159.49,2021-10-01,2026-03-27,National Payments Corporation of India (NPCI),https://www.npci.org.in/product/cts/product-statistics
2021-22,2021,September,9,2,2021-09-02,2.42,24180.92,2021-10-01,2026-03-27,National Payments Corporation of India (NPCI),https://www.npci.org.in/product/cts/product-statistics
2021-22,2021,September,9,3,2021-09-03,2.46,24421.17,2021-10-01,2026-03-27,National Payments Corporation of India (NPCI),https://www.npci.org.in/product/cts/product-statistics
2021-22,2021,September,9,4,2021-09-04,2.41,21699.35,2021-10-01,2026-03-27,National Payments Corporation of India (NPCI),https://www.npci.org.in/product/cts/product-statistics
2021-22,2021,September,9,5,2021-09-05,0.00,0.00,2021-10-01,2026-03-27,National Payments Corporation of India (NPCI),https://www.npci.org.in/product/cts/product-statistics
2021-22,2021,September,9,6,2021-09-06,2.76,22212.89,2021-10-01,2026-03-27,National Payments Corporation of India (NPCI),https://www.npci.org.in/product/cts/product-statistics
2021-22,2021,September,9,7,2021-09-07,2.70,24960.14,2021-10-01,2026-03-27,National Payments Corporation of India (NPCI),https://www.npci.org.in/product/cts/product-statistics
2021-22,2021,September,9,8,2021-09-08,2.44,21673.79,2021-10-01,2026-03-27,National Payments Corporation of India (NPCI),https://www.npci.org.in/product/cts/product-statistics
2021-22,2021,September,9,9,2021-09-09,2.53,22838.72,2021-10-01,2026-03-27,National Payments Corporation of India (NPCI),https://www.npci.org.in/product/cts/product-statistics
2021-22,2021,September,9,10,2021-09-10,1.13,9992.81,2021-10-01,2026-03-27,National Payments Corporation of India (NPCI),https://www.npci.org.in/product/cts/product-statistics
2021-22,2021,September,9,11,2021-09-11,0.00,0.00,2021-10-01,2026-03-27,National Payments Corporation of India (NPCI),https://www.npci.org.in/product/cts/product-statistics
2021-22,2021,September,9,12,2021-09-12,0.00,0.00,2021-10-01,2026-03-27,National Payments Corporation of India (NPCI),https://www.npci.org.in/product/cts/product-statistics
2021-22,2021,September,9,13,2021-09-13,4.03,32307.09,2021-10-01,2026-03-27,National Payments Corporation of India (NPCI),https://www.npci.org.in/product/cts/product-statistics
2021-22,2021,September,9,14,2021-09-14,3.14,26550.15,2021-10-01,2026-03-27,National Payments Corporation of India (NPCI),https://www.npci.org.in/product/cts/product-statistics
2021-22,2021,September,9,15,2021-09-15,2.84,24884.27,2021-10-01,2026-03-27,National Payments Corporation of India (NPCI),https://www.npci.org.in/product/cts/product-statistics
2021-22,2021,September,9,16,2021-09-16,2.55,23549.01,2021-10-01,2026-03-27,National Payments Corporation of India (NPCI),https://www.npci.org.in/product/cts/product-statistics
2021-22,2021,September,9,17,2021-09-17,2.30,22325.32,2021-10-01,2026-03-27,National Payments Corporation of India (NPCI),https://www.npci.org.in/product/cts/product-statistics
2021-22,2021,September,9,18,2021-09-18,2.20,20202.13,2021-10-01,2026-03-27,National Payments Corporation of India (NPCI),https://www.npci.org.in/product/cts/product-statistics
2021-22,2021,September,9,19,2021-09-19,0.00,0.00,2021-10-01,2026-03-27,National Payments Corporation of India (NPCI),https://www.npci.org.in/product/cts/product-statistics
2021-22,2021,September,9,20,2021-09-20,2.60,23016.37,2021-10-01,2026-03-27,National Payments Corporation of India (NPCI),https://www.npci.org.in/product/cts/product-statistics
2021-22,2021,September,9,21,2021-09-21,2.48,23331.55,2021-10-01,2026-03-27,National Payments Corporation of India (NPCI),https://www.npci.org.in/product/cts/product-statistics
2021-22,2021,September,9,22,2021-09-22,2.50,22609.14,2021-10-01,2026-03-27,National Payments Corporation of India (NPCI),https://www.npci.org.in/product/cts/product-statistics
2021-22,2021,September,9,23,2021-09-23,2.35,21889.49,2021-10-01,2026-03-27,National Payments Corporation of India (NPCI),https://www.npci.org.in/product/cts/product-statistics
2021-22,2021,September,9,24,2021-09-24,2.32,22205.05,2021-10-01,2026-03-27,National Payments Corporation of India (NPCI),https://www.npci.org.in/product/cts/product-statistics
2021-22,2021,September,9,25,2021-09-25,0.00,0.00,2021-10-01,2026-03-27,National Payments Corporation of India (NPCI),https://www.npci.org.in/product/cts/product-statistics
2021-22,2021,September,9,26,2021-09-26,0.00,0.00,2021-10-01,2026-03-27,National Payments Corporation of India (NPCI),https://www.npci.org.in/product/cts/product-statistics
2021-22,2021,September,9,27,2021-09-27,3.40,29403.96,2021-10-01,2026-03-27,National Payments Corporation of India (NPCI),https://www.npci.org.in/product/cts/product-statistics
2021-22,2021,September,9,28,2021-09-28,3.10,28351.15,2021-10-01,2026-03-27,National Payments Corporation of India (NPCI),https://www.npci.org.in/product/cts/product-statistics
2021-22,2021,September,9,29,2021-09-29,2.58,24540.95,2021-10-01,2026-03-27,National Payments Corporation of India (NPCI),https://www.npci.org.in/product/cts/product-statistics
2021-22,2021,September,9,30,2021-09-30,2.49,23162.85,2021-10-01,2026-03-27,National Payments Corporation of India (NPCI),https://www.npci.org.in/product/cts/product-statistics
2021-22,2021,October,10,1,2021-10-01,2.48,24923.83,2021-11-01,2026-03-27,National Payments Corporation of India (NPCI),https://www.npci.org.in/product/cts/product-statistics
2021-22,2021,October,10,2,2021-10-02,0.00,0.00,2021-11-01,2026-03-27,National Payments Corporation of India (NPCI),https://www.npci.org.in/product/cts/product-statistics
2021-22,2021,October,10,3,2021-10-03,0.00,0.00,2021-11-01,2026-03-27,National Payments Corporation of India (NPCI),https://www.npci.org.in/product/cts/product-statistics
2021-22,2021,October,10,4,2021-10-04,3.54,30494.44,2021-11-01,2026-03-27,National Payments Corporation of India (NPCI),https://www.npci.org.in/product/cts/product-statistics
2021-22,2021,October,10,5,2021-10-05,3.24,29924.59,2021-11-01,2026-03-27,National Payments Corporation of India (NPCI),https://www.npci.org.in/product/cts/product-statistics
2021-22,2021,October,10,6,2021-10-06,2.44,21075.02,2021-11-01,2026-03-27,National Payments Corporation of India (NPCI),https://www.npci.org.in/product/cts/product-statistics
2021-22,2021,October,10,7,2021-10-07,2.71,25528.21,2021-11-01,2026-03-27,National Payments Corporation of India (NPCI),https://www.npci.org.in/product/cts/product-statistics
2021-22,2021,October,10,8,2021-10-08,2.76,25416.17,2021-11-01,2026-03-27,National Payments Corporation of India (NPCI),https://www.npci.org.in/product/cts/product-statistics
2021-22,2021,October,10,9,2021-10-09,0.00,0.00,2021-11-01,2026-03-27,National Payments Corporation of India (NPCI),https://www.npci.org.in/product/cts/product-statistics
2021-22,2021,October,10,10,2021-10-10,0.00,0.00,2021-11-01,2026-03-27,National Payments Corporation of India (NPCI),https://www.npci.org.in/product/cts/product-statistics
2021-22,2021,October,10,11,2021-10-11,4.11,34532.85,2021-11-01,2026-03-27,National Payments Corporation of India (NPCI),https://www.npci.org.in/product/cts/product-statistics
2021-22,2021,October,10,12,2021-10-12,3.12,27676.57,2021-11-01,2026-03-27,National Payments Corporation of India (NPCI),https://www.npci.org.in/product/cts/product-statistics
2021-22,2021,October,10,13,2021-10-13,2.64,25075.06,2021-11-01,2026-03-27,National Payments Corporation of India (NPCI),https://www.npci.org.in/product/cts/product-statistics
2021-22,2021,October,10,14,2021-10-14,1.80,17172.07,2021-11-01,2026-03-27,National Payments Corporation of India (NPCI),https://www.npci.org.in/product/cts/product-statistics
2021-22,2021,October,10,15,2021-10-15,0.01,128.98,2021-11-01,2026-03-27,National Payments Corporation of India (NPCI),https://www.npci.org.in/product/cts/product-statistics
2021-22,2021,October,10,16,2021-10-16,3.16,26621.60,2021-11-01,2026-03-27,National Payments Corporation of India (NPCI),https://www.npci.org.in/product/cts/product-statistics
2021-22,2021,October,10,17,2021-10-17,0.00,0.00,2021-11-01,2026-03-27,National Payments Corporation of India (NPCI),https://www.npci.org.in/product/cts/product-statistics
2021-22,2021,October,10,18,2021-10-18,2.97,25491.26,2021-11-01,2026-03-27,National Payments Corporation of India (NPCI),https://www.npci.org.in/product/cts/product-statistics
2021-22,2021,October,10,19,2021-10-19,0.65,5791.83,2021-11-01,2026-03-27,National Payments Corporation of India (NPCI),https://www.npci.org.in/product/cts/product-statistics
2021-22,2021,October,10,20,2021-10-20,3.25,28470.21,2021-11-01,2026-03-27,National Payments Corporation of India (NPCI),https://www.npci.org.in/product/cts/product-statistics
2021-22,2021,October,10,21,2021-10-21,3.26,29903.10,2021-11-01,2026-03-27,National Payments Corporation of India (NPCI),https://www.npci.org.in/product/cts/product-statistics
2021-22,2021,October,10,22,2021-10-22,2.83,26863.48,2021-11-01,2026-03-27,National Payments Corporation of India (NPCI),https://www.npci.org.in/product/cts/product-statistics
2021-22,2021,October,10,23,2021-10-23,0.00,0.00,2021-11-01,2026-03-27,National Payments Corporation of India (NPCI),https://www.npci.org.in/product/cts/product-statistics
2021-22,2021,October,10,24,2021-10-24,0.00,0.00,2021-11-01,2026-03-27,National Payments Corporation of India (NPCI),https://www.npci.org.in/product/cts/product-statistics
2021-22,2021,October,10,25,2021-10-25,4.22,37422.56,2021-11-01,2026-03-27,National Payments Corporation of India (NPCI),https://www.npci.org.in/product/cts/product-statistics
2021-22,2021,October,10,26,2021-10-26,3.36,32262.18,2021-11-01,2026-03-27,National Payments Corporation of India (NPCI),https://www.npci.org.in/product/cts/product-statistics
2021-22,2021,October,10,27,2021-10-27,2.91,28163.29,2021-11-01,2026-03-27,National Payments Corporation of India (NPCI),https://www.npci.org.in/product/cts/product-statistics
2021-22,2021,October,10,28,2021-10-28,2.79,27735.19,2021-11-01,2026-03-27,National Payments Corporation of India (NPCI),https://www.npci.org.in/product/cts/product-statistics
2021-22,2021,October,10,29,2021-10-29,2.65,26549.43,2021-11-01,2026-03-27,National Payments Corporation of India (NPCI),https://www.npci.org.in/product/cts/product-statistics
2021-22,2021,October,10,30,2021-10-30,2.62,25381.95,2021-11-01,2026-03-27,National Payments Corporation of India (NPCI),https://www.npci.org.in/product/cts/product-statistics
2021-22,2021,October,10,31,2021-10-31,0.00,0.00,2021-11-01,2026-03-27,National Payments Corporation of India (NPCI),https://www.npci.org.in/product/cts/product-statistics
2021-22,2021,November,11,1,2021-11-01,2.94,27082.56,2021-12-01,2026-03-27,National Payments Corporation of India (NPCI),https://www.npci.org.in/product/cts/product-statistics
2021-22,2021,November,11,2,2021-11-02,3.00,28459.56,2021-12-01,2026-03-27,National Payments Corporation of India (NPCI),https://www.npci.org.in/product/cts/product-statistics
2021-22,2021,November,11,3,2021-11-03,2.34,22276.73,2021-12-01,2026-03-27,National Payments Corporation of India (NPCI),https://www.npci.org.in/product/cts/product-statistics
2021-22,2021,November,11,4,2021-11-04,0.19,2167.48,2021-12-01,2026-03-27,National Payments Corporation of India (NPCI),https://www.npci.org.in/product/cts/product-statistics
2021-22,2021,November,11,5,2021-11-05,1.01,8857.86,2021-12-01,2026-03-27,National Payments Corporation of India (NPCI),https://www.npci.org.in/product/cts/product-statistics
2021-22,2021,November,11,6,2021-11-06,1.87,14393.05,2021-12-01,2026-03-27,National Payments Corporation of India (NPCI),https://www.npci.org.in/product/cts/product-statistics
2021-22,2021,November,11,7,2021-11-07,0.00,0.00,2021-12-01,2026-03-27,National Payments Corporation of India (NPCI),https://www.npci.org.in/product/cts/product-statistics
2021-22,2021,November,11,8,2021-11-08,2.27,19873.59,2021-12-01,2026-03-27,National Payments Corporation of India (NPCI),https://www.npci.org.in/product/cts/product-statistics
2021-22,2021,November,11,9,2021-11-09,2.49,23168.21,2021-12-01,2026-03-27,National Payments Corporation of India (NPCI),https://www.npci.org.in/product/cts/product-statistics
2021-22,2021,November,11,10,2021-11-10,2.37,21554.84,2021-12-01,2026-03-27,National Payments Corporation of India (NPCI),https://www.npci.org.in/product/cts/product-statistics
2021-22,2021,November,11,11,2021-11-11,2.31,21415.48,2021-12-01,2026-03-27,National Payments Corporation of India (NPCI),https://www.npci.org.in/product/cts/product-statistics
2021-22,2021,November,11,12,2021-11-12,2.44,22978.90,2021-12-01,2026-03-27,National Payments Corporation of India (NPCI),https://www.npci.org.in/product/cts/product-statistics
2021-22,2021,November,11,13,2021-11-13,0.00,0.00,2021-12-01,2026-03-27,National Payments Corporation of India (NPCI),https://www.npci.org.in/product/cts/product-statistics
2021-22,2021,November,11,14,2021-11-14,0.00,0.00,2021-12-01,2026-03-27,National Payments Corporation of India (NPCI),https://www.npci.org.in/product/cts/product-statistics
2021-22,2021,November,11,15,2021-11-15,3.65,31113.09,2021-12-01,2026-03-27,National Payments Corporation of India (NPCI),https://www.npci.org.in/product/cts/product-statistics
2021-22,2021,November,11,16,2021-11-16,3.02,27530.92,2021-12-01,2026-03-27,National Payments Corporation of India (NPCI),https://www.npci.org.in/product/cts/product-statistics
2021-22,2021,November,11,17,2021-11-17,2.62,24487.18,2021-12-01,2026-03-27,National Payments Corporation of India (NPCI),https://www.npci.org.in/product/cts/product-statistics
2021-22,2021,November,11,18,2021-11-18,2.41,23214.16,2021-12-01,2026-03-27,National Payments Corporation of India (NPCI),https://www.npci.org.in/product/cts/product-statistics
2021-22,2021,November,11,19,2021-11-19,0.81,7352.00,2021-12-01,2026-03-27,National Payments Corporation of India (NPCI),https://www.npci.org.in/product/cts/product-statistics
2021-22,2021,November,11,20,2021-11-20,2.76,24415.43,2021-12-01,2026-03-27,National Payments Corporation of India (NPCI),https://www.npci.org.in/product/cts/product-statistics
2021-22,2021,November,11,21,2021-11-21,0.00,0.00,2021-12-01,2026-03-27,National Payments Corporation of India (NPCI),https://www.npci.org.in/product/cts/product-statistics
2021-22,2021,November,11,22,2021-11-22,2.57,22080.19,2021-12-01,2026-03-27,National Payments Corporation of India (NPCI),https://www.npci.org.in/product/cts/product-statistics
2021-22,2021,November,11,23,2021-11-23,2.70,25554.70,2021-12-01,2026-03-27,National Payments Corporation of India (NPCI),https://www.npci.org.in/product/cts/product-statistics
2021-22,2021,November,11,24,2021-11-24,2.49,23848.53,2021-12-01,2026-03-27,National Payments Corporation of India (NPCI),https://www.npci.org.in/product/cts/product-statistics
2021-22,2021,November,11,25,2021-11-25,2.46,24966.32,2021-12-01,2026-03-27,National Payments Corporation of India (NPCI),https://www.npci.org.in/product/cts/product-statistics
2021-22,2021,November,11,26,2021-11-26,2.41,24301.56,2021-12-01,2026-03-27,National Payments Corporation of India (NPCI),https://www.npci.org.in/product/cts/product-statistics
2021-22,2021,November,11,27,2021-11-27,0.00,0.00,2021-12-01,2026-03-27,National Payments Corporation of India (NPCI),https://www.npci.org.in/product/cts/product-statistics
2021-22,2021,November,11,28,2021-11-28,0.00,0.00,2021-12-01,2026-03-27,National Payments Corporation of India (NPCI),https://www.npci.org.in/product/cts/product-statistics
2021-22,2021,November,11,29,2021-11-29,3.57,32880.67,2021-12-01,2026-03-27,National Payments Corporation of India (NPCI),https://www.npci.org.in/product/cts/product-statistics
2021-22,2021,November,11,30,2021-11-30,3.00,29249.90,2021-12-01,2026-03-27,National Payments Corporation of India (NPCI),https://www.npci.org.in/product/cts/product-statistics
2021-22,2021,December,12,1,2021-12-01,2.53,26332.22,2022-01-01,2026-03-27,National Payments Corporation of India (NPCI),https://www.npci.org.in/product/cts/product-statistics
2021-22,2021,December,12,2,2021-12-02,2.34,24797.33,2022-01-01,2026-03-27,National Payments Corporation of India (NPCI),https://www.npci.org.in/product/cts/product-statistics
2021-22,2021,December,12,3,2021-12-03,2.30,23671.75,2022-01-01,2026-03-27,National Payments Corporation of India (NPCI),https://www.npci.org.in/product/cts/product-statistics
2021-22,2021,December,12,4,2021-12-04,2.38,22260.68,2022-01-01,2026-03-27,National Payments Corporation of India (NPCI),https://www.npci.org.in/product/cts/product-statistics
2021-22,2021,December,12,5,2021-12-05,0.00,0.00,2022-01-01,2026-03-27,National Payments Corporation of India (NPCI),https://www.npci.org.in/product/cts/product-statistics
2021-22,2021,December,12,6,2021-12-06,2.85,24029.11,2022-01-01,2026-03-27,National Payments Corporation of India (NPCI),https://www.npci.org.in/product/cts/product-statistics
2021-22,2021,December,12,7,2021-12-07,2.70,24984.23,2022-01-01,2026-03-27,National Payments Corporation of India (NPCI),https://www.npci.org.in/product/cts/product-statistics
2021-22,2021,December,12,8,2021-12-08,2.47,23346.47,2022-01-01,2026-03-27,National Payments Corporation of India (NPCI),https://www.npci.org.in/product/cts/product-statistics
2021-22,2021,December,12,9,2021-12-09,2.53,23818.76,2022-01-01,2026-03-27,National Payments Corporation of India (NPCI),https://www.npci.org.in/product/cts/product-statistics
2021-22,2021,December,12,10,2021-12-10,2.71,24336.61,2022-01-01,2026-03-27,National Payments Corporation of India (NPCI),https://www.npci.org.in/product/cts/product-statistics
2021-22,2021,December,12,11,2021-12-11,0.00,0.00,2022-01-01,2026-03-27,National Payments Corporation of India (NPCI),https://www.npci.org.in/product/cts/product-statistics
2021-22,2021,December,12,12,2021-12-12,0.00,0.00,2022-01-01,2026-03-27,National Payments Corporation of India (NPCI),https://www.npci.org.in/product/cts/product-statistics
2021-22,2021,December,12,13,2021-12-13,3.77,31975.27,2022-01-01,2026-03-27,National Payments Corporation of India (NPCI),https://www.npci.org.in/product/cts/product-statistics
2021-22,2021,December,12,14,2021-12-14,3.06,28697.68,2022-01-01,2026-03-27,National Payments Corporation of India (NPCI),https://www.npci.org.in/product/cts/product-statistics
2021-22,2021,December,12,15,2021-12-15,2.64,28780.67,2022-01-01,2026-03-27,National Payments Corporation of India (NPCI),https://www.npci.org.in/product/cts/product-statistics
2021-22,2021,December,12,16,2021-12-16,1.33,13801.32,2022-01-01,2026-03-27,National Payments Corporation of India (NPCI),https://www.npci.org.in/product/cts/product-statistics
2021-22,2021,December,12,17,2021-12-17,1.72,16689.10,2022-01-01,2026-03-27,National Payments Corporation of India (NPCI),https://www.npci.org.in/product/cts/product-statistics
2021-22,2021,December,12,18,2021-12-18,3.37,30207.05,2022-01-01,2026-03-27,National Payments Corporation of India (NPCI),https://www.npci.org.in/product/cts/product-statistics
2021-22,2021,December,12,19,2021-12-19,0.00,0.00,2022-01-01,2026-03-27,National Payments Corporation of India (NPCI),https://www.npci.org.in/product/cts/product-statistics
2021-22,2021,December,12,20,2021-12-20,3.33,29920.13,2022-01-01,2026-03-27,National Payments Corporation of India (NPCI),https://www.npci.org.in/product/cts/product-statistics
2021-22,2021,December,12,21,2021-12-21,3.00,28700.93,2022-01-01,2026-03-27,National Payments Corporation of India (NPCI),https://www.npci.org.in/product/cts/product-statistics
2021-22,2021,December,12,22,2021-12-22,2.67,26139.74,2022-01-01,2026-03-27,National Payments Corporation of India (NPCI),https://www.npci.org.in/product/cts/product-statistics
2021-22,2021,December,12,23,2021-12-23,2.48,25570.09,2022-01-01,2026-03-27,National Payments Corporation of India (NPCI),https://www.npci.org.in/product/cts/product-statistics
2021-22,2021,December,12,24,2021-12-24,2.39,25113.61,2022-01-01,2026-03-27,National Payments Corporation of India (NPCI),https://www.npci.org.in/product/cts/product-statistics
2021-22,2021,December,12,25,2021-12-25,0.00,0.00,2022-01-01,2026-03-27,National Payments Corporation of India (NPCI),https://www.npci.org.in/product/cts/product-statistics
2021-22,2021,December,12,26,2021-12-26,0.00,0.00,2022-01-01,2026-03-27,National Payments Corporation of India (NPCI),https://www.npci.org.in/product/cts/product-statistics
2021-22,2021,December,12,27,2021-12-27,3.58,33039.58,2022-01-01,2026-03-27,National Payments Corporation of India (NPCI),https://www.npci.org.in/product/cts/product-statistics
2021-22,2021,December,12,28,2021-12-28,2.87,27708.46,2022-01-01,2026-03-27,National Payments Corporation of India (NPCI),https://www.npci.org.in/product/cts/product-statistics
2021-22,2021,December,12,29,2021-12-29,2.44,25900.01,2022-01-01,2026-03-27,National Payments Corporation of India (NPCI),https://www.npci.org.in/product/cts/product-statistics
2021-22,2021,December,12,30,2021-12-30,2.42,26277.72,2022-01-01,2026-03-27,National Payments Corporation of India (NPCI),https://www.npci.org.in/product/cts/product-statistics
2021-22,2021,December,12,31,2021-12-31,2.15,24856.65,2022-01-01,2026-03-27,National Payments Corporation of India (NPCI),https://www.npci.org.in/product/cts/product-statistics
2021-22,2022,January,1,1,2022-01-01,1.66,18693.51,2022-02-01,2026-03-27,National Payments Corporation of India (NPCI),https://www.npci.org.in/product/cts/product-statistics
2021-22,2022,January,1,2,2022-01-02,0.00,0.00,2022-02-01,2026-03-27,National Payments Corporation of India (NPCI),https://www.npci.org.in/product/cts/product-statistics
2021-22,2022,January,1,3,2022-01-03,2.38,22420.10,2022-02-01,2026-03-27,National Payments Corporation of India (NPCI),https://www.npci.org.in/product/cts/product-statistics
2021-22,2022,January,1,4,2022-01-04,2.64,25568.10,2022-02-01,2026-03-27,National Payments Corporation of India (NPCI),https://www.npci.org.in/product/cts/product-statistics
2021-22,2022,January,1,5,2022-01-05,2.66,26491.00,2022-02-01,2026-03-27,National Payments Corporation of India (NPCI),https://www.npci.org.in/product/cts/product-statistics
2021-22,2022,January,1,6,2022-01-06,2.52,25043.72,2022-02-01,2026-03-27,National Payments Corporation of India (NPCI),https://www.npci.org.in/product/cts/product-statistics
2021-22,2022,January,1,7,2022-01-07,2.54,24483.50,2022-02-01,2026-03-27,National Payments Corporation of India (NPCI),https://www.npci.org.in/product/cts/product-statistics
2021-22,2022,January,1,8,2022-01-08,0.00,0.00,2022-02-01,2026-03-27,National Payments Corporation of India (NPCI),https://www.npci.org.in/product/cts/product-statistics
2021-22,2022,January,1,9,2022-01-09,0.00,0.00,2022-02-01,2026-03-27,National Payments Corporation of India (NPCI),https://www.npci.org.in/product/cts/product-statistics
2021-22,2022,January,1,10,2022-01-10,3.92,31864.34,2022-02-01,2026-03-27,National Payments Corporation of India (NPCI),https://www.npci.org.in/product/cts/product-statistics
2021-22,2022,January,1,11,2022-01-11,3.18,27248.06,2022-02-01,2026-03-27,National Payments Corporation of India (NPCI),https://www.npci.org.in/product/cts/product-statistics
2021-22,2022,January,1,12,2022-01-12,2.61,23783.21,2022-02-01,2026-03-27,National Payments Corporation of India (NPCI),https://www.npci.org.in/product/cts/product-statistics
2021-22,2022,January,1,13,2022-01-13,2.55,23998.91,2022-02-01,2026-03-27,National Payments Corporation of India (NPCI),https://www.npci.org.in/product/cts/product-statistics
2021-22,2022,January,1,14,2022-01-14,1.67,15684.15,2022-02-01,2026-03-27,National Payments Corporation of India (NPCI),https://www.npci.org.in/product/cts/product-statistics
2021-22,2022,January,1,15,2022-01-15,1.76,14874.25,2022-02-01,2026-03-27,National Payments Corporation of India (NPCI),https://www.npci.org.in/product/cts/product-statistics
2021-22,2022,January,1,16,2022-01-16,0.00,0.00,2022-02-01,2026-03-27,National Payments Corporation of India (NPCI),https://www.npci.org.in/product/cts/product-statistics
2021-22,2022,January,1,17,2022-01-17,2.64,22423.75,2022-02-01,2026-03-27,National Payments Corporation of India (NPCI),https://www.npci.org.in/product/cts/product-statistics
2021-22,2022,January,1,18,2022-01-18,2.44,22469.85,2022-02-01,2026-03-27,National Payments Corporation of India (NPCI),https://www.npci.org.in/product/cts/product-statistics
2021-22,2022,January,1,19,2022-01-19,2.55,23429.94,2022-02-01,2026-03-27,National Payments Corporation of India (NPCI),https://www.npci.org.in/product/cts/product-statistics
2021-22,2022,January,1,20,2022-01-20,2.55,23649.37,2022-02-01,2026-03-27,National Payments Corporation of India (NPCI),https://www.npci.org.in/product/cts/product-statistics
2021-22,2022,January,1,21,2022-01-21,2.38,23402.83,2022-02-01,2026-03-27,National Payments Corporation of India (NPCI),https://www.npci.org.in/product/cts/product-statistics
2021-22,2022,January,1,22,2022-01-22,0.00,0.00,2022-02-01,2026-03-27,National Payments Corporation of India (NPCI),https://www.npci.org.in/product/cts/product-statistics
2021-22,2022,January,1,23,2022-01-23,0.00,0.00,2022-02-01,2026-03-27,National Payments Corporation of India (NPCI),https://www.npci.org.in/product/cts/product-statistics
2021-22,2022,January,1,24,2022-01-24,3.46,30830.73,2022-02-01,2026-03-27,National Payments Corporation of India (NPCI),https://www.npci.org.in/product/cts/product-statistics
2021-22,2022,January,1,25,2022-01-25,2.99,27904.01,2022-02-01,2026-03-27,National Payments Corporation of India (NPCI),https://www.npci.org.in/product/cts/product-statistics
2021-22,2022,January,1,26,2022-01-26,0.00,0.00,2022-02-01,2026-03-27,National Payments Corporation of India (NPCI),https://www.npci.org.in/product/cts/product-statistics
2021-22,2022,January,1,27,2022-01-27,3.08,28420.57,2022-02-01,2026-03-27,National Payments Corporation of India (NPCI),https://www.npci.org.in/product/cts/product-statistics
2021-22,2022,January,1,28,2022-01-28,2.69,26895.38,2022-02-01,2026-03-27,National Payments Corporation of India (NPCI),https://www.npci.org.in/product/cts/product-statistics
2021-22,2022,January,1,29,2022-01-29,2.27,23177.83,2022-02-01,2026-03-27,National Payments Corporation of India (NPCI),https://www.npci.org.in/product/cts/product-statistics
2021-22,2022,January,1,30,2022-01-30,0.00,0.00,2022-02-01,2026-03-27,National Payments Corporation of India (NPCI),https://www.npci.org.in/product/cts/product-statistics
2021-22,2022,January,1,31,2022-01-31,2.59,24964.18,2022-02-01,2026-03-27,National Payments Corporation of India (NPCI),https://www.npci.org.in/product/cts/product-statistics
2021-22,2022,February,2,1,2022-02-01,2.60,27121.10,2022-03-01,2026-03-27,National Payments Corporation of India (NPCI),https://www.npci.org.in/product/cts/product-statistics
2021-22,2022,February,2,2,2022-02-02,2.53,25675.48,2022-03-01,2026-03-27,National Payments Corporation of India (NPCI),https://www.npci.org.in/product/cts/product-statistics
2021-22,2022,February,2,3,2022-02-03,2.41,24085.40,2022-03-01,2026-03-27,National Payments Corporation of India (NPCI),https://www.npci.org.in/product/cts/product-statistics
2021-22,2022,February,2,4,2022-02-04,2.44,24385.54,2022-03-01,2026-03-27,National Payments Corporation of India (NPCI),https://www.npci.org.in/product/cts/product-statistics
2021-22,2022,February,2,5,2022-02-05,2.24,20422.84,2022-03-01,2026-03-27,National Payments Corporation of India (NPCI),https://www.npci.org.in/product/cts/product-statistics
2021-22,2022,February,2,6,2022-02-06,0.00,0.00,2022-03-01,2026-03-27,National Payments Corporation of India (NPCI),https://www.npci.org.in/product/cts/product-statistics
2021-22,2022,February,2,7,2022-02-07,2.04,19963.70,2022-03-01,2026-03-27,National Payments Corporation of India (NPCI),https://www.npci.org.in/product/cts/product-statistics
2021-22,2022,February,2,8,2022-02-08,2.99,26618.70,2022-03-01,2026-03-27,National Payments Corporation of India (NPCI),https://www.npci.org.in/product/cts/product-statistics
2021-22,2022,February,2,9,2022-02-09,2.71,25086.70,2022-03-01,2026-03-27,National Payments Corporation of India (NPCI),https://www.npci.org.in/product/cts/product-statistics
2021-22,2022,February,2,10,2022-02-10,2.69,23667.70,2022-03-01,2026-03-27,National Payments Corporation of India (NPCI),https://www.npci.org.in/product/cts/product-statistics
2021-22,2022,February,2,11,2022-02-11,2.54,23834.88,2022-03-01,2026-03-27,National Payments Corporation of India (NPCI),https://www.npci.org.in/product/cts/product-statistics
2021-22,2022,February,2,12,2022-02-12,0.00,0.00,2022-03-01,2026-03-27,National Payments Corporation of India (NPCI),https://www.npci.org.in/product/cts/product-statistics
2021-22,2022,February,2,13,2022-02-13,0.00,0.00,2022-03-01,2026-03-27,National Payments Corporation of India (NPCI),https://www.npci.org.in/product/cts/product-statistics
2021-22,2022,February,2,14,2022-02-14,3.70,32270.69,2022-03-01,2026-03-27,National Payments Corporation of India (NPCI),https://www.npci.org.in/product/cts/product-statistics
2021-22,2022,February,2,15,2022-02-15,3.08,27661.77,2022-03-01,2026-03-27,National Payments Corporation of India (NPCI),https://www.npci.org.in/product/cts/product-statistics
2021-22,2022,February,2,16,2022-02-16,2.76,85245.90,2022-03-01,2026-03-27,National Payments Corporation of India (NPCI),https://www.npci.org.in/product/cts/product-statistics
2021-22,2022,February,2,17,2022-02-17,2.59,24788.91,2022-03-01,2026-03-27,National Payments Corporation of India (NPCI),https://www.npci.org.in/product/cts/product-statistics
2021-22,2022,February,2,18,2022-02-18,2.42,23450.45,2022-03-01,2026-03-27,National Payments Corporation of India (NPCI),https://www.npci.org.in/product/cts/product-statistics
2021-22,2022,February,2,19,2022-02-19,1.47,14906.65,2022-03-01,2026-03-27,National Payments Corporation of India (NPCI),https://www.npci.org.in/product/cts/product-statistics
2021-22,2022,February,2,20,2022-02-20,0.00,0.00,2022-03-01,2026-03-27,National Payments Corporation of India (NPCI),https://www.npci.org.in/product/cts/product-statistics
2021-22,2022,February,2,21,2022-02-21,2.96,26146.40,2022-03-01,2026-03-27,National Payments Corporation of India (NPCI),https://www.npci.org.in/product/cts/product-statistics
2021-22,2022,February,2,22,2022-02-22,2.79,26384.93,2022-03-01,2026-03-27,National Payments Corporation of India (NPCI),https://www.npci.org.in/product/cts/product-statistics
2021-22,2022,February,2,23,2022-02-23,2.49,24785.86,2022-03-01,2026-03-27,National Payments Corporation of India (NPCI),https://www.npci.org.in/product/cts/product-statistics
2021-22,2022,February,2,24,2022-02-24,2.24,23342.91,2022-03-01,2026-03-27,National Payments Corporation of India (NPCI),https://www.npci.org.in/product/cts/product-statistics
2021-22,2022,February,2,25,2022-02-25,2.61,27233.58,2022-03-01,2026-03-27,National Payments Corporation of India (NPCI),https://www.npci.org.in/product/cts/product-statistics
2021-22,2022,February,2,26,2022-02-26,0.00,0.00,2022-03-01,2026-03-27,National Payments Corporation of India (NPCI),https://www.npci.org.in/product/cts/product-statistics
2021-22,2022,February,2,27,2022-02-27,0.00,0.00,2022-03-01,2026-03-27,National Payments Corporation of India (NPCI),https://www.npci.org.in/product/cts/product-statistics
2021-22,2022,February,2,28,2022-02-28,3.89,38240.76,2022-03-01,2026-03-27,National Payments Corporation of India (NPCI),https://www.npci.org.in/product/cts/product-statistics
2021-22,2022,March,3,1,2022-03-01,0.91,8443.83,2022-04-01,2026-03-27,National Payments Corporation of India (NPCI),https://www.npci.org.in/product/cts/product-statistics
2021-22,2022,March,3,2,2022-03-02,3.67,36156.27,2022-04-01,2026-03-27,National Payments Corporation of India (NPCI),https://www.npci.org.in/product/cts/product-statistics
2021-22,2022,March,3,3,2022-03-03,3.08,30521.39,2022-04-01,2026-03-27,National Payments Corporation of India (NPCI),https://www.npci.org.in/product/cts/product-statistics
2021-22,2022,March,3,4,2022-03-04,2.83,27386.79,2022-04-01,2026-03-27,National Payments Corporation of India (NPCI),https://www.npci.org.in/product/cts/product-statistics
2021-22,2022,March,3,5,2022-03-05,2.71,25372.84,2022-04-01,2026-03-27,National Payments Corporation of India (NPCI),https://www.npci.org.in/product/cts/product-statistics
2021-22,2022,March,3,6,2022-03-06,0.00,0.00,2022-04-01,2026-03-27,National Payments Corporation of India (NPCI),https://www.npci.org.in/product/cts/product-statistics
2021-22,2022,March,3,7,2022-03-07,2.88,25486.73,2022-04-01,2026-03-27,National Payments Corporation of India (NPCI),https://www.npci.org.in/product/cts/product-statistics
2021-22,2022,March,3,8,2022-03-08,2.93,28521.81,2022-04-01,2026-03-27,National Payments Corporation of India (NPCI),https://www.npci.org.in/product/cts/product-statistics
2021-22,2022,March,3,9,2022-03-09,2.85,26880.50,2022-04-01,2026-03-27,National Payments Corporation of India (NPCI),https://www.npci.org.in/product/cts/product-statistics
2021-22,2022,March,3,10,2022-03-10,2.95,27432.22,2022-04-01,2026-03-27,National Payments Corporation of India (NPCI),https://www.npci.org.in/product/cts/product-statistics
2021-22,2022,March,3,11,2022-03-11,2.83,27008.71,2022-04-01,2026-03-27,National Payments Corporation of India (NPCI),https://www.npci.org.in/product/cts/product-statistics
2021-22,2022,March,3,12,2022-03-12,0.00,0.00,2022-04-01,2026-03-27,National Payments Corporation of India (NPCI),https://www.npci.org.in/product/cts/product-statistics
2021-22,2022,March,3,13,2022-03-13,0.00,0.00,2022-04-01,2026-03-27,National Payments Corporation of India (NPCI),https://www.npci.org.in/product/cts/product-statistics
2021-22,2022,March,3,14,2022-03-14,4.14,36580.06,2022-04-01,2026-03-27,National Payments Corporation of India (NPCI),https://www.npci.org.in/product/cts/product-statistics
2021-22,2022,March,3,15,2022-03-15,3.54,32406.39,2022-04-01,2026-03-27,National Payments Corporation of India (NPCI),https://www.npci.org.in/product/cts/product-statistics
2021-22,2022,March,3,16,2022-03-16,3.03,28839.03,2022-04-01,2026-03-27,National Payments Corporation of India (NPCI),https://www.npci.org.in/product/cts/product-statistics
2021-22,2022,March,3,17,2022-03-17,2.53,25485.40,2022-04-01,2026-03-27,National Payments Corporation of India (NPCI),https://www.npci.org.in/product/cts/product-statistics
2021-22,2022,March,3,18,2022-03-18,0.45,5182.13,2022-04-01,2026-03-27,National Payments Corporation of India (NPCI),https://www.npci.org.in/product/cts/product-statistics
2021-22,2022,March,3,19,2022-03-19,2.13,20088.99,2022-04-01,2026-03-27,National Payments Corporation of India (NPCI),https://www.npci.org.in/product/cts/product-statistics
2021-22,2022,March,3,20,2022-03-20,0.00,0.00,2022-04-01,2026-03-27,National Payments Corporation of India (NPCI),https://www.npci.org.in/product/cts/product-statistics
2021-22,2022,March,3,21,2022-03-21,2.97,27537.93,2022-04-01,2026-03-27,National Payments Corporation of India (NPCI),https://www.npci.org.in/product/cts/product-statistics
2021-22,2022,March,3,22,2022-03-22,2.91,30063.19,2022-04-01,2026-03-27,National Payments Corporation of India (NPCI),https://www.npci.org.in/product/cts/product-statistics
2021-22,2022,March,3,23,2022-03-23,2.82,28614.37,2022-04-01,2026-03-27,National Payments Corporation of India (NPCI),https://www.npci.org.in/product/cts/product-statistics
2021-22,2022,March,3,24,2022-03-24,2.72,30785.46,2022-04-01,2026-03-27,National Payments Corporation of India (NPCI),https://www.npci.org.in/product/cts/product-statistics
2021-22,2022,March,3,25,2022-03-25,2.95,32540.77,2022-04-01,2026-03-27,National Payments Corporation of India (NPCI),https://www.npci.org.in/product/cts/product-statistics
2021-22,2022,March,3,26,2022-03-26,0.00,0.00,2022-04-01,2026-03-27,National Payments Corporation of India (NPCI),https://www.npci.org.in/product/cts/product-statistics
2021-22,2022,March,3,27,2022-03-27,0.00,0.00,2022-04-01,2026-03-27,National Payments Corporation of India (NPCI),https://www.npci.org.in/product/cts/product-statistics
2021-22,2022,March,3,28,2022-03-28,3.02,30549.73,2022-04-01,2026-03-27,National Payments Corporation of India (NPCI),https://www.npci.org.in/product/cts/product-statistics
2021-22,2022,March,3,29,2022-03-29,2.72,29895.27,2022-04-01,2026-03-27,National Payments Corporation of India (NPCI),https://www.npci.org.in/product/cts/product-statistics
2021-22,2022,March,3,30,2022-03-30,3.92,41117.62,2022-04-01,2026-03-27,National Payments Corporation of India (NPCI),https://www.npci.org.in/product/cts/product-statistics
2021-22,2022,March,3,31,2022-03-31,2.79,31437.84,2022-04-01,2026-03-27,National Payments Corporation of India (NPCI),https://www.npci.org.in/product/cts/product-statistics
2022-23,2022,April,4,1,2022-04-01,0.00,0.00,2022-05-01,2026-03-27,National Payments Corporation of India (NPCI),https://www.npci.org.in/product/cts/product-statistics
2022-23,2022,April,4,2,2022-04-02,20.09,25067.92,2022-05-01,2026-03-27,National Payments Corporation of India (NPCI),https://www.npci.org.in/product/cts/product-statistics
2022-23,2022,April,4,3,2022-04-03,0.00,0.00,2022-05-01,2026-03-27,National Payments Corporation of India (NPCI),https://www.npci.org.in/product/cts/product-statistics
2022-23,2022,April,4,4,2022-04-04,39.46,47096.06,2022-05-01,2026-03-27,National Payments Corporation of India (NPCI),https://www.npci.org.in/product/cts/product-statistics
2022-23,2022,April,4,5,2022-04-05,34.19,38604.51,2022-05-01,2026-03-27,National Payments Corporation of India (NPCI),https://www.npci.org.in/product/cts/product-statistics
2022-23,2022,April,4,6,2022-04-06,29.54,35863.04,2022-05-01,2026-03-27,National Payments Corporation of India (NPCI),https://www.npci.org.in/product/cts/product-statistics
2022-23,2022,April,4,7,2022-04-07,26.88,31376.96,2022-05-01,2026-03-27,National Payments Corporation of India (NPCI),https://www.npci.org.in/product/cts/product-statistics
2022-23,2022,April,4,8,2022-04-08,26.90,29900.28,2022-05-01,2026-03-27,National Payments Corporation of India (NPCI),https://www.npci.org.in/product/cts/product-statistics
2022-23,2022,April,4,9,2022-04-09,0.00,0.00,2022-05-01,2026-03-27,National Payments Corporation of India (NPCI),https://www.npci.org.in/product/cts/product-statistics
2022-23,2022,April,4,10,2022-04-10,0.00,0.00,2022-05-01,2026-03-27,National Payments Corporation of India (NPCI),https://www.npci.org.in/product/cts/product-statistics
2022-23,2022,April,4,11,2022-04-11,40.31,38960.07,2022-05-01,2026-03-27,National Payments Corporation of India (NPCI),https://www.npci.org.in/product/cts/product-statistics
2022-23,2022,April,4,12,2022-04-12,33.23,33321.31,2022-05-01,2026-03-27,National Payments Corporation of India (NPCI),https://www.npci.org.in/product/cts/product-statistics
2022-23,2022,April,4,13,2022-04-13,29.19,31302.46,2022-05-01,2026-03-27,National Payments Corporation of India (NPCI),https://www.npci.org.in/product/cts/product-statistics
2022-23,2022,April,4,14,2022-04-14,0.00,0.00,2022-05-01,2026-03-27,National Payments Corporation of India (NPCI),https://www.npci.org.in/product/cts/product-statistics
2022-23,2022,April,4,15,2022-04-15,2.54,2574.17,2022-05-01,2026-03-27,National Payments Corporation of India (NPCI),https://www.npci.org.in/product/cts/product-statistics
2022-23,2022,April,4,16,2022-04-16,38.14,35689.30,2022-05-01,2026-03-27,National Payments Corporation of India (NPCI),https://www.npci.org.in/product/cts/product-statistics
2022-23,2022,April,4,17,2022-04-17,0.00,0.00,2022-05-01,2026-03-27,National Payments Corporation of India (NPCI),https://www.npci.org.in/product/cts/product-statistics
2022-23,2022,April,4,18,2022-04-18,33.18,30259.76,2022-05-01,2026-03-27,National Payments Corporation of India (NPCI),https://www.npci.org.in/product/cts/product-statistics
2022-23,2022,April,4,19,2022-04-19,29.90,30692.27,2022-05-01,2026-03-27,National Payments Corporation of India (NPCI),https://www.npci.org.in/product/cts/product-statistics
2022-23,2022,April,4,20,2022-04-20,28.51,28780.77,2022-05-01,2026-03-27,National Payments Corporation of India (NPCI),https://www.npci.org.in/product/cts/product-statistics
2022-23,2022,April,4,21,2022-04-21,24.89,27092.45,2022-05-01,2026-03-27,National Payments Corporation of India (NPCI),https://www.npci.org.in/product/cts/product-statistics
2022-23,2022,April,4,22,2022-04-22,24.68,27340.52,2022-05-01,2026-03-27,National Payments Corporation of India (NPCI),https://www.npci.org.in/product/cts/product-statistics
2022-23,2022,April,4,23,2022-04-23,0.00,0.00,2022-05-01,2026-03-27,National Payments Corporation of India (NPCI),https://www.npci.org.in/product/cts/product-statistics
2022-23,2022,April,4,24,2022-04-24,0.00,0.00,2022-05-01,2026-03-27,National Payments Corporation of India (NPCI),https://www.npci.org.in/product/cts/product-statistics
2022-23,2022,April,4,25,2022-04-25,37.44,37817.99,2022-05-01,2026-03-27,National Payments Corporation of India (NPCI),https://www.npci.org.in/product/cts/product-statistics
2022-23,2022,April,4,26,2022-04-26,29.76,31927.56,2022-05-01,2026-03-27,National Payments Corporation of India (NPCI),https://www.npci.org.in/product/cts/product-statistics
2022-23,2022,April,4,27,2022-04-27,25.77,28145.82,2022-05-01,2026-03-27,National Payments Corporation of India (NPCI),https://www.npci.org.in/product/cts/product-statistics
2022-23,2022,April,4,28,2022-04-28,24.08,27003.53,2022-05-01,2026-03-27,National Payments Corporation of India (NPCI),https://www.npci.org.in/product/cts/product-statistics
2022-23,2022,April,4,29,2022-04-29,22.36,25806.85,2022-05-01,2026-03-27,National Payments Corporation of India (NPCI),https://www.npci.org.in/product/cts/product-statistics
2022-23,2022,April,4,30,2022-04-30,22.97,25636.00,2022-05-01,2026-03-27,National Payments Corporation of India (NPCI),https://www.npci.org.in/product/cts/product-statistics
2022-23,2022,May,5,1,2022-05-01,0.00,0.00,2022-06-01,2026-03-27,National Payments Corporation of India (NPCI),https://www.npci.org.in/product/cts/product-statistics
2022-23,2022,May,5,2,2022-05-02,23.63,23988.55,2022-06-01,2026-03-27,National Payments Corporation of India (NPCI),https://www.npci.org.in/product/cts/product-statistics
2022-23,2022,May,5,3,2022-05-03,0.00,0.00,2022-06-01,2026-03-27,National Payments Corporation of India (NPCI),https://www.npci.org.in/product/cts/product-statistics
2022-23,2022,May,5,4,2022-05-04,35.85,35195.69,2022-06-01,2026-03-27,National Payments Corporation of India (NPCI),https://www.npci.org.in/product/cts/product-statistics
2022-23,2022,May,5,5,2022-05-05,28.98,29858.37,2022-06-01,2026-03-27,National Payments Corporation of India (NPCI),https://www.npci.org.in/product/cts/product-statistics
2022-23,2022,May,5,6,2022-05-06,25.31,26621.58,2022-06-01,2026-03-27,National Payments Corporation of India (NPCI),https://www.npci.org.in/product/cts/product-statistics
2022-23,2022,May,5,7,2022-05-07,22.56,22899.59,2022-06-01,2026-03-27,National Payments Corporation of India (NPCI),https://www.npci.org.in/product/cts/product-statistics
2022-23,2022,May,5,8,2022-05-08,0.00,0.00,2022-06-01,2026-03-27,National Payments Corporation of India (NPCI),https://www.npci.org.in/product/cts/product-statistics
2022-23,2022,May,5,9,2022-05-09,25.43,24781.74,2022-06-01,2026-03-27,National Payments Corporation of India (NPCI),https://www.npci.org.in/product/cts/product-statistics
2022-23,2022,May,5,10,2022-05-10,28.13,26516.56,2022-06-01,2026-03-27,National Payments Corporation of India (NPCI),https://www.npci.org.in/product/cts/product-statistics
2022-23,2022,May,5,11,2022-05-11,25.23,24712.38,2022-06-01,2026-03-27,National Payments Corporation of India (NPCI),https://www.npci.org.in/product/cts/product-statistics
2022-23,2022,May,5,12,2022-05-12,24.28,24070.99,2022-06-01,2026-03-27,National Payments Corporation of India (NPCI),https://www.npci.org.in/product/cts/product-statistics
2022-23,2022,May,5,13,2022-05-13,22.98,24915.38,2022-06-01,2026-03-27,National Payments Corporation of India (NPCI),https://www.npci.org.in/product/cts/product-statistics
2022-23,2022,May,5,14,2022-05-14,0.00,0.00,2022-06-01,2026-03-27,National Payments Corporation of India (NPCI),https://www.npci.org.in/product/cts/product-statistics
2022-23,2022,May,5,15,2022-05-15,0.00,0.00,2022-06-01,2026-03-27,National Payments Corporation of India (NPCI),https://www.npci.org.in/product/cts/product-statistics
2022-23,2022,May,5,16,2022-05-16,18.23,16362.84,2022-06-01,2026-03-27,National Payments Corporation of India (NPCI),https://www.npci.org.in/product/cts/product-statistics
2022-23,2022,May,5,17,2022-05-17,36.55,33797.38,2022-06-01,2026-03-27,National Payments Corporation of India (NPCI),https://www.npci.org.in/product/cts/product-statistics
2022-23,2022,May,5,18,2022-05-18,29.13,29126.82,2022-06-01,2026-03-27,National Payments Corporation of India (NPCI),https://www.npci.org.in/product/cts/product-statistics
2022-23,2022,May,5,19,2022-05-19,25.00,25836.51,2022-06-01,2026-03-27,National Payments Corporation of India (NPCI),https://www.npci.org.in/product/cts/product-statistics
2022-23,2022,May,5,20,2022-05-20,24.04,27242.74,2022-06-01,2026-03-27,National Payments Corporation of India (NPCI),https://www.npci.org.in/product/cts/product-statistics
2022-23,2022,May,5,21,2022-05-21,19.95,20236.45,2022-06-01,2026-03-27,National Payments Corporation of India (NPCI),https://www.npci.org.in/product/cts/product-statistics
2022-23,2022,May,5,22,2022-05-22,0.00,0.00,2022-06-01,2026-03-27,National Payments Corporation of India (NPCI),https://www.npci.org.in/product/cts/product-statistics
2022-23,2022,May,5,23,2022-05-23,24.23,23243.57,2022-06-01,2026-03-27,National Payments Corporation of India (NPCI),https://www.npci.org.in/product/cts/product-statistics
2022-23,2022,May,5,24,2022-05-24,23.81,24689.35,2022-06-01,2026-03-27,National Payments Corporation of India (NPCI),https://www.npci.org.in/product/cts/product-statistics
2022-23,2022,May,5,25,2022-05-25,23.52,24271.58,2022-06-01,2026-03-27,National Payments Corporation of India (NPCI),https://www.npci.org.in/product/cts/product-statistics
2022-23,2022,May,5,26,2022-05-26,21.94,23460.50,2022-06-01,2026-03-27,National Payments Corporation of India (NPCI),https://www.npci.org.in/product/cts/product-statistics
2022-23,2022,May,5,27,2022-05-27,21.78,23359.04,2022-06-01,2026-03-27,National Payments Corporation of India (NPCI),https://www.npci.org.in/product/cts/product-statistics
2022-23,2022,May,5,28,2022-05-28,0.00,0.00,2022-06-01,2026-03-27,National Payments Corporation of India (NPCI),https://www.npci.org.in/product/cts/product-statistics
2022-23,2022,May,5,29,2022-05-29,0.00,0.00,2022-06-01,2026-03-27,National Payments Corporation of India (NPCI),https://www.npci.org.in/product/cts/product-statistics
2022-23,2022,May,5,30,2022-05-30,34.32,32524.24,2022-06-01,2026-03-27,National Payments Corporation of India (NPCI),https://www.npci.org.in/product/cts/product-statistics
2022-23,2022,May,5,31,2022-05-31,25.56,26850.10,2022-06-01,2026-03-27,National Payments Corporation of India (NPCI),https://www.npci.org.in/product/cts/product-statistics
2022-23,2022,June,6,1,2022-06-01,22.69,24429.00,2022-07-01,2026-03-27,National Payments Corporation of India (NPCI),https://www.npci.org.in/product/cts/product-statistics
2022-23,2022,June,6,2,2022-06-02,22.10,25303.63,2022-07-01,2026-03-27,National Payments Corporation of India (NPCI),https://www.npci.org.in/product/cts/product-statistics
2022-23,2022,June,6,3,2022-06-03,21.31,23443.99,2022-07-01,2026-03-27,National Payments Corporation of India (NPCI),https://www.npci.org.in/product/cts/product-statistics
2022-23,2022,June,6,4,2022-06-04,22.70,21553.97,2022-07-01,2026-03-27,National Payments Corporation of India (NPCI),https://www.npci.org.in/product/cts/product-statistics
2022-23,2022,June,6,5,2022-06-05,0.00,0.00,2022-07-01,2026-03-27,National Payments Corporation of India (NPCI),https://www.npci.org.in/product/cts/product-statistics
2022-23,2022,June,6,6,2022-06-06,26.49,23627.65,2022-07-01,2026-03-27,National Payments Corporation of India (NPCI),https://www.npci.org.in/product/cts/product-statistics
2022-23,2022,June,6,7,2022-06-07,25.24,24676.14,2022-07-01,2026-03-27,National Payments Corporation of India (NPCI),https://www.npci.org.in/product/cts/product-statistics
2022-23,2022,June,6,8,2022-06-08,23.79,23389.44,2022-07-01,2026-03-27,National Payments Corporation of India (NPCI),https://www.npci.org.in/product/cts/product-statistics
2022-23,2022,June,6,9,2022-06-09,23.33,23129.65,2022-07-01,2026-03-27,National Payments Corporation of India (NPCI),https://www.npci.org.in/product/cts/product-statistics
2022-23,2022,June,6,10,2022-06-10,25.02,25076.56,2022-07-01,2026-03-27,National Payments Corporation of India (NPCI),https://www.npci.org.in/product/cts/product-statistics
2022-23,2022,June,6,11,2022-06-11,0.00,0.00,2022-07-01,2026-03-27,National Payments Corporation of India (NPCI),https://www.npci.org.in/product/cts/product-statistics
2022-23,2022,June,6,12,2022-06-12,0.00,0.00,2022-07-01,2026-03-27,National Payments Corporation of India (NPCI),https://www.npci.org.in/product/cts/product-statistics
2022-23,2022,June,6,13,2022-06-13,36.04,32307.09,2022-07-01,2026-03-27,National Payments Corporation of India (NPCI),https://www.npci.org.in/product/cts/product-statistics
2022-23,2022,June,6,14,2022-06-14,27.47,26287.97,2022-07-01,2026-03-27,National Payments Corporation of India (NPCI),https://www.npci.org.in/product/cts/product-statistics
2022-23,2022,June,6,15,2022-06-15,26.84,25478.72,2022-07-01,2026-03-27,National Payments Corporation of India (NPCI),https://www.npci.org.in/product/cts/product-statistics
2022-23,2022,June,6,16,2022-06-16,24.25,24112.89,2022-07-01,2026-03-27,National Payments Corporation of India (NPCI),https://www.npci.org.in/product/cts/product-statistics
2022-23,2022,June,6,17,2022-06-17,22.78,24404.30,2022-07-01,2026-03-27,National Payments Corporation of India (NPCI),https://www.npci.org.in/product/cts/product-statistics
2022-23,2022,June,6,18,2022-06-18,20.91,20289.87,2022-07-01,2026-03-27,National Payments Corporation of India (NPCI),https://www.npci.org.in/product/cts/product-statistics
2022-23,2022,June,6,19,2022-06-19,0.00,0.00,2022-07-01,2026-03-27,National Payments Corporation of India (NPCI),https://www.npci.org.in/product/cts/product-statistics
2022-23,2022,June,6,20,2022-06-20,24.91,22964.58,2022-07-01,2026-03-27,National Payments Corporation of India (NPCI),https://www.npci.org.in/product/cts/product-statistics
2022-23,2022,June,6,21,2022-06-21,24.40,25132.03,2022-07-01,2026-03-27,National Payments Corporation of India (NPCI),https://www.npci.org.in/product/cts/product-statistics
2022-23,2022,June,6,22,2022-06-22,22.78,22924.20,2022-07-01,2026-03-27,National Payments Corporation of India (NPCI),https://www.npci.org.in/product/cts/product-statistics
2022-23,2022,June,6,23,2022-06-23,21.65,22671.32,2022-07-01,2026-03-27,National Payments Corporation of India (NPCI),https://www.npci.org.in/product/cts/product-statistics
2022-23,2022,June,6,24,2022-06-24,21.83,23506.72,2022-07-01,2026-03-27,National Payments Corporation of India (NPCI),https://www.npci.org.in/product/cts/product-statistics
2022-23,2022,June,6,25,2022-06-25,0.00,0.00,2022-07-01,2026-03-27,National Payments Corporation of India (NPCI),https://www.npci.org.in/product/cts/product-statistics
2022-23,2022,June,6,26,2022-06-26,0.00,0.00,2022-07-01,2026-03-27,National Payments Corporation of India (NPCI),https://www.npci.org.in/product/cts/product-statistics
2022-23,2022,June,6,27,2022-06-27,35.39,33712.15,2022-07-01,2026-03-27,National Payments Corporation of India (NPCI),https://www.npci.org.in/product/cts/product-statistics
2022-23,2022,June,6,28,2022-06-28,27.57,27737.79,2022-07-01,2026-03-27,National Payments Corporation of India (NPCI),https://www.npci.org.in/product/cts/product-statistics
2022-23,2022,June,6,29,2022-06-29,23.09,25422.28,2022-07-01,2026-03-27,National Payments Corporation of India (NPCI),https://www.npci.org.in/product/cts/product-statistics
2022-23,2022,June,6,30,2022-06-30,21.15,21602.92,2022-07-01,2026-03-27,National Payments Corporation of India (NPCI),https://www.npci.org.in/product/cts/product-statistics
2022-23,2022,July,7,1,2022-07-01,20.16,24924.00,2022-08-01,2026-03-27,National Payments Corporation of India (NPCI),https://www.npci.org.in/product/cts/product-statistics
2022-23,2022,July,7,2,2022-07-02,21.33,23900.36,2022-08-01,2026-03-27,National Payments Corporation of India (NPCI),https://www.npci.org.in/product/cts/product-statistics
2022-23,2022,July,7,3,2022-07-03,0.00,0.00,2022-08-01,2026-03-27,National Payments Corporation of India (NPCI),https://www.npci.org.in/product/cts/product-statistics
2022-23,2022,July,7,4,2022-07-04,26.58,24009.65,2022-08-01,2026-03-27,National Payments Corporation of India (NPCI),https://www.npci.org.in/product/cts/product-statistics
2022-23,2022,July,7,5,2022-07-05,25.89,25155.66,2022-08-01,2026-03-27,National Payments Corporation of India (NPCI),https://www.npci.org.in/product/cts/product-statistics
2022-23,2022,July,7,6,2022-07-06,23.95,23220.40,2022-08-01,2026-03-27,National Payments Corporation of India (NPCI),https://www.npci.org.in/product/cts/product-statistics
2022-23,2022,July,7,7,2022-07-07,23.45,24243.55,2022-08-01,2026-03-27,National Payments Corporation of India (NPCI),https://www.npci.org.in/product/cts/product-statistics
2022-23,2022,July,7,8,2022-07-08,24.36,23717.89,2022-08-01,2026-03-27,National Payments Corporation of India (NPCI),https://www.npci.org.in/product/cts/product-statistics
2022-23,2022,July,7,9,2022-07-09,0.00,0.00,2022-08-01,2026-03-27,National Payments Corporation of India (NPCI),https://www.npci.org.in/product/cts/product-statistics
2022-23,2022,July,7,10,2022-07-10,0.00,0.00,2022-08-01,2026-03-27,National Payments Corporation of India (NPCI),https://www.npci.org.in/product/cts/product-statistics
2022-23,2022,July,7,11,2022-07-11,35.62,30873.09,2022-08-01,2026-03-27,National Payments Corporation of India (NPCI),https://www.npci.org.in/product/cts/product-statistics
2022-23,2022,July,7,12,2022-07-12,28.98,26485.27,2022-08-01,2026-03-27,National Payments Corporation of India (NPCI),https://www.npci.org.in/product/cts/product-statistics
2022-23,2022,July,7,13,2022-07-13,23.94,22943.76,2022-08-01,2026-03-27,National Payments Corporation of India (NPCI),https://www.npci.org.in/product/cts/product-statistics
2022-23,2022,July,7,14,2022-07-14,22.64,22790.56,2022-08-01,2026-03-27,National Payments Corporation of India (NPCI),https://www.npci.org.in/product/cts/product-statistics
2022-23,2022,July,7,15,2022-07-15,24.24,23573.47,2022-08-01,2026-03-27,National Payments Corporation of India (NPCI),https://www.npci.org.in/product/cts/product-statistics
2022-23,2022,July,7,16,2022-07-16,21.49,20498.31,2022-08-01,2026-03-27,National Payments Corporation of India (NPCI),https://www.npci.org.in/product/cts/product-statistics
2022-23,2022,July,7,17,2022-07-17,0.00,0.00,2022-08-01,2026-03-27,National Payments Corporation of India (NPCI),https://www.npci.org.in/product/cts/product-statistics
2022-23,2022,July,7,18,2022-07-18,24.72,22419.43,2022-08-01,2026-03-27,National Payments Corporation of India (NPCI),https://www.npci.org.in/product/cts/product-statistics
2022-23,2022,July,7,19,2022-07-19,24.32,23970.29,2022-08-01,2026-03-27,National Payments Corporation of India (NPCI),https://www.npci.org.in/product/cts/product-statistics
2022-23,2022,July,7,20,2022-07-20,24.41,23447.68,2022-08-01,2026-03-27,National Payments Corporation of India (NPCI),https://www.npci.org.in/product/cts/product-statistics
2022-23,2022,July,7,21,2022-07-21,22.50,22697.95,2022-08-01,2026-03-27,National Payments Corporation of India (NPCI),https://www.npci.org.in/product/cts/product-statistics
2022-23,2022,July,7,22,2022-07-22,22.65,23779.80,2022-08-01,2026-03-27,National Payments Corporation of India (NPCI),https://www.npci.org.in/product/cts/product-statistics
2022-23,2022,July,7,23,2022-07-23,0.00,0.00,2022-08-01,2026-03-27,National Payments Corporation of India (NPCI),https://www.npci.org.in/product/cts/product-statistics
2022-23,2022,July,7,24,2022-07-24,0.00,0.00,2022-08-01,2026-03-27,National Payments Corporation of India (NPCI),https://www.npci.org.in/product/cts/product-statistics
2022-23,2022,July,7,25,2022-07-25,34.92,32056.65,2022-08-01,2026-03-27,National Payments Corporation of India (NPCI),https://www.npci.org.in/product/cts/product-statistics
2022-23,2022,July,7,26,2022-07-26,26.74,27418.79,2022-08-01,2026-03-27,National Payments Corporation of India (NPCI),https://www.npci.org.in/product/cts/product-statistics
2022-23,2022,July,7,27,2022-07-27,23.50,23515.56,2022-08-01,2026-03-27,National Payments Corporation of India (NPCI),https://www.npci.org.in/product/cts/product-statistics
2022-23,2022,July,7,28,2022-07-28,22.05,22199.33,2022-08-01,2026-03-27,National Payments Corporation of India (NPCI),https://www.npci.org.in/product/cts/product-statistics
2022-23,2022,July,7,29,2022-07-29,20.51,20931.09,2022-08-01,2026-03-27,National Payments Corporation of India (NPCI),https://www.npci.org.in/product/cts/product-statistics
2022-23,2022,July,7,30,2022-07-30,19.72,20608.29,2022-08-01,2026-03-27,National Payments Corporation of India (NPCI),https://www.npci.org.in/product/cts/product-statistics
2022-23,2022,July,7,31,2022-07-31,0.00,0.00,2022-08-01,2026-03-27,National Payments Corporation of India (NPCI),https://www.npci.org.in/product/cts/product-statistics
2022-23,2022,August,8,1,2022-08-01,23.37,23864.21,2022-09-01,2026-03-27,National Payments Corporation of India (NPCI),https://www.npci.org.in/product/cts/product-statistics
2022-23,2022,August,8,2,2022-08-02,23.50,24647.30,2022-09-01,2026-03-27,National Payments Corporation of India (NPCI),https://www.npci.org.in/product/cts/product-statistics
2022-23,2022,August,8,3,2022-08-03,22.74,23483.77,2022-09-01,2026-03-27,National Payments Corporation of India (NPCI),https://www.npci.org.in/product/cts/product-statistics
2022-23,2022,August,8,4,2022-08-04,23.27,23148.97,2022-09-01,2026-03-27,National Payments Corporation of India (NPCI),https://www.npci.org.in/product/cts/product-statistics
2022-23,2022,August,8,5,2022-08-05,23.31,22862.96,2022-09-01,2026-03-27,National Payments Corporation of India (NPCI),https://www.npci.org.in/product/cts/product-statistics
2022-23,2022,August,8,6,2022-08-06,21.44,20826.24,2022-09-01,2026-03-27,National Payments Corporation of India (NPCI),https://www.npci.org.in/product/cts/product-statistics
2022-23,2022,August,8,7,2022-08-07,0.00,0.00,2022-09-01,2026-03-27,National Payments Corporation of India (NPCI),https://www.npci.org.in/product/cts/product-statistics
2022-23,2022,August,8,8,2022-08-08,25.73,22769.06,2022-09-01,2026-03-27,National Payments Corporation of India (NPCI),https://www.npci.org.in/product/cts/product-statistics
2022-23,2022,August,8,9,2022-08-09,4.39,3465.02,2022-09-01,2026-03-27,National Payments Corporation of India (NPCI),https://www.npci.org.in/product/cts/product-statistics
2022-23,2022,August,8,10,2022-08-10,36.50,32204.75,2022-09-01,2026-03-27,National Payments Corporation of India (NPCI),https://www.npci.org.in/product/cts/product-statistics
2022-23,2022,August,8,11,2022-08-11,20.08,18516.23,2022-09-01,2026-03-27,National Payments Corporation of India (NPCI),https://www.npci.org.in/product/cts/product-statistics
2022-23,2022,August,8,12,2022-08-12,23.01,21454.13,2022-09-01,2026-03-27,National Payments Corporation of India (NPCI),https://www.npci.org.in/product/cts/product-statistics
2022-23,2022,August,8,13,2022-08-13,0.00,0.00,2022-09-01,2026-03-27,National Payments Corporation of India (NPCI),https://www.npci.org.in/product/cts/product-statistics
2022-23,2022,August,8,14,2022-08-14,0.00,0.00,2022-09-01,2026-03-27,National Payments Corporation of India (NPCI),https://www.npci.org.in/product/cts/product-statistics
2022-23,2022,August,8,15,2022-08-15,0.00,0.00,2022-09-01,2026-03-27,National Payments Corporation of India (NPCI),https://www.npci.org.in/product/cts/product-statistics
2022-23,2022,August,8,16,2022-08-16,30.81,27019.17,2022-09-01,2026-03-27,National Payments Corporation of India (NPCI),https://www.npci.org.in/product/cts/product-statistics
2022-23,2022,August,8,17,2022-08-17,36.32,30969.73,2022-09-01,2026-03-27,National Payments Corporation of India (NPCI),https://www.npci.org.in/product/cts/product-statistics
2022-23,2022,August,8,18,2022-08-18,28.24,25818.75,2022-09-01,2026-03-27,National Payments Corporation of India (NPCI),https://www.npci.org.in/product/cts/product-statistics
2022-23,2022,August,8,19,2022-08-19,12.18,11539.46,2022-09-01,2026-03-27,National Payments Corporation of India (NPCI),https://www.npci.org.in/product/cts/product-statistics
2022-23,2022,August,8,20,2022-08-20,24.95,22617.10,2022-09-01,2026-03-27,National Payments Corporation of India (NPCI),https://www.npci.org.in/product/cts/product-statistics
2022-23,2022,August,8,21,2022-08-21,0.00,0.00,2022-09-01,2026-03-27,National Payments Corporation of India (NPCI),https://www.npci.org.in/product/cts/product-statistics
2022-23,2022,August,8,22,2022-08-22,26.69,24306.71,2022-09-01,2026-03-27,National Payments Corporation of India (NPCI),https://www.npci.org.in/product/cts/product-statistics
2022-23,2022,August,8,23,2022-08-23,26.00,25554.24,2022-09-01,2026-03-27,National Payments Corporation of India (NPCI),https://www.npci.org.in/product/cts/product-statistics
2022-23,2022,August,8,24,2022-08-24,23.63,24413.12,2022-09-01,2026-03-27,National Payments Corporation of India (NPCI),https://www.npci.org.in/product/cts/product-statistics
2022-23,2022,August,8,25,2022-08-25,24.21,24260.31,2022-09-01,2026-03-27,National Payments Corporation of India (NPCI),https://www.npci.org.in/product/cts/product-statistics
2022-23,2022,August,8,26,2022-08-26,23.67,23982.94,2022-09-01,2026-03-27,National Payments Corporation of India (NPCI),https://www.npci.org.in/product/cts/product-statistics
2022-23,2022,August,8,27,2022-08-27,0.00,0.00,2022-09-01,2026-03-27,National Payments Corporation of India (NPCI),https://www.npci.org.in/product/cts/product-statistics
2022-23,2022,August,8,28,2022-08-28,0.00,0.00,2022-09-01,2026-03-27,National Payments Corporation of India (NPCI),https://www.npci.org.in/product/cts/product-statistics
2022-23,2022,August,8,29,2022-08-29,34.69,31476.41,2022-09-01,2026-03-27,National Payments Corporation of India (NPCI),https://www.npci.org.in/product/cts/product-statistics
2022-23,2022,August,8,30,2022-08-30,27.49,27744.30,2022-09-01,2026-03-27,National Payments Corporation of India (NPCI),https://www.npci.org.in/product/cts/product-statistics
2022-23,2022,August,8,31,2022-08-31,9.95,10558.36,2022-09-01,2026-03-27,National Payments Corporation of India (NPCI),https://www.npci.org.in/product/cts/product-statistics
2022-23,2022,September,9,1,2022-09-01,24.97,27385.69,2022-10-01,2026-03-27,National Payments Corporation of India (NPCI),https://www.npci.org.in/product/cts/product-statistics
2022-23,2022,September,9,2,2022-09-02,23.15,24617.86,2022-10-01,2026-03-27,National Payments Corporation of India (NPCI),https://www.npci.org.in/product/cts/product-statistics
2022-23,2022,September,9,3,2022-09-03,22.94,21916.67,2022-10-01,2026-03-27,National Payments Corporation of India (NPCI),https://www.npci.org.in/product/cts/product-statistics
2022-23,2022,September,9,4,2022-09-04,0.00,0.00,2022-10-01,2026-03-27,National Payments Corporation of India (NPCI),https://www.npci.org.in/product/cts/product-statistics
2022-23,2022,September,9,5,2022-09-05,25.99,23133.05,2022-10-01,2026-03-27,National Payments Corporation of India (NPCI),https://www.npci.org.in/product/cts/product-statistics
2022-23,2022,September,9,6,2022-09-06,24.87,24936.46,2022-10-01,2026-03-27,National Payments Corporation of India (NPCI),https://www.npci.org.in/product/cts/product-statistics
2022-23,2022,September,9,7,2022-09-07,23.16,22804.20,2022-10-01,2026-03-27,National Payments Corporation of India (NPCI),https://www.npci.org.in/product/cts/product-statistics
2022-23,2022,September,9,8,2022-09-08,22.40,23602.17,2022-10-01,2026-03-27,National Payments Corporation of India (NPCI),https://www.npci.org.in/product/cts/product-statistics
2022-23,2022,September,9,9,2022-09-09,22.13,22595.53,2022-10-01,2026-03-27,National Payments Corporation of India (NPCI),https://www.npci.org.in/product/cts/product-statistics
2022-23,2022,September,9,10,2022-09-10,0.00,0.00,2022-10-01,2026-03-27,National Payments Corporation of India (NPCI),https://www.npci.org.in/product/cts/product-statistics
2022-23,2022,September,9,11,2022-09-11,0.00,0.00,2022-10-01,2026-03-27,National Payments Corporation of India (NPCI),https://www.npci.org.in/product/cts/product-statistics
2022-23,2022,September,9,12,2022-09-12,37.97,32152.69,2022-10-01,2026-03-27,National Payments Corporation of India (NPCI),https://www.npci.org.in/product/cts/product-statistics
2022-23,2022,September,9,13,2022-09-13,29.68,27460.18,2022-10-01,2026-03-27,National Payments Corporation of India (NPCI),https://www.npci.org.in/product/cts/product-statistics
2022-23,2022,September,9,14,2022-09-14,25.45,24157.52,2022-10-01,2026-03-27,National Payments Corporation of India (NPCI),https://www.npci.org.in/product/cts/product-statistics
2022-23,2022,September,9,15,2022-09-15,25.41,23945.21,2022-10-01,2026-03-27,National Payments Corporation of India (NPCI),https://www.npci.org.in/product/cts/product-statistics
2022-23,2022,September,9,16,2022-09-16,23.42,22678.72,2022-10-01,2026-03-27,National Payments Corporation of India (NPCI),https://www.npci.org.in/product/cts/product-statistics
2022-23,2022,September,9,17,2022-09-17,20.32,19079.12,2022-10-01,2026-03-27,National Payments Corporation of India (NPCI),https://www.npci.org.in/product/cts/product-statistics
2022-23,2022,September,9,18,2022-09-18,0.00,0.00,2022-10-01,2026-03-27,National Payments Corporation of India (NPCI),https://www.npci.org.in/product/cts/product-statistics
2022-23,2022,September,9,19,2022-09-19,24.88,22044.45,2022-10-01,2026-03-27,National Payments Corporation of India (NPCI),https://www.npci.org.in/product/cts/product-statistics
2022-23,2022,September,9,20,2022-09-20,25.91,24144.31,2022-10-01,2026-03-27,National Payments Corporation of India (NPCI),https://www.npci.org.in/product/cts/product-statistics
2022-23,2022,September,9,21,2022-09-21,22.27,21772.99,2022-10-01,2026-03-27,National Payments Corporation of India (NPCI),https://www.npci.org.in/product/cts/product-statistics
2022-23,2022,September,9,22,2022-09-22,22.78,22325.32,2022-10-01,2026-03-27,National Payments Corporation of India (NPCI),https://www.npci.org.in/product/cts/product-statistics
2022-23,2022,September,9,23,2022-09-23,21.32,21106.82,2022-10-01,2026-03-27,National Payments Corporation of India (NPCI),https://www.npci.org.in/product/cts/product-statistics
2022-23,2022,September,9,24,2022-09-24,0.00,0.00,2022-10-01,2026-03-27,National Payments Corporation of India (NPCI),https://www.npci.org.in/product/cts/product-statistics
2022-23,2022,September,9,25,2022-09-25,0.00,0.00,2022-10-01,2026-03-27,National Payments Corporation of India (NPCI),https://www.npci.org.in/product/cts/product-statistics
2022-23,2022,September,9,26,2022-09-26,33.18,28800.67,2022-10-01,2026-03-27,National Payments Corporation of India (NPCI),https://www.npci.org.in/product/cts/product-statistics
2022-23,2022,September,9,27,2022-09-27,29.25,30512.24,2022-10-01,2026-03-27,National Payments Corporation of India (NPCI),https://www.npci.org.in/product/cts/product-statistics
2022-23,2022,September,9,28,2022-09-28,25.46,26983.71,2022-10-01,2026-03-27,National Payments Corporation of India (NPCI),https://www.npci.org.in/product/cts/product-statistics
2022-23,2022,September,9,29,2022-09-29,23.30,26579.85,2022-10-01,2026-03-27,National Payments Corporation of India (NPCI),https://www.npci.org.in/product/cts/product-statistics
2022-23,2022,September,9,30,2022-09-30,23.63,25837.22,2022-10-01,2026-03-27,National Payments Corporation of India (NPCI),https://www.npci.org.in/product/cts/product-statistics
2022-23,2022,October,10,1,2022-10-01,21.29,24300.58,2022-11-01,2026-03-27,National Payments Corporation of India (NPCI),https://www.npci.org.in/product/cts/product-statistics
2022-23,2022,October,10,2,2022-10-02,0.00,0.00,2022-11-01,2026-03-27,National Payments Corporation of India (NPCI),https://www.npci.org.in/product/cts/product-statistics
2022-23,2022,October,10,3,2022-10-03,22.85,23070.70,2022-11-01,2026-03-27,National Payments Corporation of India (NPCI),https://www.npci.org.in/product/cts/product-statistics
2022-23,2022,October,10,4,2022-10-04,17.97,18591.30,2022-11-01,2026-03-27,National Payments Corporation of India (NPCI),https://www.npci.org.in/product/cts/product-statistics
2022-23,2022,October,10,5,2022-10-05,0.00,0.00,2022-11-01,2026-03-27,National Payments Corporation of India (NPCI),https://www.npci.org.in/product/cts/product-statistics
2022-23,2022,October,10,6,2022-10-06,32.02,30096.98,2022-11-01,2026-03-27,National Payments Corporation of India (NPCI),https://www.npci.org.in/product/cts/product-statistics
2022-23,2022,October,10,7,2022-10-07,27.85,26759.00,2022-11-01,2026-03-27,National Payments Corporation of India (NPCI),https://www.npci.org.in/product/cts/product-statistics
2022-23,2022,October,10,8,2022-10-08,0.00,0.00,2022-11-01,2026-03-27,National Payments Corporation of India (NPCI),https://www.npci.org.in/product/cts/product-statistics
2022-23,2022,October,10,9,2022-10-09,0.00,0.00,2022-11-01,2026-03-27,National Payments Corporation of India (NPCI),https://www.npci.org.in/product/cts/product-statistics
2022-23,2022,October,10,10,2022-10-10,39.82,34774.59,2022-11-01,2026-03-27,National Payments Corporation of India (NPCI),https://www.npci.org.in/product/cts/product-statistics
2022-23,2022,October,10,11,2022-10-11,33.35,30556.39,2022-11-01,2026-03-27,National Payments Corporation of India (NPCI),https://www.npci.org.in/product/cts/product-statistics
2022-23,2022,October,10,12,2022-10-12,28.23,26501.95,2022-11-01,2026-03-27,National Payments Corporation of India (NPCI),https://www.npci.org.in/product/cts/product-statistics
2022-23,2022,October,10,13,2022-10-13,25.44,25590.69,2022-11-01,2026-03-27,National Payments Corporation of India (NPCI),https://www.npci.org.in/product/cts/product-statistics
2022-23,2022,October,10,14,2022-10-14,24.40,24905.09,2022-11-01,2026-03-27,National Payments Corporation of India (NPCI),https://www.npci.org.in/product/cts/product-statistics
2022-23,2022,October,10,15,2022-10-15,24.85,23485.31,2022-11-01,2026-03-27,National Payments Corporation of India (NPCI),https://www.npci.org.in/product/cts/product-statistics
2022-23,2022,October,10,16,2022-10-16,0.00,0.00,2022-11-01,2026-03-27,National Payments Corporation of India (NPCI),https://www.npci.org.in/product/cts/product-statistics
2022-23,2022,October,10,17,2022-10-17,29.25,26293.98,2022-11-01,2026-03-27,National Payments Corporation of India (NPCI),https://www.npci.org.in/product/cts/product-statistics
2022-23,2022,October,10,18,2022-10-18,28.47,27711.54,2022-11-01,2026-03-27,National Payments Corporation of India (NPCI),https://www.npci.org.in/product/cts/product-statistics
2022-23,2022,October,10,19,2022-10-19,27.83,27585.45,2022-11-01,2026-03-27,National Payments Corporation of India (NPCI),https://www.npci.org.in/product/cts/product-statistics
2022-23,2022,October,10,20,2022-10-20,29.43,28077.32,2022-11-01,2026-03-27,National Payments Corporation of India (NPCI),https://www.npci.org.in/product/cts/product-statistics
2022-23,2022,October,10,21,2022-10-21,26.90,28988.20,2022-11-01,2026-03-27,National Payments Corporation of India (NPCI),https://www.npci.org.in/product/cts/product-statistics
2022-23,2022,October,10,22,2022-10-22,0.00,0.00,2022-11-01,2026-03-27,National Payments Corporation of India (NPCI),https://www.npci.org.in/product/cts/product-statistics
2022-23,2022,October,10,23,2022-10-23,0.00,0.00,2022-11-01,2026-03-27,National Payments Corporation of India (NPCI),https://www.npci.org.in/product/cts/product-statistics
2022-23,2022,October,10,24,2022-10-24,0.00,0.00,2022-11-01,2026-03-27,National Payments Corporation of India (NPCI),https://www.npci.org.in/product/cts/product-statistics
2022-23,2022,October,10,25,2022-10-25,27.61,27175.81,2022-11-01,2026-03-27,National Payments Corporation of India (NPCI),https://www.npci.org.in/product/cts/product-statistics
2022-23,2022,October,10,26,2022-10-26,12.21,11802.29,2022-11-01,2026-03-27,National Payments Corporation of India (NPCI),https://www.npci.org.in/product/cts/product-statistics
2022-23,2022,October,10,27,2022-10-27,21.02,20089.56,2022-11-01,2026-03-27,National Payments Corporation of India (NPCI),https://www.npci.org.in/product/cts/product-statistics
2022-23,2022,October,10,28,2022-10-28,22.01,22631.12,2022-11-01,2026-03-27,National Payments Corporation of India (NPCI),https://www.npci.org.in/product/cts/product-statistics
2022-23,2022,October,10,29,2022-10-29,18.95,20341.85,2022-11-01,2026-03-27,National Payments Corporation of India (NPCI),https://www.npci.org.in/product/cts/product-statistics
2022-23,2022,October,10,30,2022-10-30,0.00,0.00,2022-11-01,2026-03-27,National Payments Corporation of India (NPCI),https://www.npci.org.in/product/cts/product-statistics
2022-23,2022,October,10,31,2022-10-31,20.14,20307.39,2022-11-01,2026-03-27,National Payments Corporation of India (NPCI),https://www.npci.org.in/product/cts/product-statistics
2022-23,2022,November,11,1,2022-11-01,22.64,24454.43,2022-12-01,2026-03-27,National Payments Corporation of India (NPCI),https://www.npci.org.in/product/cts/product-statistics
2022-23,2022,November,11,2,2022-11-02,23.00,23990.13,2022-12-01,2026-03-27,National Payments Corporation of India (NPCI),https://www.npci.org.in/product/cts/product-statistics
2022-23,2022,November,11,3,2022-11-03,21.64,22787.05,2022-12-01,2026-03-27,National Payments Corporation of India (NPCI),https://www.npci.org.in/product/cts/product-statistics
2022-23,2022,November,11,4,2022-11-04,22.00,21664.52,2022-12-01,2026-03-27,National Payments Corporation of India (NPCI),https://www.npci.org.in/product/cts/product-statistics
2022-23,2022,November,11,5,2022-11-05,22.56,21152.15,2022-12-01,2026-03-27,National Payments Corporation of India (NPCI),https://www.npci.org.in/product/cts/product-statistics
2022-23,2022,November,11,6,2022-11-06,0.00,0.00,2022-12-01,2026-03-27,National Payments Corporation of India (NPCI),https://www.npci.org.in/product/cts/product-statistics
2022-23,2022,November,11,7,2022-11-07,24.91,22791.24,2022-12-01,2026-03-27,National Payments Corporation of India (NPCI),https://www.npci.org.in/product/cts/product-statistics
2022-23,2022,November,11,8,2022-11-08,8.61,8499.71,2022-12-01,2026-03-27,National Payments Corporation of India (NPCI),https://www.npci.org.in/product/cts/product-statistics
2022-23,2022,November,11,9,2022-11-09,30.46,28045.81,2022-12-01,2026-03-27,National Payments Corporation of India (NPCI),https://www.npci.org.in/product/cts/product-statistics
2022-23,2022,November,11,10,2022-11-10,29.05,27499.47,2022-12-01,2026-03-27,National Payments Corporation of India (NPCI),https://www.npci.org.in/product/cts/product-statistics
2022-23,2022,November,11,11,2022-11-11,23.62,23058.28,2022-12-01,2026-03-27,National Payments Corporation of India (NPCI),https://www.npci.org.in/product/cts/product-statistics
2022-23,2022,November,11,12,2022-11-12,0.00,0.00,2022-12-01,2026-03-27,National Payments Corporation of India (NPCI),https://www.npci.org.in/product/cts/product-statistics
2022-23,2022,November,11,13,2022-11-13,0.00,0.00,2022-12-01,2026-03-27,National Payments Corporation of India (NPCI),https://www.npci.org.in/product/cts/product-statistics
2022-23,2022,November,11,14,2022-11-14,37.61,33523.85,2022-12-01,2026-03-27,National Payments Corporation of India (NPCI),https://www.npci.org.in/product/cts/product-statistics
2022-23,2022,November,11,15,2022-11-15,31.16,29428.18,2022-12-01,2026-03-27,National Payments Corporation of India (NPCI),https://www.npci.org.in/product/cts/product-statistics
2022-23,2022,November,11,16,2022-11-16,26.05,25170.65,2022-12-01,2026-03-27,National Payments Corporation of India (NPCI),https://www.npci.org.in/product/cts/product-statistics
2022-23,2022,November,11,17,2022-11-17,23.97,23784.02,2022-12-01,2026-03-27,National Payments Corporation of India (NPCI),https://www.npci.org.in/product/cts/product-statistics
2022-23,2022,November,11,18,2022-11-18,22.81,23647.91,2022-12-01,2026-03-27,National Payments Corporation of India (NPCI),https://www.npci.org.in/product/cts/product-statistics
2022-23,2022,November,11,19,2022-11-19,20.60,22008.89,2022-12-01,2026-03-27,National Payments Corporation of India (NPCI),https://www.npci.org.in/product/cts/product-statistics
2022-23,2022,November,11,20,2022-11-20,0.00,0.00,2022-12-01,2026-03-27,National Payments Corporation of India (NPCI),https://www.npci.org.in/product/cts/product-statistics
2022-23,2022,November,11,21,2022-11-21,25.95,23693.97,2022-12-01,2026-03-27,National Payments Corporation of India (NPCI),https://www.npci.org.in/product/cts/product-statistics
2022-23,2022,November,11,22,2022-11-22,24.91,25372.73,2022-12-01,2026-03-27,National Payments Corporation of India (NPCI),https://www.npci.org.in/product/cts/product-statistics
2022-23,2022,November,11,23,2022-11-23,22.73,23613.32,2022-12-01,2026-03-27,National Payments Corporation of India (NPCI),https://www.npci.org.in/product/cts/product-statistics
2022-23,2022,November,11,24,2022-11-24,21.43,22922.36,2022-12-01,2026-03-27,National Payments Corporation of India (NPCI),https://www.npci.org.in/product/cts/product-statistics
2022-23,2022,November,11,25,2022-11-25,23.00,23735.37,2022-12-01,2026-03-27,National Payments Corporation of India (NPCI),https://www.npci.org.in/product/cts/product-statistics
2022-23,2022,November,11,26,2022-11-26,0.00,0.00,2022-12-01,2026-03-27,National Payments Corporation of India (NPCI),https://www.npci.org.in/product/cts/product-statistics
2022-23,2022,November,11,27,2022-11-27,0.00,0.00,2022-12-01,2026-03-27,National Payments Corporation of India (NPCI),https://www.npci.org.in/product/cts/product-statistics
2022-23,2022,November,11,28,2022-11-28,34.24,32620.43,2022-12-01,2026-03-27,National Payments Corporation of India (NPCI),https://www.npci.org.in/product/cts/product-statistics
2022-23,2022,November,11,29,2022-11-29,25.69,26141.94,2022-12-01,2026-03-27,National Payments Corporation of India (NPCI),https://www.npci.org.in/product/cts/product-statistics
2022-23,2022,November,11,30,2022-11-30,23.91,25782.96,2022-12-01,2026-03-27,National Payments Corporation of India (NPCI),https://www.npci.org.in/product/cts/product-statistics
2022-23,2022,December,12,1,2022-12-01,20.78,23861.28,2023-01-01,2026-03-27,National Payments Corporation of India (NPCI),https://www.npci.org.in/product/cts/product-statistics
2022-23,2022,December,12,2,2022-12-02,21.56,24056.10,2023-01-01,2026-03-27,National Payments Corporation of India (NPCI),https://www.npci.org.in/product/cts/product-statistics
2022-23,2022,December,12,3,2022-12-03,21.76,21995.60,2023-01-01,2026-03-27,National Payments Corporation of India (NPCI),https://www.npci.org.in/product/cts/product-statistics
2022-23,2022,December,12,4,2022-12-04,0.00,0.00,2023-01-01,2026-03-27,National Payments Corporation of India (NPCI),https://www.npci.org.in/product/cts/product-statistics
2022-23,2022,December,12,5,2022-12-05,23.76,22407.88,2023-01-01,2026-03-27,National Payments Corporation of India (NPCI),https://www.npci.org.in/product/cts/product-statistics
2022-23,2022,December,12,6,2022-12-06,26.04,25509.50,2023-01-01,2026-03-27,National Payments Corporation of India (NPCI),https://www.npci.org.in/product/cts/product-statistics
2022-23,2022,December,12,7,2022-12-07,23.98,25164.55,2023-01-01,2026-03-27,National Payments Corporation of India (NPCI),https://www.npci.org.in/product/cts/product-statistics
2022-23,2022,December,12,8,2022-12-08,22.90,23734.26,2023-01-01,2026-03-27,National Payments Corporation of India (NPCI),https://www.npci.org.in/product/cts/product-statistics
2022-23,2022,December,12,9,2022-12-09,22.85,22906.74,2023-01-01,2026-03-27,National Payments Corporation of India (NPCI),https://www.npci.org.in/product/cts/product-statistics
2022-23,2022,December,12,10,2022-12-10,0.00,0.00,2023-01-01,2026-03-27,National Payments Corporation of India (NPCI),https://www.npci.org.in/product/cts/product-statistics
2022-23,2022,December,12,11,2022-12-11,0.00,0.00,2023-01-01,2026-03-27,National Payments Corporation of India (NPCI),https://www.npci.org.in/product/cts/product-statistics
2022-23,2022,December,12,12,2022-12-12,35.98,31727.22,2023-01-01,2026-03-27,National Payments Corporation of India (NPCI),https://www.npci.org.in/product/cts/product-statistics
2022-23,2022,December,12,13,2022-12-13,31.59,30935.54,2023-01-01,2026-03-27,National Payments Corporation of India (NPCI),https://www.npci.org.in/product/cts/product-statistics
2022-23,2022,December,12,14,2022-12-14,25.19,24946.73,2023-01-01,2026-03-27,National Payments Corporation of India (NPCI),https://www.npci.org.in/product/cts/product-statistics
2022-23,2022,December,12,15,2022-12-15,25.31,25665.76,2023-01-01,2026-03-27,National Payments Corporation of India (NPCI),https://www.npci.org.in/product/cts/product-statistics
2022-23,2022,December,12,16,2022-12-16,23.26,25370.66,2023-01-01,2026-03-27,National Payments Corporation of India (NPCI),https://www.npci.org.in/product/cts/product-statistics
2022-23,2022,December,12,17,2022-12-17,20.17,20253.99,2023-01-01,2026-03-27,National Payments Corporation of India (NPCI),https://www.npci.org.in/product/cts/product-statistics
2022-23,2022,December,12,18,2022-12-18,0.00,0.00,2023-01-01,2026-03-27,National Payments Corporation of India (NPCI),https://www.npci.org.in/product/cts/product-statistics
2022-23,2022,December,12,19,2022-12-19,25.44,23659.22,2023-01-01,2026-03-27,National Payments Corporation of India (NPCI),https://www.npci.org.in/product/cts/product-statistics
2022-23,2022,December,12,20,2022-12-20,25.73,25574.73,2023-01-01,2026-03-27,National Payments Corporation of India (NPCI),https://www.npci.org.in/product/cts/product-statistics
2022-23,2022,December,12,21,2022-12-21,22.95,24196.79,2023-01-01,2026-03-27,National Payments Corporation of India (NPCI),https://www.npci.org.in/product/cts/product-statistics
2022-23,2022,December,12,22,2022-12-22,22.43,23716.06,2023-01-01,2026-03-27,National Payments Corporation of India (NPCI),https://www.npci.org.in/product/cts/product-statistics
2022-23,2022,December,12,23,2022-12-23,22.27,23848.11,2023-01-01,2026-03-27,National Payments Corporation of India (NPCI),https://www.npci.org.in/product/cts/product-statistics
2022-23,2022,December,12,24,2022-12-24,0.00,0.00,2023-01-01,2026-03-27,National Payments Corporation of India (NPCI),https://www.npci.org.in/product/cts/product-statistics
2022-23,2022,December,12,25,2022-12-25,0.00,0.00,2023-01-01,2026-03-27,National Payments Corporation of India (NPCI),https://www.npci.org.in/product/cts/product-statistics
2022-23,2022,December,12,26,2022-12-26,34.56,32385.94,2023-01-01,2026-03-27,National Payments Corporation of India (NPCI),https://www.npci.org.in/product/cts/product-statistics
2022-23,2022,December,12,27,2022-12-27,26.57,26707.84,2023-01-01,2026-03-27,National Payments Corporation of India (NPCI),https://www.npci.org.in/product/cts/product-statistics
2022-23,2022,December,12,28,2022-12-28,22.19,23845.92,2023-01-01,2026-03-27,National Payments Corporation of India (NPCI),https://www.npci.org.in/product/cts/product-statistics
2022-23,2022,December,12,29,2022-12-29,20.56,23208.69,2023-01-01,2026-03-27,National Payments Corporation of India (NPCI),https://www.npci.org.in/product/cts/product-statistics
2022-23,2022,December,12,30,2022-12-30,22.17,24476.28,2023-01-01,2026-03-27,National Payments Corporation of India (NPCI),https://www.npci.org.in/product/cts/product-statistics
2022-23,2022,December,12,31,2022-12-31,18.14,19748.08,2023-01-01,2026-03-27,National Payments Corporation of India (NPCI),https://www.npci.org.in/product/cts/product-statistics
2022-23,2023,January,1,1,2023-01-01,0.00,0.00,2023-02-01,2026-03-27,National Payments Corporation of India (NPCI),https://www.npci.org.in/product/cts/product-statistics
2022-23,2023,January,1,2,2023-01-02,22.08,23693.52,2023-02-01,2026-03-27,National Payments Corporation of India (NPCI),https://www.npci.org.in/product/cts/product-statistics
2022-23,2023,January,1,3,2023-01-03,22.60,24688.38,2023-02-01,2026-03-27,National Payments Corporation of India (NPCI),https://www.npci.org.in/product/cts/product-statistics
2022-23,2023,January,1,4,2023-01-04,23.25,23143.05,2023-02-01,2026-03-27,National Payments Corporation of India (NPCI),https://www.npci.org.in/product/cts/product-statistics
2022-23,2023,January,1,5,2023-01-05,23.90,25520.24,2023-02-01,2026-03-27,National Payments Corporation of India (NPCI),https://www.npci.org.in/product/cts/product-statistics
2022-23,2023,January,1,6,2023-01-06,22.53,22396.92,2023-02-01,2026-03-27,National Payments Corporation of India (NPCI),https://www.npci.org.in/product/cts/product-statistics
2022-23,2023,January,1,7,2023-01-07,20.84,21729.57,2023-02-01,2026-03-27,National Payments Corporation of India (NPCI),https://www.npci.org.in/product/cts/product-statistics
2022-23,2023,January,1,8,2023-01-08,0.00,0.00,2023-02-01,2026-03-27,National Payments Corporation of India (NPCI),https://www.npci.org.in/product/cts/product-statistics
2022-23,2023,January,1,9,2023-01-09,25.64,22702.86,2023-02-01,2026-03-27,National Payments Corporation of India (NPCI),https://www.npci.org.in/product/cts/product-statistics
2022-23,2023,January,1,10,2023-01-10,27.90,25710.73,2023-02-01,2026-03-27,National Payments Corporation of India (NPCI),https://www.npci.org.in/product/cts/product-statistics
2022-23,2023,January,1,11,2023-01-11,24.26,23648.40,2023-02-01,2026-03-27,National Payments Corporation of India (NPCI),https://www.npci.org.in/product/cts/product-statistics
2022-23,2023,January,1,12,2023-01-12,23.89,23217.11,2023-02-01,2026-03-27,National Payments Corporation of India (NPCI),https://www.npci.org.in/product/cts/product-statistics
2022-23,2023,January,1,13,2023-01-13,23.96,23127.99,2023-02-01,2026-03-27,National Payments Corporation of India (NPCI),https://www.npci.org.in/product/cts/product-statistics
2022-23,2023,January,1,14,2023-01-14,0.00,0.00,2023-02-01,2026-03-27,National Payments Corporation of India (NPCI),https://www.npci.org.in/product/cts/product-statistics
2022-23,2023,January,1,15,2023-01-15,0.00,0.00,2023-02-01,2026-03-27,National Payments Corporation of India (NPCI),https://www.npci.org.in/product/cts/product-statistics
2022-23,2023,January,1,16,2023-01-16,31.49,27390.84,2023-02-01,2026-03-27,National Payments Corporation of India (NPCI),https://www.npci.org.in/product/cts/product-statistics
2022-23,2023,January,1,17,2023-01-17,25.52,24134.57,2023-02-01,2026-03-27,National Payments Corporation of India (NPCI),https://www.npci.org.in/product/cts/product-statistics
2022-23,2023,January,1,18,2023-01-18,25.63,24910.28,2023-02-01,2026-03-27,National Payments Corporation of India (NPCI),https://www.npci.org.in/product/cts/product-statistics
2022-23,2023,January,1,19,2023-01-19,22.77,23180.13,2023-02-01,2026-03-27,National Payments Corporation of India (NPCI),https://www.npci.org.in/product/cts/product-statistics
2022-23,2023,January,1,20,2023-01-20,23.52,24105.60,2023-02-01,2026-03-27,National Payments Corporation of India (NPCI),https://www.npci.org.in/product/cts/product-statistics
2022-23,2023,January,1,21,2023-01-21,20.49,21111.92,2023-02-01,2026-03-27,National Payments Corporation of India (NPCI),https://www.npci.org.in/product/cts/product-statistics
2022-23,2023,January,1,22,2023-01-22,0.00,0.00,2023-02-01,2026-03-27,National Payments Corporation of India (NPCI),https://www.npci.org.in/product/cts/product-statistics
2022-23,2023,January,1,23,2023-01-23,23.20,22621.89,2023-02-01,2026-03-27,National Payments Corporation of India (NPCI),https://www.npci.org.in/product/cts/product-statistics
2022-23,2023,January,1,24,2023-01-24,24.29,26118.02,2023-02-01,2026-03-27,National Payments Corporation of India (NPCI),https://www.npci.org.in/product/cts/product-statistics
2022-23,2023,January,1,25,2023-01-25,24.22,25838.17,2023-02-01,2026-03-27,National Payments Corporation of India (NPCI),https://www.npci.org.in/product/cts/product-statistics
2022-23,2023,January,1,26,2023-01-26,0.00,0.00,2023-02-01,2026-03-27,National Payments Corporation of India (NPCI),https://www.npci.org.in/product/cts/product-statistics
2022-23,2023,January,1,27,2023-01-27,26.93,26446.58,2023-02-01,2026-03-27,National Payments Corporation of India (NPCI),https://www.npci.org.in/product/cts/product-statistics
2022-23,2023,January,1,28,2023-01-28,0.00,0.00,2023-02-01,2026-03-27,National Payments Corporation of India (NPCI),https://www.npci.org.in/product/cts/product-statistics
2022-23,2023,January,1,29,2023-01-29,0.00,0.00,2023-02-01,2026-03-27,National Payments Corporation of India (NPCI),https://www.npci.org.in/product/cts/product-statistics
2022-23,2023,January,1,30,2023-01-30,37.13,36321.99,2023-02-01,2026-03-27,National Payments Corporation of India (NPCI),https://www.npci.org.in/product/cts/product-statistics
2022-23,2023,January,1,31,2023-01-31,27.14,28880.61,2023-02-01,2026-03-27,National Payments Corporation of India (NPCI),https://www.npci.org.in/product/cts/product-statistics
2022-23,2023,February,2,1,2023-02-01,23.25,26630.65,2023-03-01,2026-03-27,National Payments Corporation of India (NPCI),https://www.npci.org.in/product/cts/product-statistics
2022-23,2023,February,2,2,2023-02-02,22.70,25686.67,2023-03-01,2026-03-27,National Payments Corporation of India (NPCI),https://www.npci.org.in/product/cts/product-statistics
2022-23,2023,February,2,3,2023-02-03,21.52,24242.48,2023-03-01,2026-03-27,National Payments Corporation of India (NPCI),https://www.npci.org.in/product/cts/product-statistics
2022-23,2023,February,2,4,2023-02-04,22.82,23319.09,2023-03-01,2026-03-27,National Payments Corporation of India (NPCI),https://www.npci.org.in/product/cts/product-statistics
2022-23,2023,February,2,5,2023-02-05,0.00,0.00,2023-03-01,2026-03-27,National Payments Corporation of India (NPCI),https://www.npci.org.in/product/cts/product-statistics
2022-23,2023,February,2,6,2023-02-06,26.74,24623.04,2023-03-01,2026-03-27,National Payments Corporation of India (NPCI),https://www.npci.org.in/product/cts/product-statistics
2022-23,2023,February,2,7,2023-02-07,25.76,25917.04,2023-03-01,2026-03-27,National Payments Corporation of India (NPCI),https://www.npci.org.in/product/cts/product-statistics
2022-23,2023,February,2,8,2023-02-08,23.97,24066.52,2023-03-01,2026-03-27,National Payments Corporation of India (NPCI),https://www.npci.org.in/product/cts/product-statistics
2022-23,2023,February,2,9,2023-02-09,23.34,23649.93,2023-03-01,2026-03-27,National Payments Corporation of India (NPCI),https://www.npci.org.in/product/cts/product-statistics
2022-23,2023,February,2,10,2023-02-10,25.81,25698.81,2023-03-01,2026-03-27,National Payments Corporation of India (NPCI),https://www.npci.org.in/product/cts/product-statistics
2022-23,2023,February,2,11,2023-02-11,0.00,0.00,2023-03-01,2026-03-27,National Payments Corporation of India (NPCI),https://www.npci.org.in/product/cts/product-statistics
2022-23,2023,February,2,12,2023-02-12,0.00,0.00,2023-03-01,2026-03-27,National Payments Corporation of India (NPCI),https://www.npci.org.in/product/cts/product-statistics
2022-23,2023,February,2,13,2023-02-13,37.18,33112.24,2023-03-01,2026-03-27,National Payments Corporation of India (NPCI),https://www.npci.org.in/product/cts/product-statistics
2022-23,2023,February,2,14,2023-02-14,28.88,27271.05,2023-03-01,2026-03-27,National Payments Corporation of India (NPCI),https://www.npci.org.in/product/cts/product-statistics
2022-23,2023,February,2,15,2023-02-15,26.80,26452.39,2023-03-01,2026-03-27,National Payments Corporation of India (NPCI),https://www.npci.org.in/product/cts/product-statistics
2022-23,2023,February,2,16,2023-02-16,23.91,25416.61,2023-03-01,2026-03-27,National Payments Corporation of India (NPCI),https://www.npci.org.in/product/cts/product-statistics
2022-23,2023,February,2,17,2023-02-17,22.22,23511.73,2023-03-01,2026-03-27,National Payments Corporation of India (NPCI),https://www.npci.org.in/product/cts/product-statistics
2022-23,2023,February,2,18,2023-02-18,5.72,5815.19,2023-03-01,2026-03-27,National Payments Corporation of India (NPCI),https://www.npci.org.in/product/cts/product-statistics
2022-23,2023,February,2,19,2023-02-19,0.00,0.00,2023-03-01,2026-03-27,National Payments Corporation of India (NPCI),https://www.npci.org.in/product/cts/product-statistics
2022-23,2023,February,2,20,2023-02-20,33.18,31291.76,2023-03-01,2026-03-27,National Payments Corporation of India (NPCI),https://www.npci.org.in/product/cts/product-statistics
2022-23,2023,February,2,21,2023-02-21,26.38,27248.71,2023-03-01,2026-03-27,National Payments Corporation of India (NPCI),https://www.npci.org.in/product/cts/product-statistics
2022-23,2023,February,2,22,2023-02-22,23.65,24509.21,2023-03-01,2026-03-27,National Payments Corporation of India (NPCI),https://www.npci.org.in/product/cts/product-statistics
2022-23,2023,February,2,23,2023-02-23,21.71,24530.38,2023-03-01,2026-03-27,National Payments Corporation of India (NPCI),https://www.npci.org.in/product/cts/product-statistics
2022-23,2023,February,2,24,2023-02-24,22.09,25046.18,2023-03-01,2026-03-27,National Payments Corporation of India (NPCI),https://www.npci.org.in/product/cts/product-statistics
2022-23,2023,February,2,25,2023-02-25,0.00,0.00,2023-03-01,2026-03-27,National Payments Corporation of India (NPCI),https://www.npci.org.in/product/cts/product-statistics
2022-23,2023,February,2,26,2023-02-26,0.00,0.00,2023-03-01,2026-03-27,National Payments Corporation of India (NPCI),https://www.npci.org.in/product/cts/product-statistics
2022-23,2023,February,2,27,2023-02-27,36.12,36104.14,2023-03-01,2026-03-27,National Payments Corporation of India (NPCI),https://www.npci.org.in/product/cts/product-statistics
2022-23,2023,February,2,28,2023-02-28,30.15,31546.65,2023-03-01,2026-03-27,National Payments Corporation of India (NPCI),https://www.npci.org.in/product/cts/product-statistics
2022-23,2023,March,3,1,2023-03-01,25.07,27996.39,2023-04-01,2026-03-27,National Payments Corporation of India (NPCI),https://www.npci.org.in/product/cts/product-statistics
2022-23,2023,March,3,2,2023-03-02,24.34,26780.49,2023-04-01,2026-03-27,National Payments Corporation of India (NPCI),https://www.npci.org.in/product/cts/product-statistics
2022-23,2023,March,3,3,2023-03-03,23.67,26849.49,2023-04-01,2026-03-27,National Payments Corporation of India (NPCI),https://www.npci.org.in/product/cts/product-statistics
2022-23,2023,March,3,4,2023-03-04,23.93,24865.89,2023-04-01,2026-03-27,National Payments Corporation of India (NPCI),https://www.npci.org.in/product/cts/product-statistics
2022-23,2023,March,3,5,2023-03-05,0.00,0.00,2023-04-01,2026-03-27,National Payments Corporation of India (NPCI),https://www.npci.org.in/product/cts/product-statistics
2022-23,2023,March,3,6,2023-03-06,27.61,25527.55,2023-04-01,2026-03-27,National Payments Corporation of India (NPCI),https://www.npci.org.in/product/cts/product-statistics
2022-23,2023,March,3,7,2023-03-07,13.35,14702.31,2023-04-01,2026-03-27,National Payments Corporation of India (NPCI),https://www.npci.org.in/product/cts/product-statistics
2022-23,2023,March,3,8,2023-03-08,15.45,14488.50,2023-04-01,2026-03-27,National Payments Corporation of India (NPCI),https://www.npci.org.in/product/cts/product-statistics
2022-23,2023,March,3,9,2023-03-09,24.30,24280.19,2023-04-01,2026-03-27,National Payments Corporation of India (NPCI),https://www.npci.org.in/product/cts/product-statistics
2022-23,2023,March,3,10,2023-03-10,27.54,28220.52,2023-04-01,2026-03-27,National Payments Corporation of India (NPCI),https://www.npci.org.in/product/cts/product-statistics
2022-23,2023,March,3,11,2023-03-11,0.00,0.00,2023-04-01,2026-03-27,National Payments Corporation of India (NPCI),https://www.npci.org.in/product/cts/product-statistics
2022-23,2023,March,3,12,2023-03-12,0.00,0.00,2023-04-01,2026-03-27,National Payments Corporation of India (NPCI),https://www.npci.org.in/product/cts/product-statistics
2022-23,2023,March,3,13,2023-03-13,38.74,36028.75,2023-04-01,2026-03-27,National Payments Corporation of India (NPCI),https://www.npci.org.in/product/cts/product-statistics
2022-23,2023,March,3,14,2023-03-14,30.90,31282.00,2023-04-01,2026-03-27,National Payments Corporation of India (NPCI),https://www.npci.org.in/product/cts/product-statistics
2022-23,2023,March,3,15,2023-03-15,28.65,29790.72,2023-04-01,2026-03-27,National Payments Corporation of India (NPCI),https://www.npci.org.in/product/cts/product-statistics
2022-23,2023,March,3,16,2023-03-16,25.97,26920.38,2023-04-01,2026-03-27,National Payments Corporation of India (NPCI),https://www.npci.org.in/product/cts/product-statistics
2022-23,2023,March,3,17,2023-03-17,24.08,27010.13,2023-04-01,2026-03-27,National Payments Corporation of India (NPCI),https://www.npci.org.in/product/cts/product-statistics
2022-23,2023,March,3,18,2023-03-18,22.25,23433.21,2023-04-01,2026-03-27,National Payments Corporation of India (NPCI),https://www.npci.org.in/product/cts/product-statistics
2022-23,2023,March,3,19,2023-03-19,0.00,0.00,2023-04-01,2026-03-27,National Payments Corporation of India (NPCI),https://www.npci.org.in/product/cts/product-statistics
2022-23,2023,March,3,20,2023-03-20,27.48,27311.50,2023-04-01,2026-03-27,National Payments Corporation of India (NPCI),https://www.npci.org.in/product/cts/product-statistics
2022-23,2023,March,3,21,2023-03-21,26.29,30541.41,2023-04-01,2026-03-27,National Payments Corporation of India (NPCI),https://www.npci.org.in/product/cts/product-statistics
2022-23,2023,March,3,22,2023-03-22,14.41,15946.24,2023-04-01,2026-03-27,National Payments Corporation of India (NPCI),https://www.npci.org.in/product/cts/product-statistics
2022-23,2023,March,3,23,2023-03-23,27.73,30924.94,2023-04-01,2026-03-27,National Payments Corporation of India (NPCI),https://www.npci.org.in/product/cts/product-statistics
2022-23,2023,March,3,24,2023-03-24,26.93,32746.69,2023-04-01,2026-03-27,National Payments Corporation of India (NPCI),https://www.npci.org.in/product/cts/product-statistics
2022-23,2023,March,3,25,2023-03-25,0.00,0.00,2023-04-01,2026-03-27,National Payments Corporation of India (NPCI),https://www.npci.org.in/product/cts/product-statistics
2022-23,2023,March,3,26,2023-03-26,0.00,0.00,2023-04-01,2026-03-27,National Payments Corporation of India (NPCI),https://www.npci.org.in/product/cts/product-statistics
2022-23,2023,March,3,27,2023-03-27,42.14,46008.72,2023-04-01,2026-03-27,National Payments Corporation of India (NPCI),https://www.npci.org.in/product/cts/product-statistics
2022-23,2023,March,3,28,2023-03-28,35.25,43063.26,2023-04-01,2026-03-27,National Payments Corporation of India (NPCI),https://www.npci.org.in/product/cts/product-statistics
2022-23,2023,March,3,29,2023-03-29,29.20,39268.23,2023-04-01,2026-03-27,National Payments Corporation of India (NPCI),https://www.npci.org.in/product/cts/product-statistics
2022-23,2023,March,3,30,2023-03-30,10.40,15819.07,2023-04-01,2026-03-27,National Payments Corporation of India (NPCI),https://www.npci.org.in/product/cts/product-statistics
2022-23,2023,March,3,31,2023-03-31,27.08,36374.55,2023-04-01,2026-03-27,National Payments Corporation of India (NPCI),https://www.npci.org.in/product/cts/product-statistics
2023-24,2023,April,4,1,2023-04-01,0.00,0.00,2023-05-01,2026-03-27,National Payments Corporation of India (NPCI),https://www.npci.org.in/product/cts/product-statistics
2023-24,2023,April,4,2,2023-04-02,0.00,0.00,2023-05-01,2026-03-27,National Payments Corporation of India (NPCI),https://www.npci.org.in/product/cts/product-statistics
2023-24,2023,April,4,3,2023-04-03,3.35,46111.98,2023-05-01,2026-03-27,National Payments Corporation of India (NPCI),https://www.npci.org.in/product/cts/product-statistics
2023-24,2023,April,4,4,2023-04-04,1.18,13996.01,2023-05-01,2026-03-27,National Payments Corporation of India (NPCI),https://www.npci.org.in/product/cts/product-statistics
2023-24,2023,April,4,5,2023-04-05,3.71,43513.84,2023-05-01,2026-03-27,National Payments Corporation of India (NPCI),https://www.npci.org.in/product/cts/product-statistics
2023-24,2023,April,4,6,2023-04-06,2.89,36421.08,2023-05-01,2026-03-27,National Payments Corporation of India (NPCI),https://www.npci.org.in/product/cts/product-statistics
2023-24,2023,April,4,7,2023-04-07,0.77,9363.62,2023-05-01,2026-03-27,National Payments Corporation of India (NPCI),https://www.npci.org.in/product/cts/product-statistics
2023-24,2023,April,4,8,2023-04-08,0.00,0.00,2023-05-01,2026-03-27,National Payments Corporation of India (NPCI),https://www.npci.org.in/product/cts/product-statistics
2023-24,2023,April,4,9,2023-04-09,0.00,0.00,2023-05-01,2026-03-27,National Payments Corporation of India (NPCI),https://www.npci.org.in/product/cts/product-statistics
2023-24,2023,April,4,10,2023-04-10,4.48,45490.97,2023-05-01,2026-03-27,National Payments Corporation of India (NPCI),https://www.npci.org.in/product/cts/product-statistics
2023-24,2023,April,4,11,2023-04-11,3.41,37466.35,2023-05-01,2026-03-27,National Payments Corporation of India (NPCI),https://www.npci.org.in/product/cts/product-statistics
2023-24,2023,April,4,12,2023-04-12,2.81,32752.21,2023-05-01,2026-03-27,National Payments Corporation of India (NPCI),https://www.npci.org.in/product/cts/product-statistics
2023-24,2023,April,4,13,2023-04-13,2.54,29754.44,2023-05-01,2026-03-27,National Payments Corporation of India (NPCI),https://www.npci.org.in/product/cts/product-statistics
2023-24,2023,April,4,14,2023-04-14,0.00,0.00,2023-05-01,2026-03-27,National Payments Corporation of India (NPCI),https://www.npci.org.in/product/cts/product-statistics
2023-24,2023,April,4,15,2023-04-15,2.96,31332.97,2023-05-01,2026-03-27,National Payments Corporation of India (NPCI),https://www.npci.org.in/product/cts/product-statistics
2023-24,2023,April,4,16,2023-04-16,0.00,0.00,2023-05-01,2026-03-27,National Payments Corporation of India (NPCI),https://www.npci.org.in/product/cts/product-statistics
2023-24,2023,April,4,17,2023-04-17,3.08,31254.80,2023-05-01,2026-03-27,National Payments Corporation of India (NPCI),https://www.npci.org.in/product/cts/product-statistics
2023-24,2023,April,4,18,2023-04-18,2.74,31727.90,2023-05-01,2026-03-27,National Payments Corporation of India (NPCI),https://www.npci.org.in/product/cts/product-statistics
2023-24,2023,April,4,19,2023-04-19,2.40,27262.22,2023-05-01,2026-03-27,National Payments Corporation of India (NPCI),https://www.npci.org.in/product/cts/product-statistics
2023-24,2023,April,4,20,2023-04-20,2.44,26795.59,2023-05-01,2026-03-27,National Payments Corporation of India (NPCI),https://www.npci.org.in/product/cts/product-statistics
2023-24,2023,April,4,21,2023-04-21,2.14,25407.44,2023-05-01,2026-03-27,National Payments Corporation of India (NPCI),https://www.npci.org.in/product/cts/product-statistics
2023-24,2023,April,4,22,2023-04-22,0.00,0.00,2023-05-01,2026-03-27,National Payments Corporation of India (NPCI),https://www.npci.org.in/product/cts/product-statistics
2023-24,2023,April,4,23,2023-04-23,0.00,0.00,2023-05-01,2026-03-27,National Payments Corporation of India (NPCI),https://www.npci.org.in/product/cts/product-statistics
2023-24,2023,April,4,24,2023-04-24,3.22,35064.73,2023-05-01,2026-03-27,National Payments Corporation of India (NPCI),https://www.npci.org.in/product/cts/product-statistics
2023-24,2023,April,4,25,2023-04-25,2.67,31214.69,2023-05-01,2026-03-27,National Payments Corporation of India (NPCI),https://www.npci.org.in/product/cts/product-statistics
2023-24,2023,April,4,26,2023-04-26,2.37,28955.65,2023-05-01,2026-03-27,National Payments Corporation of India (NPCI),https://www.npci.org.in/product/cts/product-statistics
2023-24,2023,April,4,27,2023-04-27,2.21,26792.38,2023-05-01,2026-03-27,National Payments Corporation of India (NPCI),https://www.npci.org.in/product/cts/product-statistics
2023-24,2023,April,4,28,2023-04-28,2.17,26239.17,2023-05-01,2026-03-27,National Payments Corporation of India (NPCI),https://www.npci.org.in/product/cts/product-statistics
2023-24,2023,April,4,29,2023-04-29,1.87,22363.10,2023-05-01,2026-03-27,National Payments Corporation of India (NPCI),https://www.npci.org.in/product/cts/product-statistics
2023-24,2023,April,4,30,2023-04-30,0.00,0.00,2023-05-01,2026-03-27,National Payments Corporation of India (NPCI),https://www.npci.org.in/product/cts/product-statistics
2023-24,2023,May,5,1,2023-05-01,1.14,12724.38,2023-06-01,2026-03-27,National Payments Corporation of India (NPCI),https://www.npci.org.in/product/cts/product-statistics
2023-24,2023,May,5,2,2023-05-02,2.77,29900.57,2023-06-01,2026-03-27,National Payments Corporation of India (NPCI),https://www.npci.org.in/product/cts/product-statistics
2023-24,2023,May,5,3,2023-05-03,2.38,27188.54,2023-06-01,2026-03-27,National Payments Corporation of India (NPCI),https://www.npci.org.in/product/cts/product-statistics
2023-24,2023,May,5,4,2023-05-04,2.22,25500.33,2023-06-01,2026-03-27,National Payments Corporation of India (NPCI),https://www.npci.org.in/product/cts/product-statistics
2023-24,2023,May,5,5,2023-05-05,1.10,13195.50,2023-06-01,2026-03-27,National Payments Corporation of India (NPCI),https://www.npci.org.in/product/cts/product-statistics
2023-24,2023,May,5,6,2023-05-06,2.67,27099.34,2023-06-01,2026-03-27,National Payments Corporation of India (NPCI),https://www.npci.org.in/product/cts/product-statistics
2023-24,2023,May,5,7,2023-05-07,0.00,0.00,2023-06-01,2026-03-27,National Payments Corporation of India (NPCI),https://www.npci.org.in/product/cts/product-statistics
2023-24,2023,May,5,8,2023-05-08,2.63,24945.13,2023-06-01,2026-03-27,National Payments Corporation of India (NPCI),https://www.npci.org.in/product/cts/product-statistics
2023-24,2023,May,5,9,2023-05-09,2.38,25484.75,2023-06-01,2026-03-27,National Payments Corporation of India (NPCI),https://www.npci.org.in/product/cts/product-statistics
2023-24,2023,May,5,10,2023-05-10,2.44,24391.69,2023-06-01,2026-03-27,National Payments Corporation of India (NPCI),https://www.npci.org.in/product/cts/product-statistics
2023-24,2023,May,5,11,2023-05-11,2.24,24126.11,2023-06-01,2026-03-27,National Payments Corporation of India (NPCI),https://www.npci.org.in/product/cts/product-statistics
2023-24,2023,May,5,12,2023-05-12,2.30,25241.55,2023-06-01,2026-03-27,National Payments Corporation of India (NPCI),https://www.npci.org.in/product/cts/product-statistics
2023-24,2023,May,5,13,2023-05-13,0.00,0.00,2023-06-01,2026-03-27,National Payments Corporation of India (NPCI),https://www.npci.org.in/product/cts/product-statistics
2023-24,2023,May,5,14,2023-05-14,0.00,0.00,2023-06-01,2026-03-27,National Payments Corporation of India (NPCI),https://www.npci.org.in/product/cts/product-statistics
2023-24,2023,May,5,15,2023-05-15,3.52,34172.33,2023-06-01,2026-03-27,National Payments Corporation of India (NPCI),https://www.npci.org.in/product/cts/product-statistics
2023-24,2023,May,5,16,2023-05-16,2.67,27487.54,2023-06-01,2026-03-27,National Payments Corporation of India (NPCI),https://www.npci.org.in/product/cts/product-statistics
2023-24,2023,May,5,17,2023-05-17,2.27,24798.02,2023-06-01,2026-03-27,National Payments Corporation of India (NPCI),https://www.npci.org.in/product/cts/product-statistics
2023-24,2023,May,5,18,2023-05-18,2.24,25701.21,2023-06-01,2026-03-27,National Payments Corporation of India (NPCI),https://www.npci.org.in/product/cts/product-statistics
2023-24,2023,May,5,19,2023-05-19,2.04,23990.08,2023-06-01,2026-03-27,National Payments Corporation of India (NPCI),https://www.npci.org.in/product/cts/product-statistics
2023-24,2023,May,5,20,2023-05-20,2.02,20798.99,2023-06-01,2026-03-27,National Payments Corporation of India (NPCI),https://www.npci.org.in/product/cts/product-statistics
2023-24,2023,May,5,21,2023-05-21,0.00,0.00,2023-06-01,2026-03-27,National Payments Corporation of India (NPCI),https://www.npci.org.in/product/cts/product-statistics
2023-24,2023,May,5,22,2023-05-22,2.25,23895.20,2023-06-01,2026-03-27,National Payments Corporation of India (NPCI),https://www.npci.org.in/product/cts/product-statistics
2023-24,2023,May,5,23,2023-05-23,2.14,25646.32,2023-06-01,2026-03-27,National Payments Corporation of India (NPCI),https://www.npci.org.in/product/cts/product-statistics
2023-24,2023,May,5,24,2023-05-24,2.02,24414.97,2023-06-01,2026-03-27,National Payments Corporation of India (NPCI),https://www.npci.org.in/product/cts/product-statistics
2023-24,2023,May,5,25,2023-05-25,2.09,25360.50,2023-06-01,2026-03-27,National Payments Corporation of India (NPCI),https://www.npci.org.in/product/cts/product-statistics
2023-24,2023,May,5,26,2023-05-26,2.04,25240.08,2023-06-01,2026-03-27,National Payments Corporation of India (NPCI),https://www.npci.org.in/product/cts/product-statistics
2023-24,2023,May,5,27,2023-05-27,0.00,0.00,2023-06-01,2026-03-27,National Payments Corporation of India (NPCI),https://www.npci.org.in/product/cts/product-statistics
2023-24,2023,May,5,28,2023-05-28,0.00,0.00,2023-06-01,2026-03-27,National Payments Corporation of India (NPCI),https://www.npci.org.in/product/cts/product-statistics
2023-24,2023,May,5,29,2023-05-29,3.22,33972.46,2023-06-01,2026-03-27,National Payments Corporation of India (NPCI),https://www.npci.org.in/product/cts/product-statistics
2023-24,2023,May,5,30,2023-05-30,2.42,28087.28,2023-06-01,2026-03-27,National Payments Corporation of India (NPCI),https://www.npci.org.in/product/cts/product-statistics
2023-24,2023,May,5,31,2023-05-31,2.00,24409.10,2023-06-01,2026-03-27,National Payments Corporation of India (NPCI),https://www.npci.org.in/product/cts/product-statistics
2023-24,2023,June,6,1,2023-06-01,1.97,25478.96,2023-07-01,2026-03-27,National Payments Corporation of India (NPCI),https://www.npci.org.in/product/cts/product-statistics
2023-24,2023,June,6,2,2023-06-02,1.96,24049.78,2023-07-01,2026-03-27,National Payments Corporation of India (NPCI),https://www.npci.org.in/product/cts/product-statistics
2023-24,2023,June,6,3,2023-06-03,2.03,21466.51,2023-07-01,2026-03-27,National Payments Corporation of India (NPCI),https://www.npci.org.in/product/cts/product-statistics
2023-24,2023,June,6,4,2023-06-04,0.00,0.00,2023-07-01,2026-03-27,National Payments Corporation of India (NPCI),https://www.npci.org.in/product/cts/product-statistics
2023-24,2023,June,6,5,2023-06-05,2.46,24096.91,2023-07-01,2026-03-27,National Payments Corporation of India (NPCI),https://www.npci.org.in/product/cts/product-statistics
2023-24,2023,June,6,6,2023-06-06,2.35,24986.24,2023-07-01,2026-03-27,National Payments Corporation of India (NPCI),https://www.npci.org.in/product/cts/product-statistics
2023-24,2023,June,6,7,2023-06-07,2.17,22987.18,2023-07-01,2026-03-27,National Payments Corporation of India (NPCI),https://www.npci.org.in/product/cts/product-statistics
2023-24,2023,June,6,8,2023-06-08,2.15,23379.16,2023-07-01,2026-03-27,National Payments Corporation of India (NPCI),https://www.npci.org.in/product/cts/product-statistics
2023-24,2023,June,6,9,2023-06-09,2.21,23580.95,2023-07-01,2026-03-27,National Payments Corporation of India (NPCI),https://www.npci.org.in/product/cts/product-statistics
2023-24,2023,June,6,10,2023-06-10,0.00,0.00,2023-07-01,2026-03-27,National Payments Corporation of India (NPCI),https://www.npci.org.in/product/cts/product-statistics
2023-24,2023,June,6,11,2023-06-11,0.00,0.00,2023-07-01,2026-03-27,National Payments Corporation of India (NPCI),https://www.npci.org.in/product/cts/product-statistics
2023-24,2023,June,6,12,2023-06-12,3.58,33125.93,2023-07-01,2026-03-27,National Payments Corporation of India (NPCI),https://www.npci.org.in/product/cts/product-statistics
2023-24,2023,June,6,13,2023-06-13,2.75,27325.46,2023-07-01,2026-03-27,National Payments Corporation of India (NPCI),https://www.npci.org.in/product/cts/product-statistics
2023-24,2023,June,6,14,2023-06-14,2.29,23892.83,2023-07-01,2026-03-27,National Payments Corporation of India (NPCI),https://www.npci.org.in/product/cts/product-statistics
2023-24,2023,June,6,15,2023-06-15,2.29,24353.23,2023-07-01,2026-03-27,National Payments Corporation of India (NPCI),https://www.npci.org.in/product/cts/product-statistics
2023-24,2023,June,6,16,2023-06-16,2.13,23756.87,2023-07-01,2026-03-27,National Payments Corporation of India (NPCI),https://www.npci.org.in/product/cts/product-statistics
2023-24,2023,June,6,17,2023-06-17,1.92,20217.37,2023-07-01,2026-03-27,National Payments Corporation of India (NPCI),https://www.npci.org.in/product/cts/product-statistics
2023-24,2023,June,6,18,2023-06-18,0.00,0.00,2023-07-01,2026-03-27,National Payments Corporation of India (NPCI),https://www.npci.org.in/product/cts/product-statistics
2023-24,2023,June,6,19,2023-06-19,2.32,22927.54,2023-07-01,2026-03-27,National Payments Corporation of India (NPCI),https://www.npci.org.in/product/cts/product-statistics
2023-24,2023,June,6,20,2023-06-20,2.29,24751.65,2023-07-01,2026-03-27,National Payments Corporation of India (NPCI),https://www.npci.org.in/product/cts/product-statistics
2023-24,2023,June,6,21,2023-06-21,2.15,23710.54,2023-07-01,2026-03-27,National Payments Corporation of India (NPCI),https://www.npci.org.in/product/cts/product-statistics
2023-24,2023,June,6,22,2023-06-22,2.07,23025.26,2023-07-01,2026-03-27,National Payments Corporation of India (NPCI),https://www.npci.org.in/product/cts/product-statistics
2023-24,2023,June,6,23,2023-06-23,2.07,23463.19,2023-07-01,2026-03-27,National Payments Corporation of India (NPCI),https://www.npci.org.in/product/cts/product-statistics
2023-24,2023,June,6,24,2023-06-24,0.00,0.00,2023-07-01,2026-03-27,National Payments Corporation of India (NPCI),https://www.npci.org.in/product/cts/product-statistics
2023-24,2023,June,6,25,2023-06-25,0.00,0.00,2023-07-01,2026-03-27,National Payments Corporation of India (NPCI),https://www.npci.org.in/product/cts/product-statistics
2023-24,2023,June,6,26,2023-06-26,3.34,33500.97,2023-07-01,2026-03-27,National Payments Corporation of India (NPCI),https://www.npci.org.in/product/cts/product-statistics
2023-24,2023,June,6,27,2023-06-27,2.52,27851.09,2023-07-01,2026-03-27,National Payments Corporation of India (NPCI),https://www.npci.org.in/product/cts/product-statistics
2023-24,2023,June,6,28,2023-06-28,2.11,26117.79,2023-07-01,2026-03-27,National Payments Corporation of India (NPCI),https://www.npci.org.in/product/cts/product-statistics
2023-24,2023,June,6,29,2023-06-29,0.00,0.00,2023-07-01,2026-03-27,National Payments Corporation of India (NPCI),https://www.npci.org.in/product/cts/product-statistics
2023-24,2023,June,6,30,2023-06-30,2.81,30260.74,2023-07-01,2026-03-27,National Payments Corporation of India (NPCI),https://www.npci.org.in/product/cts/product-statistics
2023-24,2023,July,7,1,2023-07-01,2.17,24746.58,2023-08-01,2026-03-27,National Payments Corporation of India (NPCI),https://www.npci.org.in/product/cts/product-statistics
2023-24,2023,July,7,2,2023-07-02,0.00,0.00,2023-08-01,2026-03-27,National Payments Corporation of India (NPCI),https://www.npci.org.in/product/cts/product-statistics
2023-24,2023,July,7,3,2023-07-03,2.44,26001.58,2023-08-01,2026-03-27,National Payments Corporation of India (NPCI),https://www.npci.org.in/product/cts/product-statistics
2023-24,2023,July,7,4,2023-07-04,2.45,26388.60,2023-08-01,2026-03-27,National Payments Corporation of India (NPCI),https://www.npci.org.in/product/cts/product-statistics
2023-24,2023,July,7,5,2023-07-05,2.35,25016.43,2023-08-01,2026-03-27,National Payments Corporation of India (NPCI),https://www.npci.org.in/product/cts/product-statistics
2023-24,2023,July,7,6,2023-07-06,2.26,25725.72,2023-08-01,2026-03-27,National Payments Corporation of India (NPCI),https://www.npci.org.in/product/cts/product-statistics
2023-24,2023,July,7,7,2023-07-07,2.32,25608.38,2023-08-01,2026-03-27,National Payments Corporation of India (NPCI),https://www.npci.org.in/product/cts/product-statistics
2023-24,2023,July,7,8,2023-07-08,0.00,0.00,2023-08-01,2026-03-27,National Payments Corporation of India (NPCI),https://www.npci.org.in/product/cts/product-statistics
2023-24,2023,July,7,9,2023-07-09,0.00,0.00,2023-08-01,2026-03-27,National Payments Corporation of India (NPCI),https://www.npci.org.in/product/cts/product-statistics
2023-24,2023,July,7,10,2023-07-10,3.56,32625.75,2023-08-01,2026-03-27,National Payments Corporation of India (NPCI),https://www.npci.org.in/product/cts/product-statistics
2023-24,2023,July,7,11,2023-07-11,2.80,28165.11,2023-08-01,2026-03-27,National Payments Corporation of India (NPCI),https://www.npci.org.in/product/cts/product-statistics
2023-24,2023,July,7,12,2023-07-12,2.45,25070.01,2023-08-01,2026-03-27,National Payments Corporation of India (NPCI),https://www.npci.org.in/product/cts/product-statistics
2023-24,2023,July,7,13,2023-07-13,2.23,23804.64,2023-08-01,2026-03-27,National Payments Corporation of India (NPCI),https://www.npci.org.in/product/cts/product-statistics
2023-24,2023,July,7,14,2023-07-14,2.13,23320.10,2023-08-01,2026-03-27,National Payments Corporation of India (NPCI),https://www.npci.org.in/product/cts/product-statistics
2023-24,2023,July,7,15,2023-07-15,2.10,21571.83,2023-08-01,2026-03-27,National Payments Corporation of India (NPCI),https://www.npci.org.in/product/cts/product-statistics
2023-24,2023,July,7,16,2023-07-16,0.00,0.00,2023-08-01,2026-03-27,National Payments Corporation of India (NPCI),https://www.npci.org.in/product/cts/product-statistics
2023-24,2023,July,7,17,2023-07-17,2.33,22380.59,2023-08-01,2026-03-27,National Payments Corporation of India (NPCI),https://www.npci.org.in/product/cts/product-statistics
2023-24,2023,July,7,18,2023-07-18,2.24,23709.81,2023-08-01,2026-03-27,National Payments Corporation of India (NPCI),https://www.npci.org.in/product/cts/product-statistics
2023-24,2023,July,7,19,2023-07-19,2.15,22701.35,2023-08-01,2026-03-27,National Payments Corporation of India (NPCI),https://www.npci.org.in/product/cts/product-statistics
2023-24,2023,July,7,20,2023-07-20,2.20,23567.77,2023-08-01,2026-03-27,National Payments Corporation of India (NPCI),https://www.npci.org.in/product/cts/product-statistics
2023-24,2023,July,7,21,2023-07-21,2.09,22732.67,2023-08-01,2026-03-27,National Payments Corporation of India (NPCI),https://www.npci.org.in/product/cts/product-statistics
2023-24,2023,July,7,22,2023-07-22,0.00,0.00,2023-08-01,2026-03-27,National Payments Corporation of India (NPCI),https://www.npci.org.in/product/cts/product-statistics
2023-24,2023,July,7,23,2023-07-23,0.00,0.00,2023-08-01,2026-03-27,National Payments Corporation of India (NPCI),https://www.npci.org.in/product/cts/product-statistics
2023-24,2023,July,7,24,2023-07-24,3.23,32273.23,2023-08-01,2026-03-27,National Payments Corporation of India (NPCI),https://www.npci.org.in/product/cts/product-statistics
2023-24,2023,July,7,25,2023-07-25,2.56,26718.83,2023-08-01,2026-03-27,National Payments Corporation of India (NPCI),https://www.npci.org.in/product/cts/product-statistics
2023-24,2023,July,7,26,2023-07-26,2.15,24190.49,2023-08-01,2026-03-27,National Payments Corporation of India (NPCI),https://www.npci.org.in/product/cts/product-statistics
2023-24,2023,July,7,27,2023-07-27,2.03,23162.01,2023-08-01,2026-03-27,National Payments Corporation of India (NPCI),https://www.npci.org.in/product/cts/product-statistics
2023-24,2023,July,7,28,2023-07-28,1.98,22943.15,2023-08-01,2026-03-27,National Payments Corporation of India (NPCI),https://www.npci.org.in/product/cts/product-statistics
2023-24,2023,July,7,29,2023-07-29,0.47,5310.93,2023-08-01,2026-03-27,National Payments Corporation of India (NPCI),https://www.npci.org.in/product/cts/product-statistics
2023-24,2023,July,7,30,2023-07-30,0.00,0.00,2023-08-01,2026-03-27,National Payments Corporation of India (NPCI),https://www.npci.org.in/product/cts/product-statistics
2023-24,2023,July,7,31,2023-07-31,2.85,29573.66,2023-08-01,2026-03-27,National Payments Corporation of India (NPCI),https://www.npci.org.in/product/cts/product-statistics
2023-24,2023,August,8,1,2023-08-01,2.36,27345.63,2023-09-01,2026-03-27,National Payments Corporation of India (NPCI),https://www.npci.org.in/product/cts/product-statistics
2023-24,2023,August,8,2,2023-08-02,2.16,24715.51,2023-09-01,2026-03-27,National Payments Corporation of India (NPCI),https://www.npci.org.in/product/cts/product-statistics
2023-24,2023,August,8,3,2023-08-03,2.09,23585.92,2023-09-01,2026-03-27,National Payments Corporation of India (NPCI),https://www.npci.org.in/product/cts/product-statistics
2023-24,2023,August,8,4,2023-08-04,2.17,23355.70,2023-09-01,2026-03-27,National Payments Corporation of India (NPCI),https://www.npci.org.in/product/cts/product-statistics
2023-24,2023,August,8,5,2023-08-05,2.14,21972.84,2023-09-01,2026-03-27,National Payments Corporation of India (NPCI),https://www.npci.org.in/product/cts/product-statistics
2023-24,2023,August,8,6,2023-08-06,0.00,0.00,2023-09-01,2026-03-27,National Payments Corporation of India (NPCI),https://www.npci.org.in/product/cts/product-statistics
2023-24,2023,August,8,7,2023-08-07,2.45,23822.16,2023-09-01,2026-03-27,National Payments Corporation of India (NPCI),https://www.npci.org.in/product/cts/product-statistics
2023-24,2023,August,8,8,2023-08-08,2.48,25499.66,2023-09-01,2026-03-27,National Payments Corporation of India (NPCI),https://www.npci.org.in/product/cts/product-statistics
2023-24,2023,August,8,9,2023-08-09,2.28,23152.38,2023-09-01,2026-03-27,National Payments Corporation of India (NPCI),https://www.npci.org.in/product/cts/product-statistics
2023-24,2023,August,8,10,2023-08-10,2.39,24543.84,2023-09-01,2026-03-27,National Payments Corporation of India (NPCI),https://www.npci.org.in/product/cts/product-statistics
2023-24,2023,August,8,11,2023-08-11,2.32,24348.53,2023-09-01,2026-03-27,National Payments Corporation of India (NPCI),https://www.npci.org.in/product/cts/product-statistics
2023-24,2023,August,8,12,2023-08-12,0.00,0.00,2023-09-01,2026-03-27,National Payments Corporation of India (NPCI),https://www.npci.org.in/product/cts/product-statistics
2023-24,2023,August,8,13,2023-08-13,0.00,0.00,2023-09-01,2026-03-27,National Payments Corporation of India (NPCI),https://www.npci.org.in/product/cts/product-statistics
2023-24,2023,August,8,14,2023-08-14,3.45,33364.37,2023-09-01,2026-03-27,National Payments Corporation of India (NPCI),https://www.npci.org.in/product/cts/product-statistics
2023-24,2023,August,8,15,2023-08-15,0.00,0.00,2023-09-01,2026-03-27,National Payments Corporation of India (NPCI),https://www.npci.org.in/product/cts/product-statistics
2023-24,2023,August,8,16,2023-08-16,2.43,22850.21,2023-09-01,2026-03-27,National Payments Corporation of India (NPCI),https://www.npci.org.in/product/cts/product-statistics
2023-24,2023,August,8,17,2023-08-17,3.00,27976.57,2023-09-01,2026-03-27,National Payments Corporation of India (NPCI),https://www.npci.org.in/product/cts/product-statistics
2023-24,2023,August,8,18,2023-08-18,2.46,24901.67,2023-09-01,2026-03-27,National Payments Corporation of India (NPCI),https://www.npci.org.in/product/cts/product-statistics
2023-24,2023,August,8,19,2023-08-19,2.06,21605.37,2023-09-01,2026-03-27,National Payments Corporation of India (NPCI),https://www.npci.org.in/product/cts/product-statistics
2023-24,2023,August,8,20,2023-08-20,0.00,0.00,2023-09-01,2026-03-27,National Payments Corporation of India (NPCI),https://www.npci.org.in/product/cts/product-statistics
2023-24,2023,August,8,21,2023-08-21,2.53,24776.87,2023-09-01,2026-03-27,National Payments Corporation of India (NPCI),https://www.npci.org.in/product/cts/product-statistics
2023-24,2023,August,8,22,2023-08-22,2.31,25568.34,2023-09-01,2026-03-27,National Payments Corporation of India (NPCI),https://www.npci.org.in/product/cts/product-statistics
2023-24,2023,August,8,23,2023-08-23,2.14,23943.60,2023-09-01,2026-03-27,National Payments Corporation of India (NPCI),https://www.npci.org.in/product/cts/product-statistics
2023-24,2023,August,8,24,2023-08-24,2.08,23484.17,2023-09-01,2026-03-27,National Payments Corporation of India (NPCI),https://www.npci.org.in/product/cts/product-statistics
2023-24,2023,August,8,25,2023-08-25,2.21,24704.46,2023-09-01,2026-03-27,National Payments Corporation of India (NPCI),https://www.npci.org.in/product/cts/product-statistics
2023-24,2023,August,8,26,2023-08-26,0.00,0.00,2023-09-01,2026-03-27,National Payments Corporation of India (NPCI),https://www.npci.org.in/product/cts/product-statistics
2023-24,2023,August,8,27,2023-08-27,0.00,0.00,2023-09-01,2026-03-27,National Payments Corporation of India (NPCI),https://www.npci.org.in/product/cts/product-statistics
2023-24,2023,August,8,28,2023-08-28,3.24,32264.46,2023-09-01,2026-03-27,National Payments Corporation of India (NPCI),https://www.npci.org.in/product/cts/product-statistics
2023-24,2023,August,8,29,2023-08-29,2.43,26662.13,2023-09-01,2026-03-27,National Payments Corporation of India (NPCI),https://www.npci.org.in/product/cts/product-statistics
2023-24,2023,August,8,30,2023-08-30,1.68,18118.64,2023-09-01,2026-03-27,National Payments Corporation of India (NPCI),https://www.npci.org.in/product/cts/product-statistics
2023-24,2023,August,8,31,2023-08-31,1.70,20760.01,2023-09-01,2026-03-27,National Payments Corporation of India (NPCI),https://www.npci.org.in/product/cts/product-statistics
2023-24,2023,September,9,1,2023-09-01,2.02,24733.33,2023-10-01,2026-03-27,National Payments Corporation of India (NPCI),https://www.npci.org.in/product/cts/product-statistics
2023-24,2023,September,9,2,2023-09-02,1.97,22198.13,2023-10-01,2026-03-27,National Payments Corporation of India (NPCI),https://www.npci.org.in/product/cts/product-statistics
2023-24,2023,September,9,3,2023-09-03,0.00,0.00,2023-10-01,2026-03-27,National Payments Corporation of India (NPCI),https://www.npci.org.in/product/cts/product-statistics
2023-24,2023,September,9,4,2023-09-04,2.48,24232.00,2023-10-01,2026-03-27,National Payments Corporation of India (NPCI),https://www.npci.org.in/product/cts/product-statistics
2023-24,2023,September,9,5,2023-09-05,2.45,25714.69,2023-10-01,2026-03-27,National Payments Corporation of India (NPCI),https://www.npci.org.in/product/cts/product-statistics
2023-24,2023,September,9,6,2023-09-06,2.06,24067.09,2023-10-01,2026-03-27,National Payments Corporation of India (NPCI),https://www.npci.org.in/product/cts/product-statistics
2023-24,2023,September,9,7,2023-09-07,1.41,14367.17,2023-10-01,2026-03-27,National Payments Corporation of India (NPCI),https://www.npci.org.in/product/cts/product-statistics
2023-24,2023,September,9,8,2023-09-08,2.38,24141.82,2023-10-01,2026-03-27,National Payments Corporation of India (NPCI),https://www.npci.org.in/product/cts/product-statistics
2023-24,2023,September,9,9,2023-09-09,0.00,0.00,2023-10-01,2026-03-27,National Payments Corporation of India (NPCI),https://www.npci.org.in/product/cts/product-statistics
2023-24,2023,September,9,10,2023-09-10,0.00,0.00,2023-10-01,2026-03-27,National Payments Corporation of India (NPCI),https://www.npci.org.in/product/cts/product-statistics
2023-24,2023,September,9,11,2023-09-11,3.65,33411.28,2023-10-01,2026-03-27,National Payments Corporation of India (NPCI),https://www.npci.org.in/product/cts/product-statistics
2023-24,2023,September,9,12,2023-09-12,2.99,28990.98,2023-10-01,2026-03-27,National Payments Corporation of India (NPCI),https://www.npci.org.in/product/cts/product-statistics
2023-24,2023,September,9,13,2023-09-13,2.47,24956.85,2023-10-01,2026-03-27,National Payments Corporation of India (NPCI),https://www.npci.org.in/product/cts/product-statistics
2023-24,2023,September,9,14,2023-09-14,2.27,24263.36,2023-10-01,2026-03-27,National Payments Corporation of India (NPCI),https://www.npci.org.in/product/cts/product-statistics
2023-24,2023,September,9,15,2023-09-15,2.32,25518.68,2023-10-01,2026-03-27,National Payments Corporation of India (NPCI),https://www.npci.org.in/product/cts/product-statistics
2023-24,2023,September,9,16,2023-09-16,2.02,20723.54,2023-10-01,2026-03-27,National Payments Corporation of India (NPCI),https://www.npci.org.in/product/cts/product-statistics
2023-24,2023,September,9,17,2023-09-17,0.00,0.00,2023-10-01,2026-03-27,National Payments Corporation of India (NPCI),https://www.npci.org.in/product/cts/product-statistics
2023-24,2023,September,9,18,2023-09-18,1.93,18332.33,2023-10-01,2026-03-27,National Payments Corporation of India (NPCI),https://www.npci.org.in/product/cts/product-statistics
2023-24,2023,September,9,19,2023-09-19,1.37,14960.84,2023-10-01,2026-03-27,National Payments Corporation of India (NPCI),https://www.npci.org.in/product/cts/product-statistics
2023-24,2023,September,9,20,2023-09-20,2.52,26752.16,2023-10-01,2026-03-27,National Payments Corporation of India (NPCI),https://www.npci.org.in/product/cts/product-statistics
2023-24,2023,September,9,21,2023-09-21,2.19,24127.05,2023-10-01,2026-03-27,National Payments Corporation of India (NPCI),https://www.npci.org.in/product/cts/product-statistics
2023-24,2023,September,9,22,2023-09-22,2.05,23016.14,2023-10-01,2026-03-27,National Payments Corporation of India (NPCI),https://www.npci.org.in/product/cts/product-statistics
2023-24,2023,September,9,23,2023-09-23,0.00,0.00,2023-10-01,2026-03-27,National Payments Corporation of India (NPCI),https://www.npci.org.in/product/cts/product-statistics
2023-24,2023,September,9,24,2023-09-24,0.00,0.00,2023-10-01,2026-03-27,National Payments Corporation of India (NPCI),https://www.npci.org.in/product/cts/product-statistics
2023-24,2023,September,9,25,2023-09-25,3.36,33933.91,2023-10-01,2026-03-27,National Payments Corporation of India (NPCI),https://www.npci.org.in/product/cts/product-statistics
2023-24,2023,September,9,26,2023-09-26,2.51,28311.77,2023-10-01,2026-03-27,National Payments Corporation of India (NPCI),https://www.npci.org.in/product/cts/product-statistics
2023-24,2023,September,9,27,2023-09-27,2.25,27364.70,2023-10-01,2026-03-27,National Payments Corporation of India (NPCI),https://www.npci.org.in/product/cts/product-statistics
2023-24,2023,September,9,28,2023-09-28,0.85,9480.70,2023-10-01,2026-03-27,National Payments Corporation of India (NPCI),https://www.npci.org.in/product/cts/product-statistics
2023-24,2023,September,9,29,2023-09-29,1.94,25070.06,2023-10-01,2026-03-27,National Payments Corporation of India (NPCI),https://www.npci.org.in/product/cts/product-statistics
2023-24,2023,September,9,30,2023-09-30,2.39,26352.37,2023-10-01,2026-03-27,National Payments Corporation of India (NPCI),https://www.npci.org.in/product/cts/product-statistics
2023-24,2023,October,10,1,2023-10-01,0.00,0.00,2023-11-01,2026-03-27,National Payments Corporation of India (NPCI),https://www.npci.org.in/product/cts/product-statistics
2023-24,2023,October,10,2,2023-10-02,0.00,0.00,2023-11-01,2026-03-27,National Payments Corporation of India (NPCI),https://www.npci.org.in/product/cts/product-statistics
2023-24,2023,October,10,3,2023-10-03,3.31,34675.26,2023-11-01,2026-03-27,National Payments Corporation of India (NPCI),https://www.npci.org.in/product/cts/product-statistics
2023-24,2023,October,10,4,2023-10-04,2.75,28624.52,2023-11-01,2026-03-27,National Payments Corporation of India (NPCI),https://www.npci.org.in/product/cts/product-statistics
2023-24,2023,October,10,5,2023-10-05,2.59,27570.54,2023-11-01,2026-03-27,National Payments Corporation of India (NPCI),https://www.npci.org.in/product/cts/product-statistics
2023-24,2023,October,10,6,2023-10-06,2.43,26357.23,2023-11-01,2026-03-27,National Payments Corporation of India (NPCI),https://www.npci.org.in/product/cts/product-statistics
2023-24,2023,October,10,7,2023-10-07,2.15,22454.21,2023-11-01,2026-03-27,National Payments Corporation of India (NPCI),https://www.npci.org.in/product/cts/product-statistics
2023-24,2023,October,10,8,2023-10-08,0.00,0.00,2023-11-01,2026-03-27,National Payments Corporation of India (NPCI),https://www.npci.org.in/product/cts/product-statistics
2023-24,2023,October,10,9,2023-10-09,2.61,23970.51,2023-11-01,2026-03-27,National Payments Corporation of India (NPCI),https://www.npci.org.in/product/cts/product-statistics
2023-24,2023,October,10,10,2023-10-10,2.71,25792.00,2023-11-01,2026-03-27,National Payments Corporation of India (NPCI),https://www.npci.org.in/product/cts/product-statistics
2023-24,2023,October,10,11,2023-10-11,2.46,23951.73,2023-11-01,2026-03-27,National Payments Corporation of India (NPCI),https://www.npci.org.in/product/cts/product-statistics
2023-24,2023,October,10,12,2023-10-12,2.35,23595.86,2023-11-01,2026-03-27,National Payments Corporation of India (NPCI),https://www.npci.org.in/product/cts/product-statistics
2023-24,2023,October,10,13,2023-10-13,2.25,22966.85,2023-11-01,2026-03-27,National Payments Corporation of India (NPCI),https://www.npci.org.in/product/cts/product-statistics
2023-24,2023,October,10,14,2023-10-14,0.00,0.00,2023-11-01,2026-03-27,National Payments Corporation of India (NPCI),https://www.npci.org.in/product/cts/product-statistics
2023-24,2023,October,10,15,2023-10-15,0.00,0.00,2023-11-01,2026-03-27,National Payments Corporation of India (NPCI),https://www.npci.org.in/product/cts/product-statistics
2023-24,2023,October,10,16,2023-10-16,3.54,32223.88,2023-11-01,2026-03-27,National Payments Corporation of India (NPCI),https://www.npci.org.in/product/cts/product-statistics
2023-24,2023,October,10,17,2023-10-17,2.85,29485.83,2023-11-01,2026-03-27,National Payments Corporation of India (NPCI),https://www.npci.org.in/product/cts/product-statistics
2023-24,2023,October,10,18,2023-10-18,2.50,27460.78,2023-11-01,2026-03-27,National Payments Corporation of India (NPCI),https://www.npci.org.in/product/cts/product-statistics
2023-24,2023,October,10,19,2023-10-19,2.30,26784.49,2023-11-01,2026-03-27,National Payments Corporation of India (NPCI),https://www.npci.org.in/product/cts/product-statistics
2023-24,2023,October,10,20,2023-10-20,2.31,26059.18,2023-11-01,2026-03-27,National Payments Corporation of India (NPCI),https://www.npci.org.in/product/cts/product-statistics
2023-24,2023,October,10,21,2023-10-21,1.88,21475.77,2023-11-01,2026-03-27,National Payments Corporation of India (NPCI),https://www.npci.org.in/product/cts/product-statistics
2023-24,2023,October,10,22,2023-10-22,0.00,0.00,2023-11-01,2026-03-27,National Payments Corporation of India (NPCI),https://www.npci.org.in/product/cts/product-statistics
2023-24,2023,October,10,23,2023-10-23,1.49,15170.82,2023-11-01,2026-03-27,National Payments Corporation of India (NPCI),https://www.npci.org.in/product/cts/product-statistics
2023-24,2023,October,10,24,2023-10-24,0.10,1558.97,2023-11-01,2026-03-27,National Payments Corporation of India (NPCI),https://www.npci.org.in/product/cts/product-statistics
2023-24,2023,October,10,25,2023-10-25,2.99,29814.28,2023-11-01,2026-03-27,National Payments Corporation of India (NPCI),https://www.npci.org.in/product/cts/product-statistics
2023-24,2023,October,10,26,2023-10-26,2.38,26434.52,2023-11-01,2026-03-27,National Payments Corporation of India (NPCI),https://www.npci.org.in/product/cts/product-statistics
2023-24,2023,October,10,27,2023-10-27,2.29,26688.64,2023-11-01,2026-03-27,National Payments Corporation of India (NPCI),https://www.npci.org.in/product/cts/product-statistics
2023-24,2023,October,10,28,2023-10-28,0.00,0.00,2023-11-01,2026-03-27,National Payments Corporation of India (NPCI),https://www.npci.org.in/product/cts/product-statistics
2023-24,2023,October,10,29,2023-10-29,0.00,0.00,2023-11-01,2026-03-27,National Payments Corporation of India (NPCI),https://www.npci.org.in/product/cts/product-statistics
2023-24,2023,October,10,30,2023-10-30,3.58,36443.67,2023-11-01,2026-03-27,National Payments Corporation of India (NPCI),https://www.npci.org.in/product/cts/product-statistics
2023-24,2023,October,10,31,2023-10-31,2.18,24894.61,2023-11-01,2026-03-27,National Payments Corporation of India (NPCI),https://www.npci.org.in/product/cts/product-statistics
2023-24,2023,November,11,1,2023-11-01,2.38,28029.94,2023-12-01,2026-03-27,National Payments Corporation of India (NPCI),https://www.npci.org.in/product/cts/product-statistics
2023-24,2023,November,11,2,2023-11-02,2.34,26512.34,2023-12-01,2026-03-27,National Payments Corporation of India (NPCI),https://www.npci.org.in/product/cts/product-statistics
2023-24,2023,November,11,3,2023-11-03,2.19,25991.13,2023-12-01,2026-03-27,National Payments Corporation of India (NPCI),https://www.npci.org.in/product/cts/product-statistics
2023-24,2023,November,11,4,2023-11-04,2.30,24510.34,2023-12-01,2026-03-27,National Payments Corporation of India (NPCI),https://www.npci.org.in/product/cts/product-statistics
2023-24,2023,November,11,5,2023-11-05,0.00,0.00,2023-12-01,2026-03-27,National Payments Corporation of India (NPCI),https://www.npci.org.in/product/cts/product-statistics
2023-24,2023,November,11,6,2023-11-06,2.86,27120.56,2023-12-01,2026-03-27,National Payments Corporation of India (NPCI),https://www.npci.org.in/product/cts/product-statistics
2023-24,2023,November,11,7,2023-11-07,2.76,28766.96,2023-12-01,2026-03-27,National Payments Corporation of India (NPCI),https://www.npci.org.in/product/cts/product-statistics
2023-24,2023,November,11,8,2023-11-08,2.69,27366.59,2023-12-01,2026-03-27,National Payments Corporation of India (NPCI),https://www.npci.org.in/product/cts/product-statistics
2023-24,2023,November,11,9,2023-11-09,2.62,28162.36,2023-12-01,2026-03-27,National Payments Corporation of India (NPCI),https://www.npci.org.in/product/cts/product-statistics
2023-24,2023,November,11,10,2023-11-10,2.61,26476.77,2023-12-01,2026-03-27,National Payments Corporation of India (NPCI),https://www.npci.org.in/product/cts/product-statistics
2023-24,2023,November,11,11,2023-11-11,0.00,0.00,2023-12-01,2026-03-27,National Payments Corporation of India (NPCI),https://www.npci.org.in/product/cts/product-statistics
2023-24,2023,November,11,12,2023-11-12,0.00,0.00,2023-12-01,2026-03-27,National Payments Corporation of India (NPCI),https://www.npci.org.in/product/cts/product-statistics
2023-24,2023,November,11,13,2023-11-13,1.98,19544.93,2023-12-01,2026-03-27,National Payments Corporation of India (NPCI),https://www.npci.org.in/product/cts/product-statistics
2023-24,2023,November,11,14,2023-11-14,1.21,12475.76,2023-12-01,2026-03-27,National Payments Corporation of India (NPCI),https://www.npci.org.in/product/cts/product-statistics
2023-24,2023,November,11,15,2023-11-15,1.79,17567.58,2023-12-01,2026-03-27,National Payments Corporation of India (NPCI),https://www.npci.org.in/product/cts/product-statistics
2023-24,2023,November,11,16,2023-11-16,1.93,21369.90,2023-12-01,2026-03-27,National Payments Corporation of India (NPCI),https://www.npci.org.in/product/cts/product-statistics
2023-24,2023,November,11,17,2023-11-17,1.84,20233.48,2023-12-01,2026-03-27,National Payments Corporation of India (NPCI),https://www.npci.org.in/product/cts/product-statistics
2023-24,2023,November,11,18,2023-11-18,1.81,18847.76,2023-12-01,2026-03-27,National Payments Corporation of India (NPCI),https://www.npci.org.in/product/cts/product-statistics
2023-24,2023,November,11,19,2023-11-19,0.00,0.00,2023-12-01,2026-03-27,National Payments Corporation of India (NPCI),https://www.npci.org.in/product/cts/product-statistics
2023-24,2023,November,11,20,2023-11-20,2.21,23568.96,2023-12-01,2026-03-27,National Payments Corporation of India (NPCI),https://www.npci.org.in/product/cts/product-statistics
2023-24,2023,November,11,21,2023-11-21,1.89,19584.99,2023-12-01,2026-03-27,National Payments Corporation of India (NPCI),https://www.npci.org.in/product/cts/product-statistics
2023-24,2023,November,11,22,2023-11-22,2.23,24751.16,2023-12-01,2026-03-27,National Payments Corporation of India (NPCI),https://www.npci.org.in/product/cts/product-statistics
2023-24,2023,November,11,23,2023-11-23,1.92,22176.06,2023-12-01,2026-03-27,National Payments Corporation of India (NPCI),https://www.npci.org.in/product/cts/product-statistics
2023-24,2023,November,11,24,2023-11-24,1.95,22084.87,2023-12-01,2026-03-27,National Payments Corporation of India (NPCI),https://www.npci.org.in/product/cts/product-statistics
2023-24,2023,November,11,25,2023-11-25,0.00,0.00,2023-12-01,2026-03-27,National Payments Corporation of India (NPCI),https://www.npci.org.in/product/cts/product-statistics
2023-24,2023,November,11,26,2023-11-26,0.00,0.00,2023-12-01,2026-03-27,National Payments Corporation of India (NPCI),https://www.npci.org.in/product/cts/product-statistics
2023-24,2023,November,11,27,2023-11-27,1.09,11094.04,2023-12-01,2026-03-27,National Payments Corporation of India (NPCI),https://www.npci.org.in/product/cts/product-statistics
2023-24,2023,November,11,28,2023-11-28,3.35,33056.45,2023-12-01,2026-03-27,National Payments Corporation of India (NPCI),https://www.npci.org.in/product/cts/product-statistics
2023-24,2023,November,11,29,2023-11-29,2.54,27015.62,2023-12-01,2026-03-27,National Payments Corporation of India (NPCI),https://www.npci.org.in/product/cts/product-statistics
2023-24,2023,November,11,30,2023-11-30,2.06,22557.33,2023-12-01,2026-03-27,National Payments Corporation of India (NPCI),https://www.npci.org.in/product/cts/product-statistics
2023-24,2023,December,12,1,2023-12-01,2.13,25845.12,2024-01-01,2026-03-27,National Payments Corporation of India (NPCI),https://www.npci.org.in/product/cts/product-statistics
2023-24,2023,December,12,2,2023-12-02,2.00,23480.97,2024-01-01,2026-03-27,National Payments Corporation of India (NPCI),https://www.npci.org.in/product/cts/product-statistics
2023-24,2023,December,12,3,2023-12-03,0.00,0.00,2024-01-01,2026-03-27,National Payments Corporation of India (NPCI),https://www.npci.org.in/product/cts/product-statistics
2023-24,2023,December,12,4,2023-12-04,2.27,22835.72,2024-01-01,2026-03-27,National Payments Corporation of India (NPCI),https://www.npci.org.in/product/cts/product-statistics
2023-24,2023,December,12,5,2023-12-05,2.36,24755.32,2024-01-01,2026-03-27,National Payments Corporation of India (NPCI),https://www.npci.org.in/product/cts/product-statistics
2023-24,2023,December,12,6,2023-12-06,2.27,24123.06,2024-01-01,2026-03-27,National Payments Corporation of India (NPCI),https://www.npci.org.in/product/cts/product-statistics
2023-24,2023,December,12,7,2023-12-07,2.13,23035.13,2024-01-01,2026-03-27,National Payments Corporation of India (NPCI),https://www.npci.org.in/product/cts/product-statistics
2023-24,2023,December,12,8,2023-12-08,2.26,24322.59,2024-01-01,2026-03-27,National Payments Corporation of India (NPCI),https://www.npci.org.in/product/cts/product-statistics
2023-24,2023,December,12,9,2023-12-09,0.00,0.00,2024-01-01,2026-03-27,National Payments Corporation of India (NPCI),https://www.npci.org.in/product/cts/product-statistics
2023-24,2023,December,12,10,2023-12-10,0.00,0.00,2024-01-01,2026-03-27,National Payments Corporation of India (NPCI),https://www.npci.org.in/product/cts/product-statistics
2023-24,2023,December,12,11,2023-12-11,3.61,34077.25,2024-01-01,2026-03-27,National Payments Corporation of India (NPCI),https://www.npci.org.in/product/cts/product-statistics
2023-24,2023,December,12,12,2023-12-12,2.84,28252.63,2024-01-01,2026-03-27,National Payments Corporation of India (NPCI),https://www.npci.org.in/product/cts/product-statistics
2023-24,2023,December,12,13,2023-12-13,2.37,24617.53,2024-01-01,2026-03-27,National Payments Corporation of India (NPCI),https://www.npci.org.in/product/cts/product-statistics
2023-24,2023,December,12,14,2023-12-14,2.16,23972.46,2024-01-01,2026-03-27,National Payments Corporation of India (NPCI),https://www.npci.org.in/product/cts/product-statistics
2023-24,2023,December,12,15,2023-12-15,2.23,24299.48,2024-01-01,2026-03-27,National Payments Corporation of India (NPCI),https://www.npci.org.in/product/cts/product-statistics
2023-24,2023,December,12,16,2023-12-16,1.99,21933.19,2024-01-01,2026-03-27,National Payments Corporation of India (NPCI),https://www.npci.org.in/product/cts/product-statistics
2023-24,2023,December,12,17,2023-12-17,0.00,0.00,2024-01-01,2026-03-27,National Payments Corporation of India (NPCI),https://www.npci.org.in/product/cts/product-statistics
2023-24,2023,December,12,18,2023-12-18,2.35,23808.59,2024-01-01,2026-03-27,National Payments Corporation of India (NPCI),https://www.npci.org.in/product/cts/product-statistics
2023-24,2023,December,12,19,2023-12-19,2.24,24932.17,2024-01-01,2026-03-27,National Payments Corporation of India (NPCI),https://www.npci.org.in/product/cts/product-statistics
2023-24,2023,December,12,20,2023-12-20,2.30,25108.29,2024-01-01,2026-03-27,National Payments Corporation of India (NPCI),https://www.npci.org.in/product/cts/product-statistics
2023-24,2023,December,12,21,2023-12-21,2.09,24282.08,2024-01-01,2026-03-27,National Payments Corporation of India (NPCI),https://www.npci.org.in/product/cts/product-statistics
2023-24,2023,December,12,22,2023-12-22,2.16,26302.45,2024-01-01,2026-03-27,National Payments Corporation of India (NPCI),https://www.npci.org.in/product/cts/product-statistics
2023-24,2023,December,12,23,2023-12-23,0.00,0.00,2024-01-01,2026-03-27,National Payments Corporation of India (NPCI),https://www.npci.org.in/product/cts/product-statistics
2023-24,2023,December,12,24,2023-12-24,0.00,0.00,2024-01-01,2026-03-27,National Payments Corporation of India (NPCI),https://www.npci.org.in/product/cts/product-statistics
2023-24,2023,December,12,25,2023-12-25,0.00,0.00,2024-01-01,2026-03-27,National Payments Corporation of India (NPCI),https://www.npci.org.in/product/cts/product-statistics
2023-24,2023,December,12,26,2023-12-26,4.02,39281.24,2024-01-01,2026-03-27,National Payments Corporation of India (NPCI),https://www.npci.org.in/product/cts/product-statistics
2023-24,2023,December,12,27,2023-12-27,2.76,29406.84,2024-01-01,2026-03-27,National Payments Corporation of India (NPCI),https://www.npci.org.in/product/cts/product-statistics
2023-24,2023,December,12,28,2023-12-28,2.19,25460.08,2024-01-01,2026-03-27,National Payments Corporation of India (NPCI),https://www.npci.org.in/product/cts/product-statistics
2023-24,2023,December,12,29,2023-12-29,2.12,25985.14,2024-01-01,2026-03-27,National Payments Corporation of India (NPCI),https://www.npci.org.in/product/cts/product-statistics
2023-24,2023,December,12,30,2023-12-30,1.90,22854.54,2024-01-01,2026-03-27,National Payments Corporation of India (NPCI),https://www.npci.org.in/product/cts/product-statistics
2023-24,2023,December,12,31,2023-12-31,0.00,0.00,2024-01-01,2026-03-27,National Payments Corporation of India (NPCI),https://www.npci.org.in/product/cts/product-statistics
2023-24,2024,January,1,1,2024-01-01,1.66,18935.48,2024-02-01,2026-03-27,National Payments Corporation of India (NPCI),https://www.npci.org.in/product/cts/product-statistics
2023-24,2024,January,1,2,2024-01-02,2.11,24316.17,2024-02-01,2026-03-27,National Payments Corporation of India (NPCI),https://www.npci.org.in/product/cts/product-statistics
2023-24,2024,January,1,3,2024-01-03,2.09,24593.63,2024-02-01,2026-03-27,National Payments Corporation of India (NPCI),https://www.npci.org.in/product/cts/product-statistics
2023-24,2024,January,1,4,2024-01-04,2.16,23758.25,2024-02-01,2026-03-27,National Payments Corporation of India (NPCI),https://www.npci.org.in/product/cts/product-statistics
2023-24,2024,January,1,5,2024-01-05,2.23,24575.85,2024-02-01,2026-03-27,National Payments Corporation of India (NPCI),https://www.npci.org.in/product/cts/product-statistics
2023-24,2024,January,1,6,2024-01-06,2.01,20968.58,2024-02-01,2026-03-27,National Payments Corporation of India (NPCI),https://www.npci.org.in/product/cts/product-statistics
2023-24,2024,January,1,7,2024-01-07,0.00,0.00,2024-02-01,2026-03-27,National Payments Corporation of India (NPCI),https://www.npci.org.in/product/cts/product-statistics
2023-24,2024,January,1,8,2024-01-08,2.45,24111.56,2024-02-01,2026-03-27,National Payments Corporation of India (NPCI),https://www.npci.org.in/product/cts/product-statistics
2023-24,2024,January,1,9,2024-01-09,2.39,25057.72,2024-02-01,2026-03-27,National Payments Corporation of India (NPCI),https://www.npci.org.in/product/cts/product-statistics
2023-24,2024,January,1,10,2024-01-10,2.52,24708.24,2024-02-01,2026-03-27,National Payments Corporation of India (NPCI),https://www.npci.org.in/product/cts/product-statistics
2023-24,2024,January,1,11,2024-01-11,2.28,23526.77,2024-02-01,2026-03-27,National Payments Corporation of India (NPCI),https://www.npci.org.in/product/cts/product-statistics
2023-24,2024,January,1,12,2024-01-12,2.17,22514.79,2024-02-01,2026-03-27,National Payments Corporation of India (NPCI),https://www.npci.org.in/product/cts/product-statistics
2023-24,2024,January,1,13,2024-01-13,0.00,0.00,2024-02-01,2026-03-27,National Payments Corporation of India (NPCI),https://www.npci.org.in/product/cts/product-statistics
2023-24,2024,January,1,14,2024-01-14,0.00,0.00,2024-02-01,2026-03-27,National Payments Corporation of India (NPCI),https://www.npci.org.in/product/cts/product-statistics
2023-24,2024,January,1,15,2024-01-15,2.61,23556.28,2024-02-01,2026-03-27,National Payments Corporation of India (NPCI),https://www.npci.org.in/product/cts/product-statistics
2023-24,2024,January,1,16,2024-01-16,2.57,25341.31,2024-02-01,2026-03-27,National Payments Corporation of India (NPCI),https://www.npci.org.in/product/cts/product-statistics
2023-24,2024,January,1,17,2024-01-17,2.13,22319.02,2024-02-01,2026-03-27,National Payments Corporation of India (NPCI),https://www.npci.org.in/product/cts/product-statistics
2023-24,2024,January,1,18,2024-01-18,2.38,24992.04,2024-02-01,2026-03-27,National Payments Corporation of India (NPCI),https://www.npci.org.in/product/cts/product-statistics
2023-24,2024,January,1,19,2024-01-19,2.08,23776.76,2024-02-01,2026-03-27,National Payments Corporation of India (NPCI),https://www.npci.org.in/product/cts/product-statistics
2023-24,2024,January,1,20,2024-01-20,2.08,22970.32,2024-02-01,2026-03-27,National Payments Corporation of India (NPCI),https://www.npci.org.in/product/cts/product-statistics
2023-24,2024,January,1,21,2024-01-21,0.00,0.00,2024-02-01,2026-03-27,National Payments Corporation of India (NPCI),https://www.npci.org.in/product/cts/product-statistics
2023-24,2024,January,1,22,2024-01-22,0.91,10529.52,2024-02-01,2026-03-27,National Payments Corporation of India (NPCI),https://www.npci.org.in/product/cts/product-statistics
2023-24,2024,January,1,23,2024-01-23,2.40,25861.14,2024-02-01,2026-03-27,National Payments Corporation of India (NPCI),https://www.npci.org.in/product/cts/product-statistics
2023-24,2024,January,1,24,2024-01-24,2.34,26197.36,2024-02-01,2026-03-27,National Payments Corporation of India (NPCI),https://www.npci.org.in/product/cts/product-statistics
2023-24,2024,January,1,25,2024-01-25,2.10,23485.48,2024-02-01,2026-03-27,National Payments Corporation of India (NPCI),https://www.npci.org.in/product/cts/product-statistics
2023-24,2024,January,1,26,2024-01-26,0.00,0.00,2024-02-01,2026-03-27,National Payments Corporation of India (NPCI),https://www.npci.org.in/product/cts/product-statistics
2023-24,2024,January,1,27,2024-01-27,0.00,0.00,2024-02-01,2026-03-27,National Payments Corporation of India (NPCI),https://www.npci.org.in/product/cts/product-statistics
2023-24,2024,January,1,28,2024-01-28,0.00,0.00,2024-02-01,2026-03-27,National Payments Corporation of India (NPCI),https://www.npci.org.in/product/cts/product-statistics
2023-24,2024,January,1,29,2024-01-29,3.91,39377.29,2024-02-01,2026-03-27,National Payments Corporation of India (NPCI),https://www.npci.org.in/product/cts/product-statistics
2023-24,2024,January,1,30,2024-01-30,2.92,31268.21,2024-02-01,2026-03-27,National Payments Corporation of India (NPCI),https://www.npci.org.in/product/cts/product-statistics
2023-24,2024,January,1,31,2024-01-31,2.23,26910.96,2024-02-01,2026-03-27,National Payments Corporation of India (NPCI),https://www.npci.org.in/product/cts/product-statistics
2023-24,2024,February,2,1,2024-02-01,2.06,25757.37,2024-03-01,2026-03-27,National Payments Corporation of India (NPCI),https://www.npci.org.in/product/cts/product-statistics
2023-24,2024,February,2,2,2024-02-02,2.04,25213.08,2024-03-01,2026-03-27,National Payments Corporation of India (NPCI),https://www.npci.org.in/product/cts/product-statistics
2023-24,2024,February,2,3,2024-02-03,2.05,23061.95,2024-03-01,2026-03-27,National Payments Corporation of India (NPCI),https://www.npci.org.in/product/cts/product-statistics
2023-24,2024,February,2,4,2024-02-04,0.00,0.00,2024-03-01,2026-03-27,National Payments Corporation of India (NPCI),https://www.npci.org.in/product/cts/product-statistics
2023-24,2024,February,2,5,2024-02-05,2.53,25154.47,2024-03-01,2026-03-27,National Payments Corporation of India (NPCI),https://www.npci.org.in/product/cts/product-statistics
2023-24,2024,February,2,6,2024-02-06,2.33,25311.82,2024-03-01,2026-03-27,National Payments Corporation of India (NPCI),https://www.npci.org.in/product/cts/product-statistics
2023-24,2024,February,2,7,2024-02-07,2.32,26058.28,2024-03-01,2026-03-27,National Payments Corporation of India (NPCI),https://www.npci.org.in/product/cts/product-statistics
2023-24,2024,February,2,8,2024-02-08,2.20,24514.15,2024-03-01,2026-03-27,National Payments Corporation of India (NPCI),https://www.npci.org.in/product/cts/product-statistics
2023-24,2024,February,2,9,2024-02-09,2.26,25028.47,2024-03-01,2026-03-27,National Payments Corporation of India (NPCI),https://www.npci.org.in/product/cts/product-statistics
2023-24,2024,February,2,10,2024-02-10,0.00,0.00,2024-03-01,2026-03-27,National Payments Corporation of India (NPCI),https://www.npci.org.in/product/cts/product-statistics
2023-24,2024,February,2,11,2024-02-11,0.00,0.00,2024-03-01,2026-03-27,National Payments Corporation of India (NPCI),https://www.npci.org.in/product/cts/product-statistics
2023-24,2024,February,2,12,2024-02-12,3.69,35776.81,2024-03-01,2026-03-27,National Payments Corporation of India (NPCI),https://www.npci.org.in/product/cts/product-statistics
2023-24,2024,February,2,13,2024-02-13,2.71,28361.93,2024-03-01,2026-03-27,National Payments Corporation of India (NPCI),https://www.npci.org.in/product/cts/product-statistics
2023-24,2024,February,2,14,2024-02-14,2.08,22958.78,2024-03-01,2026-03-27,National Payments Corporation of India (NPCI),https://www.npci.org.in/product/cts/product-statistics
2023-24,2024,February,2,15,2024-02-15,2.41,26149.68,2024-03-01,2026-03-27,National Payments Corporation of India (NPCI),https://www.npci.org.in/product/cts/product-statistics
2023-24,2024,February,2,16,2024-02-16,2.19,25007.99,2024-03-01,2026-03-27,National Payments Corporation of India (NPCI),https://www.npci.org.in/product/cts/product-statistics
2023-24,2024,February,2,17,2024-02-17,1.97,21940.63,2024-03-01,2026-03-27,National Payments Corporation of India (NPCI),https://www.npci.org.in/product/cts/product-statistics
2023-24,2024,February,2,18,2024-02-18,0.00,0.00,2024-03-01,2026-03-27,National Payments Corporation of India (NPCI),https://www.npci.org.in/product/cts/product-statistics
2023-24,2024,February,2,19,2024-02-19,1.73,18732.64,2024-03-01,2026-03-27,National Payments Corporation of India (NPCI),https://www.npci.org.in/product/cts/product-statistics
2023-24,2024,February,2,20,2024-02-20,2.71,29293.53,2024-03-01,2026-03-27,National Payments Corporation of India (NPCI),https://www.npci.org.in/product/cts/product-statistics
2023-24,2024,February,2,21,2024-02-21,2.29,26358.62,2024-03-01,2026-03-27,National Payments Corporation of India (NPCI),https://www.npci.org.in/product/cts/product-statistics
2023-24,2024,February,2,22,2024-02-22,2.15,25046.04,2024-03-01,2026-03-27,National Payments Corporation of India (NPCI),https://www.npci.org.in/product/cts/product-statistics
2023-24,2024,February,2,23,2024-02-23,2.05,24613.98,2024-03-01,2026-03-27,National Payments Corporation of India (NPCI),https://www.npci.org.in/product/cts/product-statistics
2023-24,2024,February,2,24,2024-02-24,0.00,0.00,2024-03-01,2026-03-27,National Payments Corporation of India (NPCI),https://www.npci.org.in/product/cts/product-statistics
2023-24,2024,February,2,25,2024-02-25,0.00,0.00,2024-03-01,2026-03-27,National Payments Corporation of India (NPCI),https://www.npci.org.in/product/cts/product-statistics
2023-24,2024,February,2,26,2024-02-26,3.33,34640.28,2024-03-01,2026-03-27,National Payments Corporation of India (NPCI),https://www.npci.org.in/product/cts/product-statistics
2023-24,2024,February,2,27,2024-02-27,2.59,30206.63,2024-03-01,2026-03-27,National Payments Corporation of India (NPCI),https://www.npci.org.in/product/cts/product-statistics
2023-24,2024,February,2,28,2024-02-28,2.35,27336.62,2024-03-01,2026-03-27,National Payments Corporation of India (NPCI),https://www.npci.org.in/product/cts/product-statistics
2023-24,2024,February,2,29,2024-02-29,2.14,26105.89,2024-03-01,2026-03-27,National Payments Corporation of India (NPCI),https://www.npci.org.in/product/cts/product-statistics
2023-24,2024,March,3,1,2024-03-01,2.06,26535.31,2024-04-01,2026-03-27,National Payments Corporation of India (NPCI),https://www.npci.org.in/product/cts/product-statistics
2023-24,2024,March,3,2,2024-03-02,1.99,23558.35,2024-04-01,2026-03-27,National Payments Corporation of India (NPCI),https://www.npci.org.in/product/cts/product-statistics
2023-24,2024,March,3,3,2024-03-03,0.00,0.00,2024-04-01,2026-03-27,National Payments Corporation of India (NPCI),https://www.npci.org.in/product/cts/product-statistics
2023-24,2024,March,3,4,2024-03-04,2.46,26349.30,2024-04-01,2026-03-27,National Payments Corporation of India (NPCI),https://www.npci.org.in/product/cts/product-statistics
2023-24,2024,March,3,5,2024-03-05,2.54,28501.76,2024-04-01,2026-03-27,National Payments Corporation of India (NPCI),https://www.npci.org.in/product/cts/product-statistics
2023-24,2024,March,3,6,2024-03-06,2.33,25734.85,2024-04-01,2026-03-27,National Payments Corporation of India (NPCI),https://www.npci.org.in/product/cts/product-statistics
2023-24,2024,March,3,7,2024-03-07,2.30,26966.46,2024-04-01,2026-03-27,National Payments Corporation of India (NPCI),https://www.npci.org.in/product/cts/product-statistics
2023-24,2024,March,3,8,2024-03-08,0.66,6890.78,2024-04-01,2026-03-27,National Payments Corporation of India (NPCI),https://www.npci.org.in/product/cts/product-statistics
2023-24,2024,March,3,9,2024-03-09,0.00,0.00,2024-04-01,2026-03-27,National Payments Corporation of India (NPCI),https://www.npci.org.in/product/cts/product-statistics
2023-24,2024,March,3,10,2024-03-10,0.00,0.00,2024-04-01,2026-03-27,National Payments Corporation of India (NPCI),https://www.npci.org.in/product/cts/product-statistics
2023-24,2024,March,3,11,2024-03-11,4.13,41353.01,2024-04-01,2026-03-27,National Payments Corporation of India (NPCI),https://www.npci.org.in/product/cts/product-statistics
2023-24,2024,March,3,12,2024-03-12,3.27,33824.78,2024-04-01,2026-03-27,National Payments Corporation of India (NPCI),https://www.npci.org.in/product/cts/product-statistics
2023-24,2024,March,3,13,2024-03-13,2.57,28503.12,2024-04-01,2026-03-27,National Payments Corporation of India (NPCI),https://www.npci.org.in/product/cts/product-statistics
2023-24,2024,March,3,14,2024-03-14,2.46,29041.26,2024-04-01,2026-03-27,National Payments Corporation of India (NPCI),https://www.npci.org.in/product/cts/product-statistics
2023-24,2024,March,3,15,2024-03-15,2.45,29090.77,2024-04-01,2026-03-27,National Payments Corporation of India (NPCI),https://www.npci.org.in/product/cts/product-statistics
2023-24,2024,March,3,16,2024-03-16,2.27,26305.31,2024-04-01,2026-03-27,National Payments Corporation of India (NPCI),https://www.npci.org.in/product/cts/product-statistics
2023-24,2024,March,3,17,2024-03-17,0.00,0.00,2024-04-01,2026-03-27,National Payments Corporation of India (NPCI),https://www.npci.org.in/product/cts/product-statistics
2023-24,2024,March,3,18,2024-03-18,2.65,28539.16,2024-04-01,2026-03-27,National Payments Corporation of India (NPCI),https://www.npci.org.in/product/cts/product-statistics
2023-24,2024,March,3,19,2024-03-19,2.54,29523.51,2024-04-01,2026-03-27,National Payments Corporation of India (NPCI),https://www.npci.org.in/product/cts/product-statistics
2023-24,2024,March,3,20,2024-03-20,2.59,31039.78,2024-04-01,2026-03-27,National Payments Corporation of India (NPCI),https://www.npci.org.in/product/cts/product-statistics
2023-24,2024,March,3,21,2024-03-21,2.46,31584.70,2024-04-01,2026-03-27,National Payments Corporation of India (NPCI),https://www.npci.org.in/product/cts/product-statistics
2023-24,2024,March,3,22,2024-03-22,2.54,30964.94,2024-04-01,2026-03-27,National Payments Corporation of India (NPCI),https://www.npci.org.in/product/cts/product-statistics
2023-24,2024,March,3,23,2024-03-23,0.00,0.00,2024-04-01,2026-03-27,National Payments Corporation of India (NPCI),https://www.npci.org.in/product/cts/product-statistics
2023-24,2024,March,3,24,2024-03-24,0.00,0.00,2024-04-01,2026-03-27,National Payments Corporation of India (NPCI),https://www.npci.org.in/product/cts/product-statistics
2023-24,2024,March,3,25,2024-03-25,0.73,8808.96,2024-04-01,2026-03-27,National Payments Corporation of India (NPCI),https://www.npci.org.in/product/cts/product-statistics
2023-24,2024,March,3,26,2024-03-26,3.79,45031.65,2024-04-01,2026-03-27,National Payments Corporation of India (NPCI),https://www.npci.org.in/product/cts/product-statistics
2023-24,2024,March,3,27,2024-03-27,3.19,38564.09,2024-04-01,2026-03-27,National Payments Corporation of India (NPCI),https://www.npci.org.in/product/cts/product-statistics
2023-24,2024,March,3,28,2024-03-28,2.98,40630.33,2024-04-01,2026-03-27,National Payments Corporation of India (NPCI),https://www.npci.org.in/product/cts/product-statistics
2023-24,2024,March,3,29,2024-03-29,0.42,7216.10,2024-04-01,2026-03-27,National Payments Corporation of India (NPCI),https://www.npci.org.in/product/cts/product-statistics
2023-24,2024,March,3,30,2024-03-30,3.11,40133.55,2024-04-01,2026-03-27,National Payments Corporation of India (NPCI),https://www.npci.org.in/product/cts/product-statistics
2023-24,2024,March,3,31,2024-03-31,0.04,4053.52,2024-04-01,2026-03-27,National Payments Corporation of India (NPCI),https://www.npci.org.in/product/cts/product-statistics
2024-25,2024,April,4,1,2024-04-01,0.00,0.00,2024-05-01,2026-03-27,National Payments Corporation of India (NPCI),https://www.npci.org.in/product/cts/product-statistics
2024-25,2024,April,4,2,2024-04-02,3.73,49858.24,2024-05-01,2026-03-27,National Payments Corporation of India (NPCI),https://www.npci.org.in/product/cts/product-statistics
2024-25,2024,April,4,3,2024-04-03,2.60,37015.61,2024-05-01,2026-03-27,National Payments Corporation of India (NPCI),https://www.npci.org.in/product/cts/product-statistics
2024-25,2024,April,4,4,2024-04-04,2.36,35779.11,2024-05-01,2026-03-27,National Payments Corporation of India (NPCI),https://www.npci.org.in/product/cts/product-statistics
2024-25,2024,April,4,5,2024-04-05,2.26,31311.30,2024-05-01,2026-03-27,National Payments Corporation of India (NPCI),https://www.npci.org.in/product/cts/product-statistics
2024-25,2024,April,4,6,2024-04-06,2.10,27737.48,2024-05-01,2026-03-27,National Payments Corporation of India (NPCI),https://www.npci.org.in/product/cts/product-statistics
2024-25,2024,April,4,7,2024-04-07,0.00,0.00,2024-05-01,2026-03-27,National Payments Corporation of India (NPCI),https://www.npci.org.in/product/cts/product-statistics
2024-25,2024,April,4,8,2024-04-08,2.47,28218.01,2024-05-01,2026-03-27,National Payments Corporation of India (NPCI),https://www.npci.org.in/product/cts/product-statistics
2024-25,2024,April,4,9,2024-04-09,1.34,16546.74,2024-05-01,2026-03-27,National Payments Corporation of India (NPCI),https://www.npci.org.in/product/cts/product-statistics
2024-25,2024,April,4,10,2024-04-10,2.71,32213.79,2024-05-01,2026-03-27,National Payments Corporation of India (NPCI),https://www.npci.org.in/product/cts/product-statistics
2024-25,2024,April,4,11,2024-04-11,0.17,1837.20,2024-05-01,2026-03-27,National Payments Corporation of India (NPCI),https://www.npci.org.in/product/cts/product-statistics
2024-25,2024,April,4,12,2024-04-12,3.15,39789.89,2024-05-01,2026-03-27,National Payments Corporation of India (NPCI),https://www.npci.org.in/product/cts/product-statistics
2024-25,2024,April,4,13,2024-04-13,0.00,0.00,2024-05-01,2026-03-27,National Payments Corporation of India (NPCI),https://www.npci.org.in/product/cts/product-statistics
2024-25,2024,April,4,14,2024-04-14,0.00,0.00,2024-05-01,2026-03-27,National Payments Corporation of India (NPCI),https://www.npci.org.in/product/cts/product-statistics
2024-25,2024,April,4,15,2024-04-15,3.69,38848.30,2024-05-01,2026-03-27,National Payments Corporation of India (NPCI),https://www.npci.org.in/product/cts/product-statistics
2024-25,2024,April,4,16,2024-04-16,2.82,36513.64,2024-05-01,2026-03-27,National Payments Corporation of India (NPCI),https://www.npci.org.in/product/cts/product-statistics
2024-25,2024,April,4,17,2024-04-17,0.59,12184.69,2024-05-01,2026-03-27,National Payments Corporation of India (NPCI),https://www.npci.org.in/product/cts/product-statistics
2024-25,2024,April,4,18,2024-04-18,2.84,33447.23,2024-05-01,2026-03-27,National Payments Corporation of India (NPCI),https://www.npci.org.in/product/cts/product-statistics
2024-25,2024,April,4,19,2024-04-19,1.90,28606.16,2024-05-01,2026-03-27,National Payments Corporation of India (NPCI),https://www.npci.org.in/product/cts/product-statistics
2024-25,2024,April,4,20,2024-04-20,2.10,26053.40,2024-05-01,2026-03-27,National Payments Corporation of India (NPCI),https://www.npci.org.in/product/cts/product-statistics
2024-25,2024,April,4,21,2024-04-21,0.00,0.00,2024-05-01,2026-03-27,National Payments Corporation of India (NPCI),https://www.npci.org.in/product/cts/product-statistics
2024-25,2024,April,4,22,2024-04-22,2.27,26848.77,2024-05-01,2026-03-27,National Payments Corporation of India (NPCI),https://www.npci.org.in/product/cts/product-statistics
2024-25,2024,April,4,23,2024-04-23,2.07,27246.10,2024-05-01,2026-03-27,National Payments Corporation of India (NPCI),https://www.npci.org.in/product/cts/product-statistics
2024-25,2024,April,4,24,2024-04-24,1.93,25699.84,2024-05-01,2026-03-27,National Payments Corporation of India (NPCI),https://www.npci.org.in/product/cts/product-statistics
2024-25,2024,April,4,25,2024-04-25,2.02,25406.27,2024-05-01,2026-03-27,National Payments Corporation of India (NPCI),https://www.npci.org.in/product/cts/product-statistics
2024-25,2024,April,4,26,2024-04-26,1.71,21312.14,2024-05-01,2026-03-27,National Payments Corporation of India (NPCI),https://www.npci.org.in/product/cts/product-statistics
2024-25,2024,April,4,27,2024-04-27,0.00,0.00,2024-05-01,2026-03-27,National Payments Corporation of India (NPCI),https://www.npci.org.in/product/cts/product-statistics
2024-25,2024,April,4,28,2024-04-28,0.00,0.00,2024-05-01,2026-03-27,National Payments Corporation of India (NPCI),https://www.npci.org.in/product/cts/product-statistics
2024-25,2024,April,4,29,2024-04-29,3.26,36172.84,2024-05-01,2026-03-27,National Payments Corporation of India (NPCI),https://www.npci.org.in/product/cts/product-statistics
2024-25,2024,April,4,30,2024-04-30,2.49,29182.41,2024-05-01,2026-03-27,National Payments Corporation of India (NPCI),https://www.npci.org.in/product/cts/product-statistics
2024-25,2024,May,5,1,2024-05-01,0.92,13543.82,2024-06-01,2026-03-27,National Payments Corporation of India (NPCI),https://www.npci.org.in/product/cts/product-statistics
2024-25,2024,May,5,2,2024-05-02,2.44,30389.26,2024-06-01,2026-03-27,National Payments Corporation of India (NPCI),https://www.npci.org.in/product/cts/product-statistics
2024-25,2024,May,5,3,2024-05-03,2.13,26369.41,2024-06-01,2026-03-27,National Payments Corporation of India (NPCI),https://www.npci.org.in/product/cts/product-statistics
2024-25,2024,May,5,4,2024-05-04,2.03,23918.34,2024-06-01,2026-03-27,National Payments Corporation of India (NPCI),https://www.npci.org.in/product/cts/product-statistics
2024-25,2024,May,5,5,2024-05-05,0.00,0.00,2024-06-01,2026-03-27,National Payments Corporation of India (NPCI),https://www.npci.org.in/product/cts/product-statistics
2024-25,2024,May,5,6,2024-05-06,2.44,24882.70,2024-06-01,2026-03-27,National Payments Corporation of India (NPCI),https://www.npci.org.in/product/cts/product-statistics
2024-25,2024,May,5,7,2024-05-07,1.81,20837.42,2024-06-01,2026-03-27,National Payments Corporation of India (NPCI),https://www.npci.org.in/product/cts/product-statistics
2024-25,2024,May,5,8,2024-05-08,2.12,24559.36,2024-06-01,2026-03-27,National Payments Corporation of India (NPCI),https://www.npci.org.in/product/cts/product-statistics
2024-25,2024,May,5,9,2024-05-09,2.20,26270.62,2024-06-01,2026-03-27,National Payments Corporation of India (NPCI),https://www.npci.org.in/product/cts/product-statistics
2024-25,2024,May,5,10,2024-05-10,2.10,23119.17,2024-06-01,2026-03-27,National Payments Corporation of India (NPCI),https://www.npci.org.in/product/cts/product-statistics
2024-25,2024,May,5,11,2024-05-11,0.00,0.00,2024-06-01,2026-03-27,National Payments Corporation of India (NPCI),https://www.npci.org.in/product/cts/product-statistics
2024-25,2024,May,5,12,2024-05-12,0.00,0.00,2024-06-01,2026-03-27,National Payments Corporation of India (NPCI),https://www.npci.org.in/product/cts/product-statistics
2024-25,2024,May,5,13,2024-05-13,2.97,30555.83,2024-06-01,2026-03-27,National Payments Corporation of India (NPCI),https://www.npci.org.in/product/cts/product-statistics
2024-25,2024,May,5,14,2024-05-14,2.63,28675.15,2024-06-01,2026-03-27,National Payments Corporation of India (NPCI),https://www.npci.org.in/product/cts/product-statistics
2024-25,2024,May,5,15,2024-05-15,2.35,25565.12,2024-06-01,2026-03-27,National Payments Corporation of India (NPCI),https://www.npci.org.in/product/cts/product-statistics
2024-25,2024,May,5,16,2024-05-16,2.14,25274.94,2024-06-01,2026-03-27,National Payments Corporation of India (NPCI),https://www.npci.org.in/product/cts/product-statistics
2024-25,2024,May,5,17,2024-05-17,1.95,25087.85,2024-06-01,2026-03-27,National Payments Corporation of India (NPCI),https://www.npci.org.in/product/cts/product-statistics
2024-25,2024,May,5,18,2024-05-18,1.86,21190.30,2024-06-01,2026-03-27,National Payments Corporation of India (NPCI),https://www.npci.org.in/product/cts/product-statistics
2024-25,2024,May,5,19,2024-05-19,0.00,0.00,2024-06-01,2026-03-27,National Payments Corporation of India (NPCI),https://www.npci.org.in/product/cts/product-statistics
2024-25,2024,May,5,20,2024-05-20,1.87,21838.30,2024-06-01,2026-03-27,National Payments Corporation of India (NPCI),https://www.npci.org.in/product/cts/product-statistics
2024-25,2024,May,5,21,2024-05-21,2.13,25335.66,2024-06-01,2026-03-27,National Payments Corporation of India (NPCI),https://www.npci.org.in/product/cts/product-statistics
2024-25,2024,May,5,22,2024-05-22,2.01,23991.78,2024-06-01,2026-03-27,National Payments Corporation of India (NPCI),https://www.npci.org.in/product/cts/product-statistics
2024-25,2024,May,5,23,2024-05-23,0.91,11289.52,2024-06-01,2026-03-27,National Payments Corporation of India (NPCI),https://www.npci.org.in/product/cts/product-statistics
2024-25,2024,May,5,24,2024-05-24,2.35,27911.90,2024-06-01,2026-03-27,National Payments Corporation of India (NPCI),https://www.npci.org.in/product/cts/product-statistics
2024-25,2024,May,5,25,2024-05-25,0.00,0.00,2024-06-01,2026-03-27,National Payments Corporation of India (NPCI),https://www.npci.org.in/product/cts/product-statistics
2024-25,2024,May,5,26,2024-05-26,0.00,0.00,2024-06-01,2026-03-27,National Payments Corporation of India (NPCI),https://www.npci.org.in/product/cts/product-statistics
2024-25,2024,May,5,27,2024-05-27,3.12,32878.81,2024-06-01,2026-03-27,National Payments Corporation of India (NPCI),https://www.npci.org.in/product/cts/product-statistics
2024-25,2024,May,5,28,2024-05-28,2.36,27583.70,2024-06-01,2026-03-27,National Payments Corporation of India (NPCI),https://www.npci.org.in/product/cts/product-statistics
2024-25,2024,May,5,29,2024-05-29,1.98,23833.30,2024-06-01,2026-03-27,National Payments Corporation of India (NPCI),https://www.npci.org.in/product/cts/product-statistics
2024-25,2024,May,5,30,2024-05-30,1.94,24234.67,2024-06-01,2026-03-27,National Payments Corporation of India (NPCI),https://www.npci.org.in/product/cts/product-statistics
2024-25,2024,May,5,31,2024-05-31,1.70,22381.39,2024-06-01,2026-03-27,National Payments Corporation of India (NPCI),https://www.npci.org.in/product/cts/product-statistics
2024-25,2024,June,6,1,2024-06-01,1.50,18848.47,2024-07-01,2026-03-27,National Payments Corporation of India (NPCI),https://www.npci.org.in/product/cts/product-statistics
2024-25,2024,June,6,2,2024-06-02,0.00,0.00,2024-07-01,2026-03-27,National Payments Corporation of India (NPCI),https://www.npci.org.in/product/cts/product-statistics
2024-25,2024,June,6,3,2024-06-03,2.16,24300.39,2024-07-01,2026-03-27,National Payments Corporation of India (NPCI),https://www.npci.org.in/product/cts/product-statistics
2024-25,2024,June,6,4,2024-06-04,2.02,23627.18,2024-07-01,2026-03-27,National Payments Corporation of India (NPCI),https://www.npci.org.in/product/cts/product-statistics
2024-25,2024,June,6,5,2024-06-05,2.02,22441.38,2024-07-01,2026-03-27,National Payments Corporation of India (NPCI),https://www.npci.org.in/product/cts/product-statistics
2024-25,2024,June,6,6,2024-06-06,1.99,24729.96,2024-07-01,2026-03-27,National Payments Corporation of India (NPCI),https://www.npci.org.in/product/cts/product-statistics
2024-25,2024,June,6,7,2024-06-07,2.07,23230.96,2024-07-01,2026-03-27,National Payments Corporation of India (NPCI),https://www.npci.org.in/product/cts/product-statistics
2024-25,2024,June,6,8,2024-06-08,0.00,0.00,2024-07-01,2026-03-27,National Payments Corporation of India (NPCI),https://www.npci.org.in/product/cts/product-statistics
2024-25,2024,June,6,9,2024-06-09,0.00,0.00,2024-07-01,2026-03-27,National Payments Corporation of India (NPCI),https://www.npci.org.in/product/cts/product-statistics
2024-25,2024,June,6,10,2024-06-10,3.25,31726.55,2024-07-01,2026-03-27,National Payments Corporation of India (NPCI),https://www.npci.org.in/product/cts/product-statistics
2024-25,2024,June,6,11,2024-06-11,2.58,28809.18,2024-07-01,2026-03-27,National Payments Corporation of India (NPCI),https://www.npci.org.in/product/cts/product-statistics
2024-25,2024,June,6,12,2024-06-12,2.24,25782.54,2024-07-01,2026-03-27,National Payments Corporation of India (NPCI),https://www.npci.org.in/product/cts/product-statistics
2024-25,2024,June,6,13,2024-06-13,2.02,24335.90,2024-07-01,2026-03-27,National Payments Corporation of India (NPCI),https://www.npci.org.in/product/cts/product-statistics
2024-25,2024,June,6,14,2024-06-14,1.95,23647.10,2024-07-01,2026-03-27,National Payments Corporation of India (NPCI),https://www.npci.org.in/product/cts/product-statistics
2024-25,2024,June,6,15,2024-06-15,1.96,21736.33,2024-07-01,2026-03-27,National Payments Corporation of India (NPCI),https://www.npci.org.in/product/cts/product-statistics
2024-25,2024,June,6,16,2024-06-16,0.00,0.00,2024-07-01,2026-03-27,National Payments Corporation of India (NPCI),https://www.npci.org.in/product/cts/product-statistics
2024-25,2024,June,6,17,2024-06-17,0.03,269.07,2024-07-01,2026-03-27,National Payments Corporation of India (NPCI),https://www.npci.org.in/product/cts/product-statistics
2024-25,2024,June,6,18,2024-06-18,3.07,30253.37,2024-07-01,2026-03-27,National Payments Corporation of India (NPCI),https://www.npci.org.in/product/cts/product-statistics
2024-25,2024,June,6,19,2024-06-19,2.29,24985.59,2024-07-01,2026-03-27,National Payments Corporation of India (NPCI),https://www.npci.org.in/product/cts/product-statistics
2024-25,2024,June,6,20,2024-06-20,2.18,25105.10,2024-07-01,2026-03-27,National Payments Corporation of India (NPCI),https://www.npci.org.in/product/cts/product-statistics
2024-25,2024,June,6,21,2024-06-21,2.00,24516.59,2024-07-01,2026-03-27,National Payments Corporation of India (NPCI),https://www.npci.org.in/product/cts/product-statistics
2024-25,2024,June,6,22,2024-06-22,0.00,0.00,2024-07-01,2026-03-27,National Payments Corporation of India (NPCI),https://www.npci.org.in/product/cts/product-statistics
2024-25,2024,June,6,23,2024-06-23,0.00,0.00,2024-07-01,2026-03-27,National Payments Corporation of India (NPCI),https://www.npci.org.in/product/cts/product-statistics
2024-25,2024,June,6,24,2024-06-24,3.11,33072.58,2024-07-01,2026-03-27,National Payments Corporation of India (NPCI),https://www.npci.org.in/product/cts/product-statistics
2024-25,2024,June,6,25,2024-06-25,2.48,28079.15,2024-07-01,2026-03-27,National Payments Corporation of India (NPCI),https://www.npci.org.in/product/cts/product-statistics
2024-25,2024,June,6,26,2024-06-26,2.06,24408.00,2024-07-01,2026-03-27,National Payments Corporation of India (NPCI),https://www.npci.org.in/product/cts/product-statistics
2024-25,2024,June,6,27,2024-06-27,1.91,24482.60,2024-07-01,2026-03-27,National Payments Corporation of India (NPCI),https://www.npci.org.in/product/cts/product-statistics
2024-25,2024,June,6,28,2024-06-28,1.86,24324.17,2024-07-01,2026-03-27,National Payments Corporation of India (NPCI),https://www.npci.org.in/product/cts/product-statistics
2024-25,2024,June,6,29,2024-06-29,1.66,21121.48,2024-07-01,2026-03-27,National Payments Corporation of India (NPCI),https://www.npci.org.in/product/cts/product-statistics
2024-25,2024,June,6,30,2024-06-30,0.00,0.00,2024-07-01,2026-03-27,National Payments Corporation of India (NPCI),https://www.npci.org.in/product/cts/product-statistics
2024-25,2024,July,7,1,2024-07-01,2.22,26256.80,2024-08-01,2026-03-27,National Payments Corporation of India (NPCI),https://www.npci.org.in/product/cts/product-statistics
2024-25,2024,July,7,2,2024-07-02,2.13,26968.96,2024-08-01,2026-03-27,National Payments Corporation of India (NPCI),https://www.npci.org.in/product/cts/product-statistics
2024-25,2024,July,7,3,2024-07-03,2.00,25613.06,2024-08-01,2026-03-27,National Payments Corporation of India (NPCI),https://www.npci.org.in/product/cts/product-statistics
2024-25,2024,July,7,4,2024-07-04,2.01,24414.49,2024-08-01,2026-03-27,National Payments Corporation of India (NPCI),https://www.npci.org.in/product/cts/product-statistics
2024-25,2024,July,7,5,2024-07-05,2.08,24034.17,2024-08-01,2026-03-27,National Payments Corporation of India (NPCI),https://www.npci.org.in/product/cts/product-statistics
2024-25,2024,July,7,6,2024-07-06,1.87,20765.96,2024-08-01,2026-03-27,National Payments Corporation of India (NPCI),https://www.npci.org.in/product/cts/product-statistics
2024-25,2024,July,7,7,2024-07-07,0.00,0.00,2024-08-01,2026-03-27,National Payments Corporation of India (NPCI),https://www.npci.org.in/product/cts/product-statistics
2024-25,2024,July,7,8,2024-07-08,2.19,22468.24,2024-08-01,2026-03-27,National Payments Corporation of India (NPCI),https://www.npci.org.in/product/cts/product-statistics
2024-25,2024,July,7,9,2024-07-09,2.16,24622.94,2024-08-01,2026-03-27,National Payments Corporation of India (NPCI),https://www.npci.org.in/product/cts/product-statistics
2024-25,2024,July,7,10,2024-07-10,2.32,24959.10,2024-08-01,2026-03-27,National Payments Corporation of India (NPCI),https://www.npci.org.in/product/cts/product-statistics
2024-25,2024,July,7,11,2024-07-11,2.07,23801.31,2024-08-01,2026-03-27,National Payments Corporation of India (NPCI),https://www.npci.org.in/product/cts/product-statistics
2024-25,2024,July,7,12,2024-07-12,2.03,23574.30,2024-08-01,2026-03-27,National Payments Corporation of India (NPCI),https://www.npci.org.in/product/cts/product-statistics
2024-25,2024,July,7,13,2024-07-13,0.00,0.00,2024-08-01,2026-03-27,National Payments Corporation of India (NPCI),https://www.npci.org.in/product/cts/product-statistics
2024-25,2024,July,7,14,2024-07-14,0.00,0.00,2024-08-01,2026-03-27,National Payments Corporation of India (NPCI),https://www.npci.org.in/product/cts/product-statistics
2024-25,2024,July,7,15,2024-07-15,3.19,32195.93,2024-08-01,2026-03-27,National Payments Corporation of India (NPCI),https://www.npci.org.in/product/cts/product-statistics
2024-25,2024,July,7,16,2024-07-16,2.46,27492.94,2024-08-01,2026-03-27,National Payments Corporation of India (NPCI),https://www.npci.org.in/product/cts/product-statistics
2024-25,2024,July,7,17,2024-07-17,0.56,6065.38,2024-08-01,2026-03-27,National Payments Corporation of India (NPCI),https://www.npci.org.in/product/cts/product-statistics
2024-25,2024,July,7,18,2024-07-18,2.72,30766.99,2024-08-01,2026-03-27,National Payments Corporation of India (NPCI),https://www.npci.org.in/product/cts/product-statistics
2024-25,2024,July,7,19,2024-07-19,2.21,25979.50,2024-08-01,2026-03-27,National Payments Corporation of India (NPCI),https://www.npci.org.in/product/cts/product-statistics
2024-25,2024,July,7,20,2024-07-20,1.97,23238.71,2024-08-01,2026-03-27,National Payments Corporation of India (NPCI),https://www.npci.org.in/product/cts/product-statistics
2024-25,2024,July,7,21,2024-07-21,0.00,0.00,2024-08-01,2026-03-27,National Payments Corporation of India (NPCI),https://www.npci.org.in/product/cts/product-statistics
2024-25,2024,July,7,22,2024-07-22,2.19,23769.13,2024-08-01,2026-03-27,National Payments Corporation of India (NPCI),https://www.npci.org.in/product/cts/product-statistics
2024-25,2024,July,7,23,2024-07-23,2.04,23609.47,2024-08-01,2026-03-27,National Payments Corporation of India (NPCI),https://www.npci.org.in/product/cts/product-statistics
2024-25,2024,July,7,24,2024-07-24,1.88,22959.51,2024-08-01,2026-03-27,National Payments Corporation of India (NPCI),https://www.npci.org.in/product/cts/product-statistics
2024-25,2024,July,7,25,2024-07-25,1.90,22514.87,2024-08-01,2026-03-27,National Payments Corporation of India (NPCI),https://www.npci.org.in/product/cts/product-statistics
2024-25,2024,July,7,26,2024-07-26,1.94,23355.06,2024-08-01,2026-03-27,National Payments Corporation of India (NPCI),https://www.npci.org.in/product/cts/product-statistics
2024-25,2024,July,7,27,2024-07-27,0.00,0.00,2024-08-01,2026-03-27,National Payments Corporation of India (NPCI),https://www.npci.org.in/product/cts/product-statistics
2024-25,2024,July,7,28,2024-07-28,0.00,0.00,2024-08-01,2026-03-27,National Payments Corporation of India (NPCI),https://www.npci.org.in/product/cts/product-statistics
2024-25,2024,July,7,29,2024-07-29,2.98,31424.52,2024-08-01,2026-03-27,National Payments Corporation of India (NPCI),https://www.npci.org.in/product/cts/product-statistics
2024-25,2024,July,7,30,2024-07-30,2.23,25832.21,2024-08-01,2026-03-27,National Payments Corporation of India (NPCI),https://www.npci.org.in/product/cts/product-statistics
2024-25,2024,July,7,31,2024-07-31,1.78,24001.90,2024-08-01,2026-03-27,National Payments Corporation of India (NPCI),https://www.npci.org.in/product/cts/product-statistics
2024-25,2024,August,8,1,2024-08-01,1.79,23706.97,2024-09-01,2026-03-27,National Payments Corporation of India (NPCI),https://www.npci.org.in/product/cts/product-statistics
2024-25,2024,August,8,2,2024-08-02,1.93,23997.65,2024-09-01,2026-03-27,National Payments Corporation of India (NPCI),https://www.npci.org.in/product/cts/product-statistics
2024-25,2024,August,8,3,2024-08-03,1.84,21016.10,2024-09-01,2026-03-27,National Payments Corporation of India (NPCI),https://www.npci.org.in/product/cts/product-statistics
2024-25,2024,August,8,4,2024-08-04,0.00,0.00,2024-09-01,2026-03-27,National Payments Corporation of India (NPCI),https://www.npci.org.in/product/cts/product-statistics
2024-25,2024,August,8,5,2024-08-05,2.31,24220.99,2024-09-01,2026-03-27,National Payments Corporation of India (NPCI),https://www.npci.org.in/product/cts/product-statistics
2024-25,2024,August,8,6,2024-08-06,2.19,24387.36,2024-09-01,2026-03-27,National Payments Corporation of India (NPCI),https://www.npci.org.in/product/cts/product-statistics
2024-25,2024,August,8,7,2024-08-07,2.06,23631.50,2024-09-01,2026-03-27,National Payments Corporation of India (NPCI),https://www.npci.org.in/product/cts/product-statistics
2024-25,2024,August,8,8,2024-08-08,2.07,23252.74,2024-09-01,2026-03-27,National Payments Corporation of India (NPCI),https://www.npci.org.in/product/cts/product-statistics
2024-25,2024,August,8,9,2024-08-09,2.05,23106.15,2024-09-01,2026-03-27,National Payments Corporation of India (NPCI),https://www.npci.org.in/product/cts/product-statistics
2024-25,2024,August,8,10,2024-08-10,0.00,0.00,2024-09-01,2026-03-27,National Payments Corporation of India (NPCI),https://www.npci.org.in/product/cts/product-statistics
2024-25,2024,August,8,11,2024-08-11,0.00,0.00,2024-09-01,2026-03-27,National Payments Corporation of India (NPCI),https://www.npci.org.in/product/cts/product-statistics
2024-25,2024,August,8,12,2024-08-12,3.38,32682.99,2024-09-01,2026-03-27,National Payments Corporation of India (NPCI),https://www.npci.org.in/product/cts/product-statistics
2024-25,2024,August,8,13,2024-08-13,2.56,27329.43,2024-09-01,2026-03-27,National Payments Corporation of India (NPCI),https://www.npci.org.in/product/cts/product-statistics
2024-25,2024,August,8,14,2024-08-14,2.24,24711.96,2024-09-01,2026-03-27,National Payments Corporation of India (NPCI),https://www.npci.org.in/product/cts/product-statistics
2024-25,2024,August,8,15,2024-08-15,0.00,0.00,2024-09-01,2026-03-27,National Payments Corporation of India (NPCI),https://www.npci.org.in/product/cts/product-statistics
2024-25,2024,August,8,16,2024-08-16,2.63,27522.82,2024-09-01,2026-03-27,National Payments Corporation of India (NPCI),https://www.npci.org.in/product/cts/product-statistics
2024-25,2024,August,8,17,2024-08-17,2.07,21864.62,2024-09-01,2026-03-27,National Payments Corporation of India (NPCI),https://www.npci.org.in/product/cts/product-statistics
2024-25,2024,August,8,18,2024-08-18,0.00,0.00,2024-09-01,2026-03-27,National Payments Corporation of India (NPCI),https://www.npci.org.in/product/cts/product-statistics
2024-25,2024,August,8,19,2024-08-19,1.31,13414.60,2024-09-01,2026-03-27,National Payments Corporation of India (NPCI),https://www.npci.org.in/product/cts/product-statistics
2024-25,2024,August,8,20,2024-08-20,2.14,22721.60,2024-09-01,2026-03-27,National Payments Corporation of India (NPCI),https://www.npci.org.in/product/cts/product-statistics
2024-25,2024,August,8,21,2024-08-21,2.11,24249.07,2024-09-01,2026-03-27,National Payments Corporation of India (NPCI),https://www.npci.org.in/product/cts/product-statistics
2024-25,2024,August,8,22,2024-08-22,1.98,23051.78,2024-09-01,2026-03-27,National Payments Corporation of India (NPCI),https://www.npci.org.in/product/cts/product-statistics
2024-25,2024,August,8,23,2024-08-23,2.04,25325.95,2024-09-01,2026-03-27,National Payments Corporation of India (NPCI),https://www.npci.org.in/product/cts/product-statistics
2024-25,2024,August,8,24,2024-08-24,0.00,0.00,2024-09-01,2026-03-27,National Payments Corporation of India (NPCI),https://www.npci.org.in/product/cts/product-statistics
2024-25,2024,August,8,25,2024-08-25,0.00,0.00,2024-09-01,2026-03-27,National Payments Corporation of India (NPCI),https://www.npci.org.in/product/cts/product-statistics
2024-25,2024,August,8,26,2024-08-26,1.32,12830.80,2024-09-01,2026-03-27,National Payments Corporation of India (NPCI),https://www.npci.org.in/product/cts/product-statistics
2024-25,2024,August,8,27,2024-08-27,2.92,30613.43,2024-09-01,2026-03-27,National Payments Corporation of India (NPCI),https://www.npci.org.in/product/cts/product-statistics
2024-25,2024,August,8,28,2024-08-28,2.26,25358.06,2024-09-01,2026-03-27,National Payments Corporation of India (NPCI),https://www.npci.org.in/product/cts/product-statistics
2024-25,2024,August,8,29,2024-08-29,2.00,24217.86,2024-09-01,2026-03-27,National Payments Corporation of India (NPCI),https://www.npci.org.in/product/cts/product-statistics
2024-25,2024,August,8,30,2024-08-30,1.90,23231.34,2024-09-01,2026-03-27,National Payments Corporation of India (NPCI),https://www.npci.org.in/product/cts/product-statistics
2024-25,2024,August,8,31,2024-08-31,1.74,22401.87,2024-09-01,2026-03-27,National Payments Corporation of India (NPCI),https://www.npci.org.in/product/cts/product-statistics
2024-25,2024,September,9,1,2024-09-01,0.00,0.00,2024-10-01,2026-03-27,National Payments Corporation of India (NPCI),https://www.npci.org.in/product/cts/product-statistics
2024-25,2024,September,9,2,2024-09-02,2.17,25018.93,2024-10-01,2026-03-27,National Payments Corporation of India (NPCI),https://www.npci.org.in/product/cts/product-statistics
2024-25,2024,September,9,3,2024-09-03,2.11,24961.05,2024-10-01,2026-03-27,National Payments Corporation of India (NPCI),https://www.npci.org.in/product/cts/product-statistics
2024-25,2024,September,9,4,2024-09-04,2.03,23802.94,2024-10-01,2026-03-27,National Payments Corporation of India (NPCI),https://www.npci.org.in/product/cts/product-statistics
2024-25,2024,September,9,5,2024-09-05,2.10,24759.59,2024-10-01,2026-03-27,National Payments Corporation of India (NPCI),https://www.npci.org.in/product/cts/product-statistics
2024-25,2024,September,9,6,2024-09-06,1.99,24051.98,2024-10-01,2026-03-27,National Payments Corporation of India (NPCI),https://www.npci.org.in/product/cts/product-statistics
2024-25,2024,September,9,7,2024-09-07,0.76,8770.87,2024-10-01,2026-03-27,National Payments Corporation of India (NPCI),https://www.npci.org.in/product/cts/product-statistics
2024-25,2024,September,9,8,2024-09-08,0.00,0.00,2024-10-01,2026-03-27,National Payments Corporation of India (NPCI),https://www.npci.org.in/product/cts/product-statistics
2024-25,2024,September,9,9,2024-09-09,2.59,27701.05,2024-10-01,2026-03-27,National Payments Corporation of India (NPCI),https://www.npci.org.in/product/cts/product-statistics
2024-25,2024,September,9,10,2024-09-10,2.46,26953.79,2024-10-01,2026-03-27,National Payments Corporation of India (NPCI),https://www.npci.org.in/product/cts/product-statistics
2024-25,2024,September,9,11,2024-09-11,2.12,23486.55,2024-10-01,2026-03-27,National Payments Corporation of India (NPCI),https://www.npci.org.in/product/cts/product-statistics
2024-25,2024,September,9,12,2024-09-12,2.01,23206.35,2024-10-01,2026-03-27,National Payments Corporation of India (NPCI),https://www.npci.org.in/product/cts/product-statistics
2024-25,2024,September,9,13,2024-09-13,2.00,23325.75,2024-10-01,2026-03-27,National Payments Corporation of India (NPCI),https://www.npci.org.in/product/cts/product-statistics
2024-25,2024,September,9,14,2024-09-14,0.00,0.00,2024-10-01,2026-03-27,National Payments Corporation of India (NPCI),https://www.npci.org.in/product/cts/product-statistics
2024-25,2024,September,9,15,2024-09-15,0.00,0.00,2024-10-01,2026-03-27,National Payments Corporation of India (NPCI),https://www.npci.org.in/product/cts/product-statistics
2024-25,2024,September,9,16,2024-09-16,1.31,12392.82,2024-10-01,2026-03-27,National Payments Corporation of India (NPCI),https://www.npci.org.in/product/cts/product-statistics
2024-25,2024,September,9,17,2024-09-17,2.76,29106.22,2024-10-01,2026-03-27,National Payments Corporation of India (NPCI),https://www.npci.org.in/product/cts/product-statistics
2024-25,2024,September,9,18,2024-09-18,2.23,24193.11,2024-10-01,2026-03-27,National Payments Corporation of India (NPCI),https://www.npci.org.in/product/cts/product-statistics
2024-25,2024,September,9,19,2024-09-19,2.26,26335.85,2024-10-01,2026-03-27,National Payments Corporation of India (NPCI),https://www.npci.org.in/product/cts/product-statistics
2024-25,2024,September,9,20,2024-09-20,1.98,21574.23,2024-10-01,2026-03-27,National Payments Corporation of India (NPCI),https://www.npci.org.in/product/cts/product-statistics
2024-25,2024,September,9,21,2024-09-21,2.08,23374.98,2024-10-01,2026-03-27,National Payments Corporation of India (NPCI),https://www.npci.org.in/product/cts/product-statistics
2024-25,2024,September,9,22,2024-09-22,0.00,0.00,2024-10-01,2026-03-27,National Payments Corporation of India (NPCI),https://www.npci.org.in/product/cts/product-statistics
2024-25,2024,September,9,23,2024-09-23,2.21,22355.53,2024-10-01,2026-03-27,National Payments Corporation of India (NPCI),https://www.npci.org.in/product/cts/product-statistics
2024-25,2024,September,9,24,2024-09-24,2.13,24098.69,2024-10-01,2026-03-27,National Payments Corporation of India (NPCI),https://www.npci.org.in/product/cts/product-statistics
2024-25,2024,September,9,25,2024-09-25,2.11,23744.10,2024-10-01,2026-03-27,National Payments Corporation of India (NPCI),https://www.npci.org.in/product/cts/product-statistics
2024-25,2024,September,9,26,2024-09-26,1.91,22903.33,2024-10-01,2026-03-27,National Payments Corporation of India (NPCI),https://www.npci.org.in/product/cts/product-statistics
2024-25,2024,September,9,27,2024-09-27,1.95,24359.50,2024-10-01,2026-03-27,National Payments Corporation of India (NPCI),https://www.npci.org.in/product/cts/product-statistics
2024-25,2024,September,9,28,2024-09-28,0.00,0.00,2024-10-01,2026-03-27,National Payments Corporation of India (NPCI),https://www.npci.org.in/product/cts/product-statistics
2024-25,2024,September,9,29,2024-09-29,0.00,0.00,2024-10-01,2026-03-27,National Payments Corporation of India (NPCI),https://www.npci.org.in/product/cts/product-statistics
2024-25,2024,September,9,30,2024-09-30,3.23,32909.79,2024-10-01,2026-03-27,National Payments Corporation of India (NPCI),https://www.npci.org.in/product/cts/product-statistics
2024-25,2024,October,10,1,2024-10-01,2.49,31507.83,2024-11-01,2026-03-27,National Payments Corporation of India (NPCI),https://www.npci.org.in/product/cts/product-statistics
2024-25,2024,October,10,2,2024-10-02,0.00,0.00,2024-11-01,2026-03-27,National Payments Corporation of India (NPCI),https://www.npci.org.in/product/cts/product-statistics
2024-25,2024,October,10,3,2024-10-03,2.65,29414.98,2024-11-01,2026-03-27,National Payments Corporation of India (NPCI),https://www.npci.org.in/product/cts/product-statistics
2024-25,2024,October,10,4,2024-10-04,2.52,29696.02,2024-11-01,2026-03-27,National Payments Corporation of India (NPCI),https://www.npci.org.in/product/cts/product-statistics
2024-25,2024,October,10,5,2024-10-05,2.24,25588.81,2024-11-01,2026-03-27,National Payments Corporation of India (NPCI),https://www.npci.org.in/product/cts/product-statistics
2024-25,2024,October,10,6,2024-10-06,0.00,0.00,2024-11-01,2026-03-27,National Payments Corporation of India (NPCI),https://www.npci.org.in/product/cts/product-statistics
2024-25,2024,October,10,7,2024-10-07,2.57,27400.67,2024-11-01,2026-03-27,National Payments Corporation of India (NPCI),https://www.npci.org.in/product/cts/product-statistics
2024-25,2024,October,10,8,2024-10-08,2.39,27778.14,2024-11-01,2026-03-27,National Payments Corporation of India (NPCI),https://www.npci.org.in/product/cts/product-statistics
2024-25,2024,October,10,9,2024-10-09,2.23,27371.06,2024-11-01,2026-03-27,National Payments Corporation of India (NPCI),https://www.npci.org.in/product/cts/product-statistics
2024-25,2024,October,10,10,2024-10-10,2.19,25269.32,2024-11-01,2026-03-27,National Payments Corporation of India (NPCI),https://www.npci.org.in/product/cts/product-statistics
2024-25,2024,October,10,11,2024-10-11,1.39,16720.88,2024-11-01,2026-03-27,National Payments Corporation of India (NPCI),https://www.npci.org.in/product/cts/product-statistics
2024-25,2024,October,10,12,2024-10-12,0.00,0.00,2024-11-01,2026-03-27,National Payments Corporation of India (NPCI),https://www.npci.org.in/product/cts/product-statistics
2024-25,2024,October,10,13,2024-10-13,0.00,0.00,2024-11-01,2026-03-27,National Payments Corporation of India (NPCI),https://www.npci.org.in/product/cts/product-statistics
2024-25,2024,October,10,14,2024-10-14,3.03,30560.44,2024-11-01,2026-03-27,National Payments Corporation of India (NPCI),https://www.npci.org.in/product/cts/product-statistics
2024-25,2024,October,10,15,2024-10-15,2.44,27129.87,2024-11-01,2026-03-27,National Payments Corporation of India (NPCI),https://www.npci.org.in/product/cts/product-statistics
2024-25,2024,October,10,16,2024-10-16,2.19,24419.86,2024-11-01,2026-03-27,National Payments Corporation of India (NPCI),https://www.npci.org.in/product/cts/product-statistics
2024-25,2024,October,10,17,2024-10-17,1.84,20557.25,2024-11-01,2026-03-27,National Payments Corporation of India (NPCI),https://www.npci.org.in/product/cts/product-statistics
2024-25,2024,October,10,18,2024-10-18,2.22,26709.56,2024-11-01,2026-03-27,National Payments Corporation of India (NPCI),https://www.npci.org.in/product/cts/product-statistics
2024-25,2024,October,10,19,2024-10-19,1.92,21870.33,2024-11-01,2026-03-27,National Payments Corporation of India (NPCI),https://www.npci.org.in/product/cts/product-statistics
2024-25,2024,October,10,20,2024-10-20,0.00,0.00,2024-11-01,2026-03-27,National Payments Corporation of India (NPCI),https://www.npci.org.in/product/cts/product-statistics
2024-25,2024,October,10,21,2024-10-21,2.50,26213.33,2024-11-01,2026-03-27,National Payments Corporation of India (NPCI),https://www.npci.org.in/product/cts/product-statistics
2024-25,2024,October,10,22,2024-10-22,2.35,27168.44,2024-11-01,2026-03-27,National Payments Corporation of India (NPCI),https://www.npci.org.in/product/cts/product-statistics
2024-25,2024,October,10,23,2024-10-23,2.17,25113.67,2024-11-01,2026-03-27,National Payments Corporation of India (NPCI),https://www.npci.org.in/product/cts/product-statistics
2024-25,2024,October,10,24,2024-10-24,2.12,26216.32,2024-11-01,2026-03-27,National Payments Corporation of India (NPCI),https://www.npci.org.in/product/cts/product-statistics
2024-25,2024,October,10,25,2024-10-25,2.33,28037.26,2024-11-01,2026-03-27,National Payments Corporation of India (NPCI),https://www.npci.org.in/product/cts/product-statistics
2024-25,2024,October,10,26,2024-10-26,0.00,0.00,2024-11-01,2026-03-27,National Payments Corporation of India (NPCI),https://www.npci.org.in/product/cts/product-statistics
2024-25,2024,October,10,27,2024-10-27,0.00,0.00,2024-11-01,2026-03-27,National Payments Corporation of India (NPCI),https://www.npci.org.in/product/cts/product-statistics
2024-25,2024,October,10,28,2024-10-28,3.65,38285.07,2024-11-01,2026-03-27,National Payments Corporation of India (NPCI),https://www.npci.org.in/product/cts/product-statistics
2024-25,2024,October,10,29,2024-10-29,2.73,32043.19,2024-11-01,2026-03-27,National Payments Corporation of India (NPCI),https://www.npci.org.in/product/cts/product-statistics
2024-25,2024,October,10,30,2024-10-30,2.10,24317.56,2024-11-01,2026-03-27,National Payments Corporation of India (NPCI),https://www.npci.org.in/product/cts/product-statistics
2024-25,2024,October,10,31,2024-10-31,0.43,4667.12,2024-11-01,2026-03-27,National Payments Corporation of India (NPCI),https://www.npci.org.in/product/cts/product-statistics
2024-25,2024,November,11,1,2024-11-01,0.79,10484.42,2024-12-01,2026-03-27,National Payments Corporation of India (NPCI),https://www.npci.org.in/product/cts/product-statistics
2024-25,2024,November,11,2,2024-11-02,0.61,6860.13,2024-12-01,2026-03-27,National Payments Corporation of India (NPCI),https://www.npci.org.in/product/cts/product-statistics
2024-25,2024,November,11,3,2024-11-03,0.00,0.00,2024-12-01,2026-03-27,National Payments Corporation of India (NPCI),https://www.npci.org.in/product/cts/product-statistics
2024-25,2024,November,11,4,2024-11-04,2.21,22887.33,2024-12-01,2026-03-27,National Payments Corporation of India (NPCI),https://www.npci.org.in/product/cts/product-statistics
2024-25,2024,November,11,5,2024-11-05,2.07,23392.71,2024-12-01,2026-03-27,National Payments Corporation of India (NPCI),https://www.npci.org.in/product/cts/product-statistics
2024-25,2024,November,11,6,2024-11-06,1.91,22888.29,2024-12-01,2026-03-27,National Payments Corporation of India (NPCI),https://www.npci.org.in/product/cts/product-statistics
2024-25,2024,November,11,7,2024-11-07,1.70,22069.30,2024-12-01,2026-03-27,National Payments Corporation of India (NPCI),https://www.npci.org.in/product/cts/product-statistics
2024-25,2024,November,11,8,2024-11-08,1.93,22719.49,2024-12-01,2026-03-27,National Payments Corporation of India (NPCI),https://www.npci.org.in/product/cts/product-statistics
2024-25,2024,November,11,9,2024-11-09,0.00,0.00,2024-12-01,2026-03-27,National Payments Corporation of India (NPCI),https://www.npci.org.in/product/cts/product-statistics
2024-25,2024,November,11,10,2024-11-10,0.00,0.00,2024-12-01,2026-03-27,National Payments Corporation of India (NPCI),https://www.npci.org.in/product/cts/product-statistics
2024-25,2024,November,11,11,2024-11-11,3.17,31226.60,2024-12-01,2026-03-27,National Payments Corporation of India (NPCI),https://www.npci.org.in/product/cts/product-statistics
2024-25,2024,November,11,12,2024-11-12,2.40,27778.14,2024-12-01,2026-03-27,National Payments Corporation of India (NPCI),https://www.npci.org.in/product/cts/product-statistics
2024-25,2024,November,11,13,2024-11-13,2.09,24040.54,2024-12-01,2026-03-27,National Payments Corporation of India (NPCI),https://www.npci.org.in/product/cts/product-statistics
2024-25,2024,November,11,14,2024-11-14,2.00,22892.27,2024-12-01,2026-03-27,National Payments Corporation of India (NPCI),https://www.npci.org.in/product/cts/product-statistics
2024-25,2024,November,11,15,2024-11-15,0.69,8315.26,2024-12-01,2026-03-27,National Payments Corporation of India (NPCI),https://www.npci.org.in/product/cts/product-statistics
2024-25,2024,November,11,16,2024-11-16,2.44,25061.99,2024-12-01,2026-03-27,National Payments Corporation of India (NPCI),https://www.npci.org.in/product/cts/product-statistics
2024-25,2024,November,11,17,2024-11-17,0.00,0.00,2024-12-01,2026-03-27,National Payments Corporation of India (NPCI),https://www.npci.org.in/product/cts/product-statistics
2024-25,2024,November,11,18,2024-11-18,2.17,22576.96,2024-12-01,2026-03-27,National Payments Corporation of India (NPCI),https://www.npci.org.in/product/cts/product-statistics
2024-25,2024,November,11,19,2024-11-19,2.29,24894.09,2024-12-01,2026-03-27,National Payments Corporation of India (NPCI),https://www.npci.org.in/product/cts/product-statistics
2024-25,2024,November,11,20,2024-11-20,1.57,19477.62,2024-12-01,2026-03-27,National Payments Corporation of India (NPCI),https://www.npci.org.in/product/cts/product-statistics
2024-25,2024,November,11,21,2024-11-21,2.11,23540.30,2024-12-01,2026-03-27,National Payments Corporation of India (NPCI),https://www.npci.org.in/product/cts/product-statistics
2024-25,2024,November,11,22,2024-11-22,2.04,23874.77,2024-12-01,2026-03-27,National Payments Corporation of India (NPCI),https://www.npci.org.in/product/cts/product-statistics
2024-25,2024,November,11,23,2024-11-23,0.00,0.00,2024-12-01,2026-03-27,National Payments Corporation of India (NPCI),https://www.npci.org.in/product/cts/product-statistics
2024-25,2024,November,11,24,2024-11-24,0.00,0.00,2024-12-01,2026-03-27,National Payments Corporation of India (NPCI),https://www.npci.org.in/product/cts/product-statistics
2024-25,2024,November,11,25,2024-11-25,3.15,32790.83,2024-12-01,2026-03-27,National Payments Corporation of India (NPCI),https://www.npci.org.in/product/cts/product-statistics
2024-25,2024,November,11,26,2024-11-26,2.37,27752.12,2024-12-01,2026-03-27,National Payments Corporation of India (NPCI),https://www.npci.org.in/product/cts/product-statistics
2024-25,2024,November,11,27,2024-11-27,1.99,24475.97,2024-12-01,2026-03-27,National Payments Corporation of India (NPCI),https://www.npci.org.in/product/cts/product-statistics
2024-25,2024,November,11,28,2024-11-28,1.95,23377.14,2024-12-01,2026-03-27,National Payments Corporation of India (NPCI),https://www.npci.org.in/product/cts/product-statistics
2024-25,2024,November,11,29,2024-11-29,1.82,23331.60,2024-12-01,2026-03-27,National Payments Corporation of India (NPCI),https://www.npci.org.in/product/cts/product-statistics
2024-25,2024,November,11,30,2024-11-30,1.78,21141.04,2024-12-01,2026-03-27,National Payments Corporation of India (NPCI),https://www.npci.org.in/product/cts/product-statistics
2024-25,2024,December,12,1,2024-12-01,0.00,0.00,2025-01-01,2026-03-27,National Payments Corporation of India (NPCI),https://www.npci.org.in/product/cts/product-statistics
2024-25,2024,December,12,2,2024-12-02,2.20,25376.32,2025-01-01,2026-03-27,National Payments Corporation of India (NPCI),https://www.npci.org.in/product/cts/product-statistics
2024-25,2024,December,12,3,2024-12-03,2.04,25003.37,2025-01-01,2026-03-27,National Payments Corporation of India (NPCI),https://www.npci.org.in/product/cts/product-statistics
2024-25,2024,December,12,4,2024-12-04,2.05,24302.43,2025-01-01,2026-03-27,National Payments Corporation of India (NPCI),https://www.npci.org.in/product/cts/product-statistics
2024-25,2024,December,12,5,2024-12-05,2.09,24338.79,2025-01-01,2026-03-27,National Payments Corporation of India (NPCI),https://www.npci.org.in/product/cts/product-statistics
2024-25,2024,December,12,6,2024-12-06,1.90,22233.68,2025-01-01,2026-03-27,National Payments Corporation of India (NPCI),https://www.npci.org.in/product/cts/product-statistics
2024-25,2024,December,12,7,2024-12-07,1.80,20803.17,2025-01-01,2026-03-27,National Payments Corporation of India (NPCI),https://www.npci.org.in/product/cts/product-statistics
2024-25,2024,December,12,8,2024-12-08,0.00,0.00,2025-01-01,2026-03-27,National Payments Corporation of India (NPCI),https://www.npci.org.in/product/cts/product-statistics
2024-25,2024,December,12,9,2024-12-09,2.23,23554.31,2025-01-01,2026-03-27,National Payments Corporation of India (NPCI),https://www.npci.org.in/product/cts/product-statistics
2024-25,2024,December,12,10,2024-12-10,2.37,25333.05,2025-01-01,2026-03-27,National Payments Corporation of India (NPCI),https://www.npci.org.in/product/cts/product-statistics
2024-25,2024,December,12,11,2024-12-11,2.04,24293.33,2025-01-01,2026-03-27,National Payments Corporation of India (NPCI),https://www.npci.org.in/product/cts/product-statistics
2024-25,2024,December,12,12,2024-12-12,1.99,24853.62,2025-01-01,2026-03-27,National Payments Corporation of India (NPCI),https://www.npci.org.in/product/cts/product-statistics
2024-25,2024,December,12,13,2024-12-13,1.96,24466.68,2025-01-01,2026-03-27,National Payments Corporation of India (NPCI),https://www.npci.org.in/product/cts/product-statistics
2024-25,2024,December,12,14,2024-12-14,0.00,0.00,2025-01-01,2026-03-27,National Payments Corporation of India (NPCI),https://www.npci.org.in/product/cts/product-statistics
2024-25,2024,December,12,15,2024-12-15,0.00,0.00,2025-01-01,2026-03-27,National Payments Corporation of India (NPCI),https://www.npci.org.in/product/cts/product-statistics
2024-25,2024,December,12,16,2024-12-16,3.33,34197.82,2025-01-01,2026-03-27,National Payments Corporation of India (NPCI),https://www.npci.org.in/product/cts/product-statistics
2024-25,2024,December,12,17,2024-12-17,2.44,27173.92,2025-01-01,2026-03-27,National Payments Corporation of India (NPCI),https://www.npci.org.in/product/cts/product-statistics
2024-25,2024,December,12,18,2024-12-18,2.13,25691.08,2025-01-01,2026-03-27,National Payments Corporation of India (NPCI),https://www.npci.org.in/product/cts/product-statistics
2024-25,2024,December,12,19,2024-12-19,1.94,24436.45,2025-01-01,2026-03-27,National Payments Corporation of India (NPCI),https://www.npci.org.in/product/cts/product-statistics
2024-25,2024,December,12,20,2024-12-20,2.05,25096.97,2025-01-01,2026-03-27,National Payments Corporation of India (NPCI),https://www.npci.org.in/product/cts/product-statistics
2024-25,2024,December,12,21,2024-12-21,1.68,20216.85,2025-01-01,2026-03-27,National Payments Corporation of India (NPCI),https://www.npci.org.in/product/cts/product-statistics
2024-25,2024,December,12,22,2024-12-22,0.00,0.00,2025-01-01,2026-03-27,National Payments Corporation of India (NPCI),https://www.npci.org.in/product/cts/product-statistics
2024-25,2024,December,12,23,2024-12-23,2.17,23651.64,2025-01-01,2026-03-27,National Payments Corporation of India (NPCI),https://www.npci.org.in/product/cts/product-statistics
2024-25,2024,December,12,24,2024-12-24,2.07,25264.92,2025-01-01,2026-03-27,National Payments Corporation of India (NPCI),https://www.npci.org.in/product/cts/product-statistics
2024-25,2024,December,12,25,2024-12-25,0.00,0.00,2025-01-01,2026-03-27,National Payments Corporation of India (NPCI),https://www.npci.org.in/product/cts/product-statistics
2024-25,2024,December,12,26,2024-12-26,2.76,30569.93,2025-01-01,2026-03-27,National Payments Corporation of India (NPCI),https://www.npci.org.in/product/cts/product-statistics
2024-25,2024,December,12,27,2024-12-27,1.96,23676.01,2025-01-01,2026-03-27,National Payments Corporation of India (NPCI),https://www.npci.org.in/product/cts/product-statistics
2024-25,2024,December,12,28,2024-12-28,0.00,0.00,2025-01-01,2026-03-27,National Payments Corporation of India (NPCI),https://www.npci.org.in/product/cts/product-statistics
2024-25,2024,December,12,29,2024-12-29,0.00,0.00,2025-01-01,2026-03-27,National Payments Corporation of India (NPCI),https://www.npci.org.in/product/cts/product-statistics
2024-25,2024,December,12,30,2024-12-30,3.22,36598.73,2025-01-01,2026-03-27,National Payments Corporation of India (NPCI),https://www.npci.org.in/product/cts/product-statistics
2024-25,2024,December,12,31,2024-12-31,2.23,26745.90,2025-01-01,2026-03-27,National Payments Corporation of India (NPCI),https://www.npci.org.in/product/cts/product-statistics
2024-25,2025,January,1,1,2025-01-01,1.43,18955.55,2025-02-01,2026-03-27,National Payments Corporation of India (NPCI),https://www.npci.org.in/product/cts/product-statistics
2024-25,2025,January,1,2,2025-01-02,1.82,23330.57,2025-02-01,2026-03-27,National Payments Corporation of India (NPCI),https://www.npci.org.in/product/cts/product-statistics
2024-25,2025,January,1,3,2025-01-03,1.86,24152.26,2025-02-01,2026-03-27,National Payments Corporation of India (NPCI),https://www.npci.org.in/product/cts/product-statistics
2024-25,2025,January,1,4,2025-01-04,1.90,21195.99,2025-02-01,2026-03-27,National Payments Corporation of India (NPCI),https://www.npci.org.in/product/cts/product-statistics
2024-25,2025,January,1,5,2025-01-05,0.00,0.00,2025-02-01,2026-03-27,National Payments Corporation of India (NPCI),https://www.npci.org.in/product/cts/product-statistics
2024-25,2025,January,1,6,2025-01-06,2.30,24578.58,2025-02-01,2026-03-27,National Payments Corporation of India (NPCI),https://www.npci.org.in/product/cts/product-statistics
2024-25,2025,January,1,7,2025-01-07,2.28,25274.21,2025-02-01,2026-03-27,National Payments Corporation of India (NPCI),https://www.npci.org.in/product/cts/product-statistics
2024-25,2025,January,1,8,2025-01-08,2.12,25677.74,2025-02-01,2026-03-27,National Payments Corporation of India (NPCI),https://www.npci.org.in/product/cts/product-statistics
2024-25,2025,January,1,9,2025-01-09,2.03,23899.15,2025-02-01,2026-03-27,National Payments Corporation of India (NPCI),https://www.npci.org.in/product/cts/product-statistics
2024-25,2025,January,1,10,2025-01-10,2.30,27681.58,2025-02-01,2026-03-27,National Payments Corporation of India (NPCI),https://www.npci.org.in/product/cts/product-statistics
2024-25,2025,January,1,11,2025-01-11,0.00,0.00,2025-02-01,2026-03-27,National Payments Corporation of India (NPCI),https://www.npci.org.in/product/cts/product-statistics
2024-25,2025,January,1,12,2025-01-12,0.00,0.00,2025-02-01,2026-03-27,National Payments Corporation of India (NPCI),https://www.npci.org.in/product/cts/product-statistics
2024-25,2025,January,1,13,2025-01-13,3.19,31745.96,2025-02-01,2026-03-27,National Payments Corporation of India (NPCI),https://www.npci.org.in/product/cts/product-statistics
2024-25,2025,January,1,14,2025-01-14,1.38,14420.32,2025-02-01,2026-03-27,National Payments Corporation of India (NPCI),https://www.npci.org.in/product/cts/product-statistics
2024-25,2025,January,1,15,2025-01-15,2.08,22463.25,2025-02-01,2026-03-27,National Payments Corporation of India (NPCI),https://www.npci.org.in/product/cts/product-statistics
2024-25,2025,January,1,16,2025-01-16,1.96,24284.71,2025-02-01,2026-03-27,National Payments Corporation of India (NPCI),https://www.npci.org.in/product/cts/product-statistics
2024-25,2025,January,1,17,2025-01-17,2.06,24283.38,2025-02-01,2026-03-27,National Payments Corporation of India (NPCI),https://www.npci.org.in/product/cts/product-statistics
2024-25,2025,January,1,18,2025-01-18,1.82,20664.32,2025-02-01,2026-03-27,National Payments Corporation of India (NPCI),https://www.npci.org.in/product/cts/product-statistics
2024-25,2025,January,1,19,2025-01-19,0.00,0.00,2025-02-01,2026-03-27,National Payments Corporation of India (NPCI),https://www.npci.org.in/product/cts/product-statistics
2024-25,2025,January,1,20,2025-01-20,2.31,24906.49,2025-02-01,2026-03-27,National Payments Corporation of India (NPCI),https://www.npci.org.in/product/cts/product-statistics
2024-25,2025,January,1,21,2025-01-21,2.09,24697.14,2025-02-01,2026-03-27,National Payments Corporation of India (NPCI),https://www.npci.org.in/product/cts/product-statistics
2024-25,2025,January,1,22,2025-01-22,1.99,23071.94,2025-02-01,2026-03-27,National Payments Corporation of India (NPCI),https://www.npci.org.in/product/cts/product-statistics
2024-25,2025,January,1,23,2025-01-23,1.72,20764.79,2025-02-01,2026-03-27,National Payments Corporation of India (NPCI),https://www.npci.org.in/product/cts/product-statistics
2024-25,2025,January,1,24,2025-01-24,1.96,24218.65,2025-02-01,2026-03-27,National Payments Corporation of India (NPCI),https://www.npci.org.in/product/cts/product-statistics
2024-25,2025,January,1,25,2025-01-25,0.00,0.00,2025-02-01,2026-03-27,National Payments Corporation of India (NPCI),https://www.npci.org.in/product/cts/product-statistics
2024-25,2025,January,1,26,2025-01-26,0.00,0.00,2025-02-01,2026-03-27,National Payments Corporation of India (NPCI),https://www.npci.org.in/product/cts/product-statistics
2024-25,2025,January,1,27,2025-01-27,3.16,34794.46,2025-02-01,2026-03-27,National Payments Corporation of India (NPCI),https://www.npci.org.in/product/cts/product-statistics
2024-25,2025,January,1,28,2025-01-28,2.32,28864.05,2025-02-01,2026-03-27,National Payments Corporation of India (NPCI),https://www.npci.org.in/product/cts/product-statistics
2024-25,2025,January,1,29,2025-01-29,1.95,24525.24,2025-02-01,2026-03-27,National Payments Corporation of India (NPCI),https://www.npci.org.in/product/cts/product-statistics
2024-25,2025,January,1,30,2025-01-30,1.93,24493.57,2025-02-01,2026-03-27,National Payments Corporation of India (NPCI),https://www.npci.org.in/product/cts/product-statistics
2024-25,2025,January,1,31,2025-01-31,1.74,23811.81,2025-02-01,2026-03-27,National Payments Corporation of India (NPCI),https://www.npci.org.in/product/cts/product-statistics
2024-25,2025,February,2,1,2025-02-01,1.61,21402.28,2025-03-01,2026-03-27,National Payments Corporation of India (NPCI),https://www.npci.org.in/product/cts/product-statistics
2024-25,2025,February,2,2,2025-02-02,0.00,0.00,2025-03-01,2026-03-27,National Payments Corporation of India (NPCI),https://www.npci.org.in/product/cts/product-statistics
2024-25,2025,February,2,3,2025-02-03,2.06,23585.84,2025-03-01,2026-03-27,National Payments Corporation of India (NPCI),https://www.npci.org.in/product/cts/product-statistics
2024-25,2025,February,2,4,2025-02-04,2.04,25113.62,2025-03-01,2026-03-27,National Payments Corporation of India (NPCI),https://www.npci.org.in/product/cts/product-statistics
2024-25,2025,February,2,5,2025-02-05,1.97,22586.84,2025-03-01,2026-03-27,National Payments Corporation of India (NPCI),https://www.npci.org.in/product/cts/product-statistics
2024-25,2025,February,2,6,2025-02-06,2.03,24146.79,2025-03-01,2026-03-27,National Payments Corporation of India (NPCI),https://www.npci.org.in/product/cts/product-statistics
2024-25,2025,February,2,7,2025-02-07,2.06,24209.55,2025-03-01,2026-03-27,National Payments Corporation of India (NPCI),https://www.npci.org.in/product/cts/product-statistics
2024-25,2025,February,2,8,2025-02-08,0.00,0.00,2025-03-01,2026-03-27,National Payments Corporation of India (NPCI),https://www.npci.org.in/product/cts/product-statistics
2024-25,2025,February,2,9,2025-02-09,0.00,0.00,2025-03-01,2026-03-27,National Payments Corporation of India (NPCI),https://www.npci.org.in/product/cts/product-statistics
2024-25,2025,February,2,10,2025-02-10,3.35,33872.46,2025-03-01,2026-03-27,National Payments Corporation of India (NPCI),https://www.npci.org.in/product/cts/product-statistics
2024-25,2025,February,2,11,2025-02-11,2.31,25871.55,2025-03-01,2026-03-27,National Payments Corporation of India (NPCI),https://www.npci.org.in/product/cts/product-statistics
2024-25,2025,February,2,12,2025-02-12,1.97,22865.91,2025-03-01,2026-03-27,National Payments Corporation of India (NPCI),https://www.npci.org.in/product/cts/product-statistics
2024-25,2025,February,2,13,2025-02-13,2.14,24506.73,2025-03-01,2026-03-27,National Payments Corporation of India (NPCI),https://www.npci.org.in/product/cts/product-statistics
2024-25,2025,February,2,14,2025-02-14,1.95,24212.40,2025-03-01,2026-03-27,National Payments Corporation of India (NPCI),https://www.npci.org.in/product/cts/product-statistics
2024-25,2025,February,2,15,2025-02-15,1.85,21528.12,2025-03-01,2026-03-27,National Payments Corporation of India (NPCI),https://www.npci.org.in/product/cts/product-statistics
2024-25,2025,February,2,16,2025-02-16,0.00,0.00,2025-03-01,2026-03-27,National Payments Corporation of India (NPCI),https://www.npci.org.in/product/cts/product-statistics
2024-25,2025,February,2,17,2025-02-17,2.31,24689.03,2025-03-01,2026-03-27,National Payments Corporation of India (NPCI),https://www.npci.org.in/product/cts/product-statistics
2024-25,2025,February,2,18,2025-02-18,2.11,25902.23,2025-03-01,2026-03-27,National Payments Corporation of India (NPCI),https://www.npci.org.in/product/cts/product-statistics
2024-25,2025,February,2,19,2025-02-19,1.44,18967.42,2025-03-01,2026-03-27,National Payments Corporation of India (NPCI),https://www.npci.org.in/product/cts/product-statistics
2024-25,2025,February,2,20,2025-02-20,2.24,25385.50,2025-03-01,2026-03-27,National Payments Corporation of India (NPCI),https://www.npci.org.in/product/cts/product-statistics
2024-25,2025,February,2,21,2025-02-21,1.98,24217.55,2025-03-01,2026-03-27,National Payments Corporation of India (NPCI),https://www.npci.org.in/product/cts/product-statistics
2024-25,2025,February,2,22,2025-02-22,0.00,0.00,2025-03-01,2026-03-27,National Payments Corporation of India (NPCI),https://www.npci.org.in/product/cts/product-statistics
2024-25,2025,February,2,23,2025-02-23,0.00,0.00,2025-03-01,2026-03-27,National Payments Corporation of India (NPCI),https://www.npci.org.in/product/cts/product-statistics
2024-25,2025,February,2,24,2025-02-24,3.11,34667.59,2025-03-01,2026-03-27,National Payments Corporation of India (NPCI),https://www.npci.org.in/product/cts/product-statistics
2024-25,2025,February,2,25,2025-02-25,2.43,29737.02,2025-03-01,2026-03-27,National Payments Corporation of India (NPCI),https://www.npci.org.in/product/cts/product-statistics
2024-25,2025,February,2,26,2025-02-26,0.43,5174.73,2025-03-01,2026-03-27,National Payments Corporation of India (NPCI),https://www.npci.org.in/product/cts/product-statistics
2024-25,2025,February,2,27,2025-02-27,2.58,29390.57,2025-03-01,2026-03-27,National Payments Corporation of India (NPCI),https://www.npci.org.in/product/cts/product-statistics
2024-25,2025,February,2,28,2025-02-28,0.00,0.00,2025-03-01,2026-03-27,National Payments Corporation of India (NPCI),https://www.npci.org.in/product/cts/product-statistics
2024-25,2025,March,3,1,2025-03-01,1.84,23251.14,2025-04-01,2026-03-27,National Payments Corporation of India (NPCI),https://www.npci.org.in/product/cts/product-statistics
2024-25,2025,March,3,2,2025-03-02,0.00,0.00,2025-04-01,2026-03-27,National Payments Corporation of India (NPCI),https://www.npci.org.in/product/cts/product-statistics
2024-25,2025,March,3,3,2025-03-03,2.32,27196.15,2025-04-01,2026-03-27,National Payments Corporation of India (NPCI),https://www.npci.org.in/product/cts/product-statistics
2024-25,2025,March,3,4,2025-03-04,2.25,27683.78,2025-04-01,2026-03-27,National Payments Corporation of India (NPCI),https://www.npci.org.in/product/cts/product-statistics
2024-25,2025,March,3,5,2025-03-05,2.21,26892.42,2025-04-01,2026-03-27,National Payments Corporation of India (NPCI),https://www.npci.org.in/product/cts/product-statistics
2024-25,2025,March,3,6,2025-03-06,2.09,26322.05,2025-04-01,2026-03-27,National Payments Corporation of India (NPCI),https://www.npci.org.in/product/cts/product-statistics
2024-25,2025,March,3,7,2025-03-07,2.16,26095.19,2025-04-01,2026-03-27,National Payments Corporation of India (NPCI),https://www.npci.org.in/product/cts/product-statistics
2024-25,2025,March,3,8,2025-03-08,0.00,0.00,2025-04-01,2026-03-27,National Payments Corporation of India (NPCI),https://www.npci.org.in/product/cts/product-statistics
2024-25,2025,March,3,9,2025-03-09,0.00,0.00,2025-04-01,2026-03-27,National Payments Corporation of India (NPCI),https://www.npci.org.in/product/cts/product-statistics
2024-25,2025,March,3,10,2025-03-10,3.57,36229.69,2025-04-01,2026-03-27,National Payments Corporation of India (NPCI),https://www.npci.org.in/product/cts/product-statistics
2024-25,2025,March,3,11,2025-03-11,2.67,31471.90,2025-04-01,2026-03-27,National Payments Corporation of India (NPCI),https://www.npci.org.in/product/cts/product-statistics
2024-25,2025,March,3,12,2025-03-12,2.36,29430.04,2025-04-01,2026-03-27,National Payments Corporation of India (NPCI),https://www.npci.org.in/product/cts/product-statistics
2024-25,2025,March,3,13,2025-03-13,1.91,23260.89,2025-04-01,2026-03-27,National Payments Corporation of India (NPCI),https://www.npci.org.in/product/cts/product-statistics
2024-25,2025,March,3,14,2025-03-14,0.36,4604.80,2025-04-01,2026-03-27,National Payments Corporation of India (NPCI),https://www.npci.org.in/product/cts/product-statistics
2024-25,2025,March,3,15,2025-03-15,1.99,21840.00,2025-04-01,2026-03-27,National Payments Corporation of India (NPCI),https://www.npci.org.in/product/cts/product-statistics
2024-25,2025,March,3,16,2025-03-16,0.00,0.00,2025-04-01,2026-03-27,National Payments Corporation of India (NPCI),https://www.npci.org.in/product/cts/product-statistics
2024-25,2025,March,3,17,2025-03-17,2.43,26759.29,2025-04-01,2026-03-27,National Payments Corporation of India (NPCI),https://www.npci.org.in/product/cts/product-statistics
2024-25,2025,March,3,18,2025-03-18,2.35,28422.98,2025-04-01,2026-03-27,National Payments Corporation of India (NPCI),https://www.npci.org.in/product/cts/product-statistics
2024-25,2025,March,3,19,2025-03-19,2.11,25939.46,2025-04-01,2026-03-27,National Payments Corporation of India (NPCI),https://www.npci.org.in/product/cts/product-statistics
2024-25,2025,March,3,20,2025-03-20,2.26,28008.98,2025-04-01,2026-03-27,National Payments Corporation of India (NPCI),https://www.npci.org.in/product/cts/product-statistics
2024-25,2025,March,3,21,2025-03-21,2.21,28140.40,2025-04-01,2026-03-27,National Payments Corporation of India (NPCI),https://www.npci.org.in/product/cts/product-statistics
2024-25,2025,March,3,22,2025-03-22,0.00,0.00,2025-04-01,2026-03-27,National Payments Corporation of India (NPCI),https://www.npci.org.in/product/cts/product-statistics
2024-25,2025,March,3,23,2025-03-23,0.00,0.00,2025-04-01,2026-03-27,National Payments Corporation of India (NPCI),https://www.npci.org.in/product/cts/product-statistics
2024-25,2025,March,3,24,2025-03-24,3.49,41341.34,2025-04-01,2026-03-27,National Payments Corporation of India (NPCI),https://www.npci.org.in/product/cts/product-statistics
2024-25,2025,March,3,25,2025-03-25,2.89,38400.41,2025-04-01,2026-03-27,National Payments Corporation of India (NPCI),https://www.npci.org.in/product/cts/product-statistics
2024-25,2025,March,3,26,2025-03-26,2.51,35513.09,2025-04-01,2026-03-27,National Payments Corporation of India (NPCI),https://www.npci.org.in/product/cts/product-statistics
2024-25,2025,March,3,27,2025-03-27,2.46,36337.29,2025-04-01,2026-03-27,National Payments Corporation of India (NPCI),https://www.npci.org.in/product/cts/product-statistics
2024-25,2025,March,3,28,2025-03-28,2.45,33308.08,2025-04-01,2026-03-27,National Payments Corporation of India (NPCI),https://www.npci.org.in/product/cts/product-statistics
2024-25,2025,March,3,29,2025-03-29,2.09,28017.25,2025-04-01,2026-03-27,National Payments Corporation of India (NPCI),https://www.npci.org.in/product/cts/product-statistics
2024-25,2025,March,3,30,2025-03-30,0.00,0.00,2025-04-01,2026-03-27,National Payments Corporation of India (NPCI),https://www.npci.org.in/product/cts/product-statistics
2024-25,2025,March,3,31,2025-03-31,0.20,5406.86,2025-04-01,2026-03-27,National Payments Corporation of India (NPCI),https://www.npci.org.in/product/cts/product-statistics
2025-26,2025,April,4,1,2025-04-01,0.00,0.00,2025-05-01,2026-03-27,National Payments Corporation of India (NPCI),https://www.npci.org.in/product/cts/product-statistics
2025-26,2025,April,4,2,2025-04-02,3.82,56817.05,2025-05-01,2026-03-27,National Payments Corporation of India (NPCI),https://www.npci.org.in/product/cts/product-statistics
2025-26,2025,April,4,3,2025-04-03,2.43,37168.61,2025-05-01,2026-03-27,National Payments Corporation of India (NPCI),https://www.npci.org.in/product/cts/product-statistics
2025-26,2025,April,4,4,2025-04-04,2.12,33429.02,2025-05-01,2026-03-27,National Payments Corporation of India (NPCI),https://www.npci.org.in/product/cts/product-statistics
2025-26,2025,April,4,5,2025-04-05,1.93,26264.01,2025-05-01,2026-03-27,National Payments Corporation of India (NPCI),https://www.npci.org.in/product/cts/product-statistics
2025-26,2025,April,4,6,2025-04-06,0.00,0.00,2025-05-01,2026-03-27,National Payments Corporation of India (NPCI),https://www.npci.org.in/product/cts/product-statistics
2025-26,2025,April,4,7,2025-04-07,2.27,29477.93,2025-05-01,2026-03-27,National Payments Corporation of India (NPCI),https://www.npci.org.in/product/cts/product-statistics
2025-26,2025,April,4,8,2025-04-08,2.17,30173.48,2025-05-01,2026-03-27,National Payments Corporation of India (NPCI),https://www.npci.org.in/product/cts/product-statistics
2025-26,2025,April,4,9,2025-04-09,2.04,31755.04,2025-05-01,2026-03-27,National Payments Corporation of India (NPCI),https://www.npci.org.in/product/cts/product-statistics
2025-26,2025,April,4,10,2025-04-10,0.39,4915.77,2025-05-01,2026-03-27,National Payments Corporation of India (NPCI),https://www.npci.org.in/product/cts/product-statistics
2025-26,2025,April,4,11,2025-04-11,2.89,35610.20,2025-05-01,2026-03-27,National Payments Corporation of India (NPCI),https://www.npci.org.in/product/cts/product-statistics
2025-26,2025,April,4,12,2025-04-12,0.00,0.00,2025-05-01,2026-03-27,National Payments Corporation of India (NPCI),https://www.npci.org.in/product/cts/product-statistics
2025-26,2025,April,4,13,2025-04-13,0.00,0.00,2025-05-01,2026-03-27,National Payments Corporation of India (NPCI),https://www.npci.org.in/product/cts/product-statistics
2025-26,2025,April,4,14,2025-04-14,0.09,1200.09,2025-05-01,2026-03-27,National Payments Corporation of India (NPCI),https://www.npci.org.in/product/cts/product-statistics
2025-26,2025,April,4,15,2025-04-15,3.95,42451.61,2025-05-01,2026-03-27,National Payments Corporation of India (NPCI),https://www.npci.org.in/product/cts/product-statistics
2025-26,2025,April,4,16,2025-04-16,2.83,34038.26,2025-05-01,2026-03-27,National Payments Corporation of India (NPCI),https://www.npci.org.in/product/cts/product-statistics
2025-26,2025,April,4,17,2025-04-17,2.30,30694.46,2025-05-01,2026-03-27,National Payments Corporation of India (NPCI),https://www.npci.org.in/product/cts/product-statistics
2025-26,2025,April,4,18,2025-04-18,0.25,3382.57,2025-05-01,2026-03-27,National Payments Corporation of India (NPCI),https://www.npci.org.in/product/cts/product-statistics
2025-26,2025,April,4,19,2025-04-19,2.54,30138.30,2025-05-01,2026-03-27,National Payments Corporation of India (NPCI),https://www.npci.org.in/product/cts/product-statistics
2025-26,2025,April,4,20,2025-04-20,0.00,0.00,2025-05-01,2026-03-27,National Payments Corporation of India (NPCI),https://www.npci.org.in/product/cts/product-statistics
2025-26,2025,April,4,21,2025-04-21,2.45,27561.09,2025-05-01,2026-03-27,National Payments Corporation of India (NPCI),https://www.npci.org.in/product/cts/product-statistics
2025-26,2025,April,4,22,2025-04-22,2.15,26389.48,2025-05-01,2026-03-27,National Payments Corporation of India (NPCI),https://www.npci.org.in/product/cts/product-statistics
2025-26,2025,April,4,23,2025-04-23,1.92,25592.04,2025-05-01,2026-03-27,National Payments Corporation of India (NPCI),https://www.npci.org.in/product/cts/product-statistics
2025-26,2025,April,4,24,2025-04-24,1.84,24689.02,2025-05-01,2026-03-27,National Payments Corporation of India (NPCI),https://www.npci.org.in/product/cts/product-statistics
2025-26,2025,April,4,25,2025-04-25,1.99,25991.95,2025-05-01,2026-03-27,National Payments Corporation of India (NPCI),https://www.npci.org.in/product/cts/product-statistics
2025-26,2025,April,4,26,2025-04-26,0.00,0.00,2025-05-01,2026-03-27,National Payments Corporation of India (NPCI),https://www.npci.org.in/product/cts/product-statistics
2025-26,2025,April,4,27,2025-04-27,0.00,0.00,2025-05-01,2026-03-27,National Payments Corporation of India (NPCI),https://www.npci.org.in/product/cts/product-statistics
2025-26,2025,April,4,28,2025-04-28,3.11,35107.56,2025-05-01,2026-03-27,National Payments Corporation of India (NPCI),https://www.npci.org.in/product/cts/product-statistics
2025-26,2025,April,4,29,2025-04-29,2.14,27902.56,2025-05-01,2026-03-27,National Payments Corporation of India (NPCI),https://www.npci.org.in/product/cts/product-statistics
2025-26,2025,April,4,30,2025-04-30,1.86,24329.05,2025-05-01,2026-03-27,National Payments Corporation of India (NPCI),https://www.npci.org.in/product/cts/product-statistics
2025-26,2025,May,5,1,2025-05-01,0.70,10847.64,2025-06-01,2026-03-27,National Payments Corporation of India (NPCI),https://www.npci.org.in/product/cts/product-statistics
2025-26,2025,May,5,2,2025-05-02,2.19,28979.32,2025-06-01,2026-03-27,National Payments Corporation of India (NPCI),https://www.npci.org.in/product/cts/product-statistics
2025-26,2025,May,5,3,2025-05-03,1.92,24652.80,2025-06-01,2026-03-27,National Payments Corporation of India (NPCI),https://www.npci.org.in/product/cts/product-statistics
2025-26,2025,May,5,4,2025-05-04,,,2025-06-01,2026-03-27,National Payments Corporation of India (NPCI),https://www.npci.org.in/product/cts/product-statistics
2025-26,2025,May,5,5,2025-05-05,2.25,25726.91,2025-06-01,2026-03-27,National Payments Corporation of India (NPCI),https://www.npci.org.in/product/cts/product-statistics
2025-26,2025,May,5,6,2025-05-06,2.04,25140.47,2025-06-01,2026-03-27,National Payments Corporation of India (NPCI),https://www.npci.org.in/product/cts/product-statistics
2025-26,2025,May,5,7,2025-05-07,1.89,24081.00,2025-06-01,2026-03-27,National Payments Corporation of India (NPCI),https://www.npci.org.in/product/cts/product-statistics
2025-26,2025,May,5,8,2025-05-08,1.82,25168.55,2025-06-01,2026-03-27,National Payments Corporation of India (NPCI),https://www.npci.org.in/product/cts/product-statistics
2025-26,2025,May,5,9,2025-05-09,1.76,23128.41,2025-06-01,2026-03-27,National Payments Corporation of India (NPCI),https://www.npci.org.in/product/cts/product-statistics
2025-26,2025,May,5,10,2025-05-10,,,2025-06-01,2026-03-27,National Payments Corporation of India (NPCI),https://www.npci.org.in/product/cts/product-statistics
2025-26,2025,May,5,11,2025-05-11,,,2025-06-01,2026-03-27,National Payments Corporation of India (NPCI),https://www.npci.org.in/product/cts/product-statistics
2025-26,2025,May,5,12,2025-05-12,1.59,17113.51,2025-06-01,2026-03-27,National Payments Corporation of India (NPCI),https://www.npci.org.in/product/cts/product-statistics
2025-26,2025,May,5,13,2025-05-13,3.11,32445.08,2025-06-01,2026-03-27,National Payments Corporation of India (NPCI),https://www.npci.org.in/product/cts/product-statistics
2025-26,2025,May,5,14,2025-05-14,2.28,26420.00,2025-06-01,2026-03-27,National Payments Corporation of India (NPCI),https://www.npci.org.in/product/cts/product-statistics
2025-26,2025,May,5,15,2025-05-15,2.12,25866.62,2025-06-01,2026-03-27,National Payments Corporation of India (NPCI),https://www.npci.org.in/product/cts/product-statistics
2025-26,2025,May,5,16,2025-05-16,1.90,23996.84,2025-06-01,2026-03-27,National Payments Corporation of India (NPCI),https://www.npci.org.in/product/cts/product-statistics
2025-26,2025,May,5,17,2025-05-17,1.71,21620.54,2025-06-01,2026-03-27,National Payments Corporation of India (NPCI),https://www.npci.org.in/product/cts/product-statistics
2025-26,2025,May,5,18,2025-05-18,,,2025-06-01,2026-03-27,National Payments Corporation of India (NPCI),https://www.npci.org.in/product/cts/product-statistics
2025-26,2025,May,5,19,2025-05-19,1.99,22196.00,2025-06-01,2026-03-27,National Payments Corporation of India (NPCI),https://www.npci.org.in/product/cts/product-statistics
2025-26,2025,May,5,20,2025-05-20,2.07,25920.54,2025-06-01,2026-03-27,National Payments Corporation of India (NPCI),https://www.npci.org.in/product/cts/product-statistics
2025-26,2025,May,5,21,2025-05-21,1.81,23436.44,2025-06-01,2026-03-27,National Payments Corporation of India (NPCI),https://www.npci.org.in/product/cts/product-statistics
2025-26,2025,May,5,22,2025-05-22,1.74,22220.22,2025-06-01,2026-03-27,National Payments Corporation of India (NPCI),https://www.npci.org.in/product/cts/product-statistics
2025-26,2025,May,5,23,2025-05-23,1.75,22481.75,2025-06-01,2026-03-27,National Payments Corporation of India (NPCI),https://www.npci.org.in/product/cts/product-statistics
2025-26,2025,May,5,24,2025-05-24,,,2025-06-01,2026-03-27,National Payments Corporation of India (NPCI),https://www.npci.org.in/product/cts/product-statistics
2025-26,2025,May,5,25,2025-05-25,,,2025-06-01,2026-03-27,National Payments Corporation of India (NPCI),https://www.npci.org.in/product/cts/product-statistics
2025-26,2025,May,5,26,2025-05-26,2.83,31424.41,2025-06-01,2026-03-27,National Payments Corporation of India (NPCI),https://www.npci.org.in/product/cts/product-statistics
2025-26,2025,May,5,27,2025-05-27,2.07,25076.17,2025-06-01,2026-03-27,National Payments Corporation of India (NPCI),https://www.npci.org.in/product/cts/product-statistics
2025-26,2025,May,5,28,2025-05-28,1.83,24026.76,2025-06-01,2026-03-27,National Payments Corporation of India (NPCI),https://www.npci.org.in/product/cts/product-statistics
2025-26,2025,May,5,29,2025-05-29,1.66,21896.18,2025-06-01,2026-03-27,National Payments Corporation of India (NPCI),https://www.npci.org.in/product/cts/product-statistics
2025-26,2025,May,5,30,2025-05-30,1.70,22397.63,2025-06-01,2026-03-27,National Payments Corporation of India (NPCI),https://www.npci.org.in/product/cts/product-statistics
2025-26,2025,May,5,31,2025-05-31,1.47,19975.00,2025-06-01,2026-03-27,National Payments Corporation of India (NPCI),https://www.npci.org.in/product/cts/product-statistics
2025-26,2025,June,6,1,2025-06-01,,,2025-07-01,2026-03-27,National Payments Corporation of India (NPCI),https://www.npci.org.in/product/cts/product-statistics
2025-26,2025,June,6,2,2025-06-02,1.94,23885.47,2025-07-01,2026-03-27,National Payments Corporation of India (NPCI),https://www.npci.org.in/product/cts/product-statistics
2025-26,2025,June,6,3,2025-06-03,1.88,25379.80,2025-07-01,2026-03-27,National Payments Corporation of India (NPCI),https://www.npci.org.in/product/cts/product-statistics
2025-26,2025,June,6,4,2025-06-04,1.81,24074.01,2025-07-01,2026-03-27,National Payments Corporation of India (NPCI),https://www.npci.org.in/product/cts/product-statistics
2025-26,2025,June,6,5,2025-06-05,1.89,23430.30,2025-07-01,2026-03-27,National Payments Corporation of India (NPCI),https://www.npci.org.in/product/cts/product-statistics
2025-26,2025,June,6,6,2025-06-06,1.78,22914.43,2025-07-01,2026-03-27,National Payments Corporation of India (NPCI),https://www.npci.org.in/product/cts/product-statistics
2025-26,2025,June,6,7,2025-06-07,0.18,2476.27,2025-07-01,2026-03-27,National Payments Corporation of India (NPCI),https://www.npci.org.in/product/cts/product-statistics
2025-26,2025,June,6,8,2025-06-08,,,2025-07-01,2026-03-27,National Payments Corporation of India (NPCI),https://www.npci.org.in/product/cts/product-statistics
2025-26,2025,June,6,9,2025-06-09,2.80,29893.35,2025-07-01,2026-03-27,National Payments Corporation of India (NPCI),https://www.npci.org.in/product/cts/product-statistics
2025-26,2025,June,6,10,2025-06-10,2.34,26394.29,2025-07-01,2026-03-27,National Payments Corporation of India (NPCI),https://www.npci.org.in/product/cts/product-statistics
2025-26,2025,June,6,11,2025-06-11,1.95,28413.08,2025-07-01,2026-03-27,National Payments Corporation of India (NPCI),https://www.npci.org.in/product/cts/product-statistics
2025-26,2025,June,6,12,2025-06-12,1.90,22841.99,2025-07-01,2026-03-27,National Payments Corporation of India (NPCI),https://www.npci.org.in/product/cts/product-statistics
2025-26,2025,June,6,13,2025-06-13,1.85,23015.22,2025-07-01,2026-03-27,National Payments Corporation of India (NPCI),https://www.npci.org.in/product/cts/product-statistics
2025-26,2025,June,6,14,2025-06-14,,,2025-07-01,2026-03-27,National Payments Corporation of India (NPCI),https://www.npci.org.in/product/cts/product-statistics
2025-26,2025,June,6,15,2025-06-15,,,2025-07-01,2026-03-27,National Payments Corporation of India (NPCI),https://www.npci.org.in/product/cts/product-statistics
2025-26,2025,June,6,16,2025-06-16,3.06,32575.95,2025-07-01,2026-03-27,National Payments Corporation of India (NPCI),https://www.npci.org.in/product/cts/product-statistics
2025-26,2025,June,6,17,2025-06-17,2.18,26268.83,2025-07-01,2026-03-27,National Payments Corporation of India (NPCI),https://www.npci.org.in/product/cts/product-statistics
2025-26,2025,June,6,18,2025-06-18,1.90,23164.70,2025-07-01,2026-03-27,National Payments Corporation of India (NPCI),https://www.npci.org.in/product/cts/product-statistics
2025-26,2025,June,6,19,2025-06-19,1.72,21890.37,2025-07-01,2026-03-27,National Payments Corporation of India (NPCI),https://www.npci.org.in/product/cts/product-statistics
2025-26,2025,June,6,20,2025-06-20,1.87,23087.60,2025-07-01,2026-03-27,National Payments Corporation of India (NPCI),https://www.npci.org.in/product/cts/product-statistics
2025-26,2025,June,6,21,2025-06-21,1.60,19984.93,2025-07-01,2026-03-27,National Payments Corporation of India (NPCI),https://www.npci.org.in/product/cts/product-statistics
2025-26,2025,June,6,22,2025-06-22,,,2025-07-01,2026-03-27,National Payments Corporation of India (NPCI),https://www.npci.org.in/product/cts/product-statistics
2025-26,2025,June,6,23,2025-06-23,1.94,22514.14,2025-07-01,2026-03-27,National Payments Corporation of India (NPCI),https://www.npci.org.in/product/cts/product-statistics
2025-26,2025,June,6,24,2025-06-24,1.86,22843.14,2025-07-01,2026-03-27,National Payments Corporation of India (NPCI),https://www.npci.org.in/product/cts/product-statistics
2025-26,2025,June,6,25,2025-06-25,1.85,23390.64,2025-07-01,2026-03-27,National Payments Corporation of India (NPCI),https://www.npci.org.in/product/cts/product-statistics
2025-26,2025,June,6,26,2025-06-26,1.74,23244.42,2025-07-01,2026-03-27,National Payments Corporation of India (NPCI),https://www.npci.org.in/product/cts/product-statistics
2025-26,2025,June,6,27,2025-06-27,1.73,24736.61,2025-07-01,2026-03-27,National Payments Corporation of India (NPCI),https://www.npci.org.in/product/cts/product-statistics
2025-26,2025,June,6,28,2025-06-28,,,2025-07-01,2026-03-27,National Payments Corporation of India (NPCI),https://www.npci.org.in/product/cts/product-statistics
2025-26,2025,June,6,29,2025-06-29,,,2025-07-01,2026-03-27,National Payments Corporation of India (NPCI),https://www.npci.org.in/product/cts/product-statistics
2025-26,2025,June,6,30,2025-06-30,2.96,33756.50,2025-07-01,2026-03-27,National Payments Corporation of India (NPCI),https://www.npci.org.in/product/cts/product-statistics
2025-26,2025,July,7,1,2025-07-01,2.10,28444.64,2025-08-01,2026-03-27,National Payments Corporation of India (NPCI),https://www.npci.org.in/product/cts/product-statistics
2025-26,2025,July,7,2,2025-07-02,1.93,25665.76,2025-08-01,2026-03-27,National Payments Corporation of India (NPCI),https://www.npci.org.in/product/cts/product-statistics
2025-26,2025,July,7,3,2025-07-03,1.80,24543.56,2025-08-01,2026-03-27,National Payments Corporation of India (NPCI),https://www.npci.org.in/product/cts/product-statistics
2025-26,2025,July,7,4,2025-07-04,1.78,25323.93,2025-08-01,2026-03-27,National Payments Corporation of India (NPCI),https://www.npci.org.in/product/cts/product-statistics
2025-26,2025,July,7,5,2025-07-05,1.77,21579.22,2025-08-01,2026-03-27,National Payments Corporation of India (NPCI),https://www.npci.org.in/product/cts/product-statistics
2025-26,2025,July,7,6,2025-07-06,,,2025-08-01,2026-03-27,National Payments Corporation of India (NPCI),https://www.npci.org.in/product/cts/product-statistics
2025-26,2025,July,7,7,2025-07-07,2.08,22949.13,2025-08-01,2026-03-27,National Payments Corporation of India (NPCI),https://www.npci.org.in/product/cts/product-statistics
2025-26,2025,July,7,8,2025-07-08,2.01,24597.15,2025-08-01,2026-03-27,National Payments Corporation of India (NPCI),https://www.npci.org.in/product/cts/product-statistics
2025-26,2025,July,7,9,2025-07-09,1.48,20259.16,2025-08-01,2026-03-27,National Payments Corporation of India (NPCI),https://www.npci.org.in/product/cts/product-statistics
2025-26,2025,July,7,10,2025-07-10,2.21,25752.09,2025-08-01,2026-03-27,National Payments Corporation of India (NPCI),https://www.npci.org.in/product/cts/product-statistics
2025-26,2025,July,7,11,2025-07-11,2.01,24842.36,2025-08-01,2026-03-27,National Payments Corporation of India (NPCI),https://www.npci.org.in/product/cts/product-statistics
2025-26,2025,July,7,12,2025-07-12,,,2025-08-01,2026-03-27,National Payments Corporation of India (NPCI),https://www.npci.org.in/product/cts/product-statistics
2025-26,2025,July,7,13,2025-07-13,,,2025-08-01,2026-03-27,National Payments Corporation of India (NPCI),https://www.npci.org.in/product/cts/product-statistics
2025-26,2025,July,7,14,2025-07-14,3.05,31354.27,2025-08-01,2026-03-27,National Payments Corporation of India (NPCI),https://www.npci.org.in/product/cts/product-statistics
2025-26,2025,July,7,15,2025-07-15,2.34,26694.67,2025-08-01,2026-03-27,National Payments Corporation of India (NPCI),https://www.npci.org.in/product/cts/product-statistics
2025-26,2025,July,7,16,2025-07-16,2.05,24589.72,2025-08-01,2026-03-27,National Payments Corporation of India (NPCI),https://www.npci.org.in/product/cts/product-statistics
2025-26,2025,July,7,17,2025-07-17,1.88,22946.93,2025-08-01,2026-03-27,National Payments Corporation of India (NPCI),https://www.npci.org.in/product/cts/product-statistics
2025-26,2025,July,7,18,2025-07-18,1.81,22588.60,2025-08-01,2026-03-27,National Payments Corporation of India (NPCI),https://www.npci.org.in/product/cts/product-statistics
2025-26,2025,July,7,19,2025-07-19,1.60,18632.88,2025-08-01,2026-03-27,National Payments Corporation of India (NPCI),https://www.npci.org.in/product/cts/product-statistics
2025-26,2025,July,7,20,2025-07-20,,,2025-08-01,2026-03-27,National Payments Corporation of India (NPCI),https://www.npci.org.in/product/cts/product-statistics
2025-26,2025,July,7,21,2025-07-21,2.08,23179.85,2025-08-01,2026-03-27,National Payments Corporation of India (NPCI),https://www.npci.org.in/product/cts/product-statistics
2025-26,2025,July,7,22,2025-07-22,1.83,22510.84,2025-08-01,2026-03-27,National Payments Corporation of India (NPCI),https://www.npci.org.in/product/cts/product-statistics
2025-26,2025,July,7,23,2025-07-23,1.77,21766.83,2025-08-01,2026-03-27,National Payments Corporation of India (NPCI),https://www.npci.org.in/product/cts/product-statistics
2025-26,2025,July,7,24,2025-07-24,1.68,20938.68,2025-08-01,2026-03-27,National Payments Corporation of India (NPCI),https://www.npci.org.in/product/cts/product-statistics
2025-26,2025,July,7,25,2025-07-25,1.85,23416.00,2025-08-01,2026-03-27,National Payments Corporation of India (NPCI),https://www.npci.org.in/product/cts/product-statistics
2025-26,2025,July,7,26,2025-07-26,0.00,0.00,2025-08-01,2026-03-27,National Payments Corporation of India (NPCI),https://www.npci.org.in/product/cts/product-statistics
2025-26,2025,July,7,27,2025-07-27,0.00,0.00,2025-08-01,2026-03-27,National Payments Corporation of India (NPCI),https://www.npci.org.in/product/cts/product-statistics
2025-26,2025,July,7,28,2025-07-28,2.87,31932.05,2025-08-01,2026-03-27,National Payments Corporation of India (NPCI),https://www.npci.org.in/product/cts/product-statistics
2025-26,2025,July,7,29,2025-07-29,2.02,25854.05,2025-08-01,2026-03-27,National Payments Corporation of India (NPCI),https://www.npci.org.in/product/cts/product-statistics
2025-26,2025,July,7,30,2025-07-30,1.85,24781.18,2025-08-01,2026-03-27,National Payments Corporation of India (NPCI),https://www.npci.org.in/product/cts/product-statistics
2025-26,2025,July,7,31,2025-07-31,1.62,22360.17,2025-08-01,2026-03-27,National Payments Corporation of India (NPCI),https://www.npci.org.in/product/cts/product-statistics
2025-26,2025,August,8,1,2025-08-01,1.63,23086.94,2025-09-01,2026-03-27,National Payments Corporation of India (NPCI),https://www.npci.org.in/product/cts/product-statistics
2025-26,2025,August,8,2,2025-08-02,1.61,21024.70,2025-09-01,2026-03-27,National Payments Corporation of India (NPCI),https://www.npci.org.in/product/cts/product-statistics
2025-26,2025,August,8,3,2025-08-03,0.00,0.00,2025-09-01,2026-03-27,National Payments Corporation of India (NPCI),https://www.npci.org.in/product/cts/product-statistics
2025-26,2025,August,8,4,2025-08-04,2.03,22518.33,2025-09-01,2026-03-27,National Payments Corporation of India (NPCI),https://www.npci.org.in/product/cts/product-statistics
2025-26,2025,August,8,5,2025-08-05,2.06,25110.93,2025-09-01,2026-03-27,National Payments Corporation of India (NPCI),https://www.npci.org.in/product/cts/product-statistics
2025-26,2025,August,8,6,2025-08-06,1.90,23421.98,2025-09-01,2026-03-27,National Payments Corporation of India (NPCI),https://www.npci.org.in/product/cts/product-statistics
2025-26,2025,August,8,7,2025-08-07,1.85,23383.33,2025-09-01,2026-03-27,National Payments Corporation of India (NPCI),https://www.npci.org.in/product/cts/product-statistics
2025-26,2025,August,8,8,2025-08-08,1.96,23253.39,2025-09-01,2026-03-27,National Payments Corporation of India (NPCI),https://www.npci.org.in/product/cts/product-statistics
2025-26,2025,August,8,9,2025-08-09,0.00,0.00,2025-09-01,2026-03-27,National Payments Corporation of India (NPCI),https://www.npci.org.in/product/cts/product-statistics
2025-26,2025,August,8,10,2025-08-10,0.00,0.00,2025-09-01,2026-03-27,National Payments Corporation of India (NPCI),https://www.npci.org.in/product/cts/product-statistics
2025-26,2025,August,8,11,2025-08-11,2.80,29199.30,2025-09-01,2026-03-27,National Payments Corporation of India (NPCI),https://www.npci.org.in/product/cts/product-statistics
2025-26,2025,August,8,12,2025-08-12,2.21,25759.35,2025-09-01,2026-03-27,National Payments Corporation of India (NPCI),https://www.npci.org.in/product/cts/product-statistics
2025-26,2025,August,8,13,2025-08-13,1.96,23803.89,2025-09-01,2026-03-27,National Payments Corporation of India (NPCI),https://www.npci.org.in/product/cts/product-statistics
2025-26,2025,August,8,14,2025-08-14,1.89,23632.90,2025-09-01,2026-03-27,National Payments Corporation of India (NPCI),https://www.npci.org.in/product/cts/product-statistics
2025-26,2025,August,8,15,2025-08-15,0.00,0.00,2025-09-01,2026-03-27,National Payments Corporation of India (NPCI),https://www.npci.org.in/product/cts/product-statistics
2025-26,2025,August,8,16,2025-08-16,0.95,9552.32,2025-09-01,2026-03-27,National Payments Corporation of India (NPCI),https://www.npci.org.in/product/cts/product-statistics
2025-26,2025,August,8,17,2025-08-17,0.00,0.00,2025-09-01,2026-03-27,National Payments Corporation of India (NPCI),https://www.npci.org.in/product/cts/product-statistics
2025-26,2025,August,8,18,2025-08-18,2.69,29166.18,2025-09-01,2026-03-27,National Payments Corporation of India (NPCI),https://www.npci.org.in/product/cts/product-statistics
2025-26,2025,August,8,19,2025-08-19,2.01,24492.57,2025-09-01,2026-03-27,National Payments Corporation of India (NPCI),https://www.npci.org.in/product/cts/product-statistics
2025-26,2025,August,8,20,2025-08-20,1.98,24176.76,2025-09-01,2026-03-27,National Payments Corporation of India (NPCI),https://www.npci.org.in/product/cts/product-statistics
2025-26,2025,August,8,21,2025-08-21,1.87,24778.26,2025-09-01,2026-03-27,National Payments Corporation of India (NPCI),https://www.npci.org.in/product/cts/product-statistics
2025-26,2025,August,8,22,2025-08-22,1.91,24591.76,2025-09-01,2026-03-27,National Payments Corporation of India (NPCI),https://www.npci.org.in/product/cts/product-statistics
2025-26,2025,August,8,23,2025-08-23,0.00,0.00,2025-09-01,2026-03-27,National Payments Corporation of India (NPCI),https://www.npci.org.in/product/cts/product-statistics
2025-26,2025,August,8,24,2025-08-24,0.00,0.00,2025-09-01,2026-03-27,National Payments Corporation of India (NPCI),https://www.npci.org.in/product/cts/product-statistics
2025-26,2025,August,8,25,2025-08-25,2.94,31982.38,2025-09-01,2026-03-27,National Payments Corporation of India (NPCI),https://www.npci.org.in/product/cts/product-statistics
2025-26,2025,August,8,26,2025-08-26,2.16,26411.83,2025-09-01,2026-03-27,National Payments Corporation of India (NPCI),https://www.npci.org.in/product/cts/product-statistics
2025-26,2025,August,8,27,2025-08-27,0.76,9538.57,2025-09-01,2026-03-27,National Payments Corporation of India (NPCI),https://www.npci.org.in/product/cts/product-statistics
2025-26,2025,August,8,28,2025-08-28,2.06,26100.18,2025-09-01,2026-03-27,National Payments Corporation of India (NPCI),https://www.npci.org.in/product/cts/product-statistics
2025-26,2025,August,8,29,2025-08-29,1.74,23801.48,2025-09-01,2026-03-27,National Payments Corporation of India (NPCI),https://www.npci.org.in/product/cts/product-statistics
2025-26,2025,August,8,30,2025-08-30,1.64,21237.25,2025-09-01,2026-03-27,National Payments Corporation of India (NPCI),https://www.npci.org.in/product/cts/product-statistics
2025-26,2025,August,8,31,2025-08-31,0.00,0.00,2025-09-01,2026-03-27,National Payments Corporation of India (NPCI),https://www.npci.org.in/product/cts/product-statistics
2025-26,2025,September,9,1,2025-09-01,1.90,24074.45,2025-10-01,2026-03-27,National Payments Corporation of India (NPCI),https://www.npci.org.in/product/cts/product-statistics
2025-26,2025,September,9,2,2025-09-02,1.83,24401.39,2025-10-01,2026-03-27,National Payments Corporation of India (NPCI),https://www.npci.org.in/product/cts/product-statistics
2025-26,2025,September,9,3,2025-09-03,1.74,23640.94,2025-10-01,2026-03-27,National Payments Corporation of India (NPCI),https://www.npci.org.in/product/cts/product-statistics
2025-26,2025,September,9,4,2025-09-04,1.71,23873.66,2025-10-01,2026-03-27,National Payments Corporation of India (NPCI),https://www.npci.org.in/product/cts/product-statistics
2025-26,2025,September,9,5,2025-09-05,0.53,6370.80,2025-10-01,2026-03-27,National Payments Corporation of India (NPCI),https://www.npci.org.in/product/cts/product-statistics
2025-26,2025,September,9,6,2025-09-06,2.03,24586.58,2025-10-01,2026-03-27,National Payments Corporation of India (NPCI),https://www.npci.org.in/product/cts/product-statistics
2025-26,2025,September,9,7,2025-09-07,,,2025-10-01,2026-03-27,National Payments Corporation of India (NPCI),https://www.npci.org.in/product/cts/product-statistics
2025-26,2025,September,9,8,2025-09-08,2.06,24084.97,2025-10-01,2026-03-27,National Payments Corporation of India (NPCI),https://www.npci.org.in/product/cts/product-statistics
2025-26,2025,September,9,9,2025-09-09,2.20,25540.22,2025-10-01,2026-03-27,National Payments Corporation of India (NPCI),https://www.npci.org.in/product/cts/product-statistics
2025-26,2025,September,9,10,2025-09-10,2.21,25380.95,2025-10-01,2026-03-27,National Payments Corporation of India (NPCI),https://www.npci.org.in/product/cts/product-statistics
2025-26,2025,September,9,11,2025-09-11,1.94,23224.69,2025-10-01,2026-03-27,National Payments Corporation of India (NPCI),https://www.npci.org.in/product/cts/product-statistics
2025-26,2025,September,9,12,2025-09-12,1.95,23306.77,2025-10-01,2026-03-27,National Payments Corporation of India (NPCI),https://www.npci.org.in/product/cts/product-statistics
2025-26,2025,September,9,13,2025-09-13,,,2025-10-01,2026-03-27,National Payments Corporation of India (NPCI),https://www.npci.org.in/product/cts/product-statistics
2025-26,2025,September,9,14,2025-09-14,,,2025-10-01,2026-03-27,National Payments Corporation of India (NPCI),https://www.npci.org.in/product/cts/product-statistics
2025-26,2025,September,9,15,2025-09-15,3.04,30966.63,2025-10-01,2026-03-27,National Payments Corporation of India (NPCI),https://www.npci.org.in/product/cts/product-statistics
2025-26,2025,September,9,16,2025-09-16,2.23,25158.21,2025-10-01,2026-03-27,National Payments Corporation of India (NPCI),https://www.npci.org.in/product/cts/product-statistics
2025-26,2025,September,9,17,2025-09-17,1.89,22088.96,2025-10-01,2026-03-27,National Payments Corporation of India (NPCI),https://www.npci.org.in/product/cts/product-statistics
2025-26,2025,September,9,18,2025-09-18,1.78,21875.39,2025-10-01,2026-03-27,National Payments Corporation of India (NPCI),https://www.npci.org.in/product/cts/product-statistics
2025-26,2025,September,9,19,2025-09-19,1.68,20253.48,2025-10-01,2026-03-27,National Payments Corporation of India (NPCI),https://www.npci.org.in/product/cts/product-statistics
2025-26,2025,September,9,20,2025-09-20,1.75,19892.93,2025-10-01,2026-03-27,National Payments Corporation of India (NPCI),https://www.npci.org.in/product/cts/product-statistics
2025-26,2025,September,9,21,2025-09-21,,,2025-10-01,2026-03-27,National Payments Corporation of India (NPCI),https://www.npci.org.in/product/cts/product-statistics
2025-26,2025,September,9,22,2025-09-22,1.86,20579.05,2025-10-01,2026-03-27,National Payments Corporation of India (NPCI),https://www.npci.org.in/product/cts/product-statistics
2025-26,2025,September,9,23,2025-09-23,1.90,23495.97,2025-10-01,2026-03-27,National Payments Corporation of India (NPCI),https://www.npci.org.in/product/cts/product-statistics
2025-26,2025,September,9,24,2025-09-24,1.83,23896.87,2025-10-01,2026-03-27,National Payments Corporation of India (NPCI),https://www.npci.org.in/product/cts/product-statistics
2025-26,2025,September,9,25,2025-09-25,1.96,26957.84,2025-10-01,2026-03-27,National Payments Corporation of India (NPCI),https://www.npci.org.in/product/cts/product-statistics
2025-26,2025,September,9,26,2025-09-26,1.91,26380.21,2025-10-01,2026-03-27,National Payments Corporation of India (NPCI),https://www.npci.org.in/product/cts/product-statistics
2025-26,2025,September,9,27,2025-09-27,,,2025-10-01,2026-03-27,National Payments Corporation of India (NPCI),https://www.npci.org.in/product/cts/product-statistics
2025-26,2025,September,9,28,2025-09-28,,,2025-10-01,2026-03-27,National Payments Corporation of India (NPCI),https://www.npci.org.in/product/cts/product-statistics
2025-26,2025,September,9,29,2025-09-29,2.76,36271.67,2025-10-01,2026-03-27,National Payments Corporation of India (NPCI),https://www.npci.org.in/product/cts/product-statistics
2025-26,2025,September,9,30,2025-09-30,1.82,24163.91,2025-10-01,2026-03-27,National Payments Corporation of India (NPCI),https://www.npci.org.in/product/cts/product-statistics
2025-26,2025,October,10,1,2025-10-01,1.28,19472.70,2025-11-01,2026-03-27,National Payments Corporation of India (NPCI),https://www.npci.org.in/product/cts/product-statistics
2025-26,2025,October,10,2,2025-10-02,0.00,0.00,2025-11-01,2026-03-27,National Payments Corporation of India (NPCI),https://www.npci.org.in/product/cts/product-statistics
2025-26,2025,October,10,3,2025-10-03,1.14,13511.07,2025-11-01,2026-03-27,National Payments Corporation of India (NPCI),https://www.npci.org.in/product/cts/product-statistics
2025-26,2025,October,10,4,2025-10-04,2.31,30378.51,2025-11-01,2026-03-27,National Payments Corporation of India (NPCI),https://www.npci.org.in/product/cts/product-statistics
2025-26,2025,October,10,5,2025-10-05,0.00,0.00,2025-11-01,2026-03-27,National Payments Corporation of India (NPCI),https://www.npci.org.in/product/cts/product-statistics
2025-26,2025,October,10,6,2025-10-06,2.03,27153.09,2025-11-01,2026-03-27,National Payments Corporation of India (NPCI),https://www.npci.org.in/product/cts/product-statistics
2025-26,2025,October,10,7,2025-10-07,1.05,12899.16,2025-11-01,2026-03-27,National Payments Corporation of India (NPCI),https://www.npci.org.in/product/cts/product-statistics
2025-26,2025,October,10,8,2025-10-08,2.73,35244.23,2025-11-01,2026-03-27,National Payments Corporation of India (NPCI),https://www.npci.org.in/product/cts/product-statistics
2025-26,2025,October,10,9,2025-10-09,0.92,10931.37,2025-11-01,2026-03-27,National Payments Corporation of India (NPCI),https://www.npci.org.in/product/cts/product-statistics
2025-26,2025,October,10,10,2025-10-10,3.60,48742.38,2025-11-01,2026-03-27,National Payments Corporation of India (NPCI),https://www.npci.org.in/product/cts/product-statistics
2025-26,2025,October,10,11,2025-10-11,0.00,0.00,2025-11-01,2026-03-27,National Payments Corporation of India (NPCI),https://www.npci.org.in/product/cts/product-statistics
2025-26,2025,October,10,12,2025-10-12,0.00,0.00,2025-11-01,2026-03-27,National Payments Corporation of India (NPCI),https://www.npci.org.in/product/cts/product-statistics
2025-26,2025,October,10,13,2025-10-13,2.23,26632.53,2025-11-01,2026-03-27,National Payments Corporation of India (NPCI),https://www.npci.org.in/product/cts/product-statistics
2025-26,2025,October,10,14,2025-10-14,2.71,30920.63,2025-11-01,2026-03-27,National Payments Corporation of India (NPCI),https://www.npci.org.in/product/cts/product-statistics
2025-26,2025,October,10,15,2025-10-15,2.51,29459.74,2025-11-01,2026-03-27,National Payments Corporation of India (NPCI),https://www.npci.org.in/product/cts/product-statistics
2025-26,2025,October,10,16,2025-10-16,2.73,33538.96,2025-11-01,2026-03-27,National Payments Corporation of India (NPCI),https://www.npci.org.in/product/cts/product-statistics
2025-26,2025,October,10,17,2025-10-17,2.09,29324.11,2025-11-01,2026-03-27,National Payments Corporation of India (NPCI),https://www.npci.org.in/product/cts/product-statistics
2025-26,2025,October,10,18,2025-10-18,2.56,33737.70,2025-11-01,2026-03-27,National Payments Corporation of India (NPCI),https://www.npci.org.in/product/cts/product-statistics
2025-26,2025,October,10,19,2025-10-19,0.00,0.00,2025-11-01,2026-03-27,National Payments Corporation of India (NPCI),https://www.npci.org.in/product/cts/product-statistics
2025-26,2025,October,10,20,2025-10-20,0.56,5877.58,2025-11-01,2026-03-27,National Payments Corporation of India (NPCI),https://www.npci.org.in/product/cts/product-statistics
2025-26,2025,October,10,21,2025-10-21,1.08,15143.70,2025-11-01,2026-03-27,National Payments Corporation of India (NPCI),https://www.npci.org.in/product/cts/product-statistics
2025-26,2025,October,10,22,2025-10-22,0.83,12097.16,2025-11-01,2026-03-27,National Payments Corporation of India (NPCI),https://www.npci.org.in/product/cts/product-statistics
2025-26,2025,October,10,23,2025-10-23,1.24,14524.61,2025-11-01,2026-03-27,National Payments Corporation of India (NPCI),https://www.npci.org.in/product/cts/product-statistics
2025-26,2025,October,10,24,2025-10-24,1.34,18469.75,2025-11-01,2026-03-27,National Payments Corporation of India (NPCI),https://www.npci.org.in/product/cts/product-statistics
2025-26,2025,October,10,25,2025-10-25,0.00,0.00,2025-11-01,2026-03-27,National Payments Corporation of India (NPCI),https://www.npci.org.in/product/cts/product-statistics
2025-26,2025,October,10,26,2025-10-26,0.00,0.00,2025-11-01,2026-03-27,National Payments Corporation of India (NPCI),https://www.npci.org.in/product/cts/product-statistics
2025-26,2025,October,10,27,2025-10-27,2.21,25368.95,2025-11-01,2026-03-27,National Payments Corporation of India (NPCI),https://www.npci.org.in/product/cts/product-statistics
2025-26,2025,October,10,28,2025-10-28,2.44,29934.07,2025-11-01,2026-03-27,National Payments Corporation of India (NPCI),https://www.npci.org.in/product/cts/product-statistics
2025-26,2025,October,10,29,2025-10-29,2.11,25956.27,2025-11-01,2026-03-27,National Payments Corporation of India (NPCI),https://www.npci.org.in/product/cts/product-statistics
2025-26,2025,October,10,30,2025-10-30,1.92,23765.50,2025-11-01,2026-03-27,National Payments Corporation of India (NPCI),https://www.npci.org.in/product/cts/product-statistics
2025-26,2025,October,10,31,2025-10-31,1.59,21470.64,2025-11-01,2026-03-27,National Payments Corporation of India (NPCI),https://www.npci.org.in/product/cts/product-statistics
2025-26,2025,November,11,1,2025-11-01,1.56,21641.77,2025-12-01,2026-03-27,National Payments Corporation of India (NPCI),https://www.npci.org.in/product/cts/product-statistics
2025-26,2025,November,11,2,2025-11-02,0.00,0.00,2025-12-01,2026-03-27,National Payments Corporation of India (NPCI),https://www.npci.org.in/product/cts/product-statistics
2025-26,2025,November,11,3,2025-11-03,1.73,22625.72,2025-12-01,2026-03-27,National Payments Corporation of India (NPCI),https://www.npci.org.in/product/cts/product-statistics
2025-26,2025,November,11,4,2025-11-04,1.98,26021.23,2025-12-01,2026-03-27,National Payments Corporation of India (NPCI),https://www.npci.org.in/product/cts/product-statistics
2025-26,2025,November,11,5,2025-11-05,0.98,12939.76,2025-12-01,2026-03-27,National Payments Corporation of India (NPCI),https://www.npci.org.in/product/cts/product-statistics
2025-26,2025,November,11,6,2025-11-06,1.87,22468.47,2025-12-01,2026-03-27,National Payments Corporation of India (NPCI),https://www.npci.org.in/product/cts/product-statistics
2025-26,2025,November,11,7,2025-11-07,2.12,26593.66,2025-12-01,2026-03-27,National Payments Corporation of India (NPCI),https://www.npci.org.in/product/cts/product-statistics
2025-26,2025,November,11,8,2025-11-08,0.00,0.00,2025-12-01,2026-03-27,National Payments Corporation of India (NPCI),https://www.npci.org.in/product/cts/product-statistics
2025-26,2025,November,11,9,2025-11-09,0.00,0.00,2025-12-01,2026-03-27,National Payments Corporation of India (NPCI),https://www.npci.org.in/product/cts/product-statistics
2025-26,2025,November,11,10,2025-11-10,2.33,25774.02,2025-12-01,2026-03-27,National Payments Corporation of India (NPCI),https://www.npci.org.in/product/cts/product-statistics
2025-26,2025,November,11,11,2025-11-11,3.00,35680.71,2025-12-01,2026-03-27,National Payments Corporation of India (NPCI),https://www.npci.org.in/product/cts/product-statistics
2025-26,2025,November,11,12,2025-11-12,2.35,28579.90,2025-12-01,2026-03-27,National Payments Corporation of India (NPCI),https://www.npci.org.in/product/cts/product-statistics
2025-26,2025,November,11,13,2025-11-13,2.04,24840.69,2025-12-01,2026-03-27,National Payments Corporation of India (NPCI),https://www.npci.org.in/product/cts/product-statistics
2025-26,2025,November,11,14,2025-11-14,1.90,25314.88,2025-12-01,2026-03-27,National Payments Corporation of India (NPCI),https://www.npci.org.in/product/cts/product-statistics
2025-26,2025,November,11,15,2025-11-15,1.83,23227.19,2025-12-01,2026-03-27,National Payments Corporation of India (NPCI),https://www.npci.org.in/product/cts/product-statistics
2025-26,2025,November,11,16,2025-11-16,0.00,0.00,2025-12-01,2026-03-27,National Payments Corporation of India (NPCI),https://www.npci.org.in/product/cts/product-statistics
2025-26,2025,November,11,17,2025-11-17,1.88,24132.08,2025-12-01,2026-03-27,National Payments Corporation of India (NPCI),https://www.npci.org.in/product/cts/product-statistics
2025-26,2025,November,11,18,2025-11-18,2.09,27013.70,2025-12-01,2026-03-27,National Payments Corporation of India (NPCI),https://www.npci.org.in/product/cts/product-statistics
2025-26,2025,November,11,19,2025-11-19,1.89,24798.33,2025-12-01,2026-03-27,National Payments Corporation of India (NPCI),https://www.npci.org.in/product/cts/product-statistics
2025-26,2025,November,11,20,2025-11-20,1.87,23494.72,2025-12-01,2026-03-27,National Payments Corporation of India (NPCI),https://www.npci.org.in/product/cts/product-statistics
2025-26,2025,November,11,21,2025-11-21,1.83,23882.69,2025-12-01,2026-03-27,National Payments Corporation of India (NPCI),https://www.npci.org.in/product/cts/product-statistics
2025-26,2025,November,11,22,2025-11-22,0.00,0.00,2025-12-01,2026-03-27,National Payments Corporation of India (NPCI),https://www.npci.org.in/product/cts/product-statistics
2025-26,2025,November,11,23,2025-11-23,0.00,0.00,2025-12-01,2026-03-27,National Payments Corporation of India (NPCI),https://www.npci.org.in/product/cts/product-statistics
2025-26,2025,November,11,24,2025-11-24,2.19,27117.20,2025-12-01,2026-03-27,National Payments Corporation of India (NPCI),https://www.npci.org.in/product/cts/product-statistics
2025-26,2025,November,11,25,2025-11-25,2.42,29558.67,2025-12-01,2026-03-27,National Payments Corporation of India (NPCI),https://www.npci.org.in/product/cts/product-statistics
2025-26,2025,November,11,26,2025-11-26,1.96,24848.21,2025-12-01,2026-03-27,National Payments Corporation of India (NPCI),https://www.npci.org.in/product/cts/product-statistics
2025-26,2025,November,11,27,2025-11-27,1.77,23284.03,2025-12-01,2026-03-27,National Payments Corporation of India (NPCI),https://www.npci.org.in/product/cts/product-statistics
2025-26,2025,November,11,28,2025-11-28,1.69,24205.52,2025-12-01,2026-03-27,National Payments Corporation of India (NPCI),https://www.npci.org.in/product/cts/product-statistics
2025-26,2025,November,11,29,2025-11-29,1.59,22207.73,2025-12-01,2026-03-27,National Payments Corporation of India (NPCI),https://www.npci.org.in/product/cts/product-statistics
2025-26,2025,November,11,30,2025-11-30,0.00,0.00,2025-12-01,2026-03-27,National Payments Corporation of India (NPCI),https://www.npci.org.in/product/cts/product-statistics
2025-26,2025,December,12,1,2025-12-01,1.69,20954.31,2026-01-01,2026-03-27,National Payments Corporation of India (NPCI),https://www.npci.org.in/product/cts/product-statistics
2025-26,2025,December,12,2,2025-12-02,1.95,27703.24,2026-01-01,2026-03-27,National Payments Corporation of India (NPCI),https://www.npci.org.in/product/cts/product-statistics
2025-26,2025,December,12,3,2025-12-03,1.80,24574.27,2026-01-01,2026-03-27,National Payments Corporation of India (NPCI),https://www.npci.org.in/product/cts/product-statistics
2025-26,2025,December,12,4,2025-12-04,1.71,23679.84,2026-01-01,2026-03-27,National Payments Corporation of India (NPCI),https://www.npci.org.in/product/cts/product-statistics
2025-26,2025,December,12,5,2025-12-05,1.76,24223.23,2026-01-01,2026-03-27,National Payments Corporation of India (NPCI),https://www.npci.org.in/product/cts/product-statistics
2025-26,2025,December,12,6,2025-12-06,1.69,23130.40,2026-01-01,2026-03-27,National Payments Corporation of India (NPCI),https://www.npci.org.in/product/cts/product-statistics
2025-26,2025,December,12,7,2025-12-07,0.00,0.00,2026-01-01,2026-03-27,National Payments Corporation of India (NPCI),https://www.npci.org.in/product/cts/product-statistics
2025-26,2025,December,12,8,2025-12-08,1.78,21052.32,2026-01-01,2026-03-27,National Payments Corporation of India (NPCI),https://www.npci.org.in/product/cts/product-statistics
2025-26,2025,December,12,9,2025-12-09,1.95,24231.41,2026-01-01,2026-03-27,National Payments Corporation of India (NPCI),https://www.npci.org.in/product/cts/product-statistics
2025-26,2025,December,12,10,2025-12-10,1.99,25087.74,2026-01-01,2026-03-27,National Payments Corporation of India (NPCI),https://www.npci.org.in/product/cts/product-statistics
2025-26,2025,December,12,11,2025-12-11,1.95,24912.81,2026-01-01,2026-03-27,National Payments Corporation of India (NPCI),https://www.npci.org.in/product/cts/product-statistics
2025-26,2025,December,12,12,2025-12-12,1.82,24833.65,2026-01-01,2026-03-27,National Payments Corporation of India (NPCI),https://www.npci.org.in/product/cts/product-statistics
2025-26,2025,December,12,13,2025-12-13,0.00,0.00,2026-01-01,2026-03-27,National Payments Corporation of India (NPCI),https://www.npci.org.in/product/cts/product-statistics
2025-26,2025,December,12,14,2025-12-14,0.00,0.00,2026-01-01,2026-03-27,National Payments Corporation of India (NPCI),https://www.npci.org.in/product/cts/product-statistics
2025-26,2025,December,12,15,2025-12-15,2.31,27829.07,2026-01-01,2026-03-27,National Payments Corporation of India (NPCI),https://www.npci.org.in/product/cts/product-statistics
2025-26,2025,December,12,16,2025-12-16,2.70,33304.44,2026-01-01,2026-03-27,National Payments Corporation of India (NPCI),https://www.npci.org.in/product/cts/product-statistics
2025-26,2025,December,12,17,2025-12-17,2.09,26981.90,2026-01-01,2026-03-27,National Payments Corporation of India (NPCI),https://www.npci.org.in/product/cts/product-statistics
2025-26,2025,December,12,18,2025-12-18,1.88,24438.49,2026-01-01,2026-03-27,National Payments Corporation of India (NPCI),https://www.npci.org.in/product/cts/product-statistics
2025-26,2025,December,12,19,2025-12-19,1.76,24342.59,2026-01-01,2026-03-27,National Payments Corporation of India (NPCI),https://www.npci.org.in/product/cts/product-statistics
2025-26,2025,December,12,20,2025-12-20,1.67,22375.53,2026-01-01,2026-03-27,National Payments Corporation of India (NPCI),https://www.npci.org.in/product/cts/product-statistics
2025-26,2025,December,12,21,2025-12-21,0.00,0.00,2026-01-01,2026-03-27,National Payments Corporation of India (NPCI),https://www.npci.org.in/product/cts/product-statistics
2025-26,2025,December,12,22,2025-12-22,1.83,22237.80,2026-01-01,2026-03-27,National Payments Corporation of India (NPCI),https://www.npci.org.in/product/cts/product-statistics
2025-26,2025,December,12,23,2025-12-23,1.95,27401.32,2026-01-01,2026-03-27,National Payments Corporation of India (NPCI),https://www.npci.org.in/product/cts/product-statistics
2025-26,2025,December,12,24,2025-12-24,1.82,25868.17,2026-01-01,2026-03-27,National Payments Corporation of India (NPCI),https://www.npci.org.in/product/cts/product-statistics
2025-26,2025,December,12,25,2025-12-25,0.00,0.00,2026-01-01,2026-03-27,National Payments Corporation of India (NPCI),https://www.npci.org.in/product/cts/product-statistics
2025-26,2025,December,12,26,2025-12-26,2.16,27958.17,2026-01-01,2026-03-27,National Payments Corporation of India (NPCI),https://www.npci.org.in/product/cts/product-statistics
2025-26,2025,December,12,27,2025-12-27,0.00,0.00,2026-01-01,2026-03-27,National Payments Corporation of India (NPCI),https://www.npci.org.in/product/cts/product-statistics
2025-26,2025,December,12,28,2025-12-28,0.00,0.00,2026-01-01,2026-03-27,National Payments Corporation of India (NPCI),https://www.npci.org.in/product/cts/product-statistics
2025-26,2025,December,12,29,2025-12-29,2.66,31970.82,2026-01-01,2026-03-27,National Payments Corporation of India (NPCI),https://www.npci.org.in/product/cts/product-statistics
2025-26,2025,December,12,30,2025-12-30,2.68,33066.17,2026-01-01,2026-03-27,National Payments Corporation of India (NPCI),https://www.npci.org.in/product/cts/product-statistics
2025-26,2025,December,12,31,2025-12-31,2.02,28194.75,2026-01-01,2026-03-27,National Payments Corporation of India (NPCI),https://www.npci.org.in/product/cts/product-statistics
2025-26,2026,January,1,1,2026-01-01,1.35,20634.49,2026-02-01,2026-03-27,National Payments Corporation of India (NPCI),https://www.npci.org.in/product/cts/product-statistics
2025-26,2026,January,1,2,2026-01-02,1.42,21714.07,2026-02-01,2026-03-27,National Payments Corporation of India (NPCI),https://www.npci.org.in/product/cts/product-statistics
2025-26,2026,January,1,3,2026-01-03,1.54,22679.97,2026-02-01,2026-03-27,National Payments Corporation of India (NPCI),https://www.npci.org.in/product/cts/product-statistics
2025-26,2026,January,1,4,2026-01-04,0.00,0.00,2026-02-01,2026-03-27,National Payments Corporation of India (NPCI),https://www.npci.org.in/product/cts/product-statistics
2025-26,2026,January,1,5,2026-01-05,1.81,23176.63,2026-02-01,2026-03-27,National Payments Corporation of India (NPCI),https://www.npci.org.in/product/cts/product-statistics
2025-26,2026,January,1,6,2026-01-06,2.07,27331.39,2026-02-01,2026-03-27,National Payments Corporation of India (NPCI),https://www.npci.org.in/product/cts/product-statistics
2025-26,2026,January,1,7,2026-01-07,1.96,26044.05,2026-02-01,2026-03-27,National Payments Corporation of India (NPCI),https://www.npci.org.in/product/cts/product-statistics
2025-26,2026,January,1,8,2026-01-08,1.88,24923.53,2026-02-01,2026-03-27,National Payments Corporation of India (NPCI),https://www.npci.org.in/product/cts/product-statistics
2025-26,2026,January,1,9,2026-01-09,1.83,24118.44,2026-02-01,2026-03-27,National Payments Corporation of India (NPCI),https://www.npci.org.in/product/cts/product-statistics
2025-26,2026,January,1,10,2026-01-10,0.00,0.00,2026-02-01,2026-03-27,National Payments Corporation of India (NPCI),https://www.npci.org.in/product/cts/product-statistics
2025-26,2026,January,1,11,2026-01-11,0.00,0.00,2026-02-01,2026-03-27,National Payments Corporation of India (NPCI),https://www.npci.org.in/product/cts/product-statistics
2025-26,2026,January,1,12,2026-01-12,2.41,27942.45,2026-02-01,2026-03-27,National Payments Corporation of India (NPCI),https://www.npci.org.in/product/cts/product-statistics
2025-26,2026,January,1,13,2026-01-13,2.75,31683.06,2026-02-01,2026-03-27,National Payments Corporation of India (NPCI),https://www.npci.org.in/product/cts/product-statistics
2025-26,2026,January,1,14,2026-01-14,1.77,22912.36,2026-02-01,2026-03-27,National Payments Corporation of India (NPCI),https://www.npci.org.in/product/cts/product-statistics
2025-26,2026,January,1,15,2026-01-15,1.15,14503.11,2026-02-01,2026-03-27,National Payments Corporation of India (NPCI),https://www.npci.org.in/product/cts/product-statistics
2025-26,2026,January,1,16,2026-01-16,1.63,19411.19,2026-02-01,2026-03-27,National Payments Corporation of India (NPCI),https://www.npci.org.in/product/cts/product-statistics
2025-26,2026,January,1,17,2026-01-17,1.77,21995.74,2026-02-01,2026-03-27,National Payments Corporation of India (NPCI),https://www.npci.org.in/product/cts/product-statistics
2025-26,2026,January,1,18,2026-01-18,0.00,0.00,2026-02-01,2026-03-27,National Payments Corporation of India (NPCI),https://www.npci.org.in/product/cts/product-statistics
2025-26,2026,January,1,19,2026-01-19,1.88,22104.87,2026-02-01,2026-03-27,National Payments Corporation of India (NPCI),https://www.npci.org.in/product/cts/product-statistics
2025-26,2026,January,1,20,2026-01-20,2.13,27479.11,2026-02-01,2026-03-27,National Payments Corporation of India (NPCI),https://www.npci.org.in/product/cts/product-statistics
2025-26,2026,January,1,21,2026-01-21,1.96,26788.21,2026-02-01,2026-03-27,National Payments Corporation of India (NPCI),https://www.npci.org.in/product/cts/product-statistics
2025-26,2026,January,1,22,2026-01-22,1.85,25606.67,2026-02-01,2026-03-27,National Payments Corporation of India (NPCI),https://www.npci.org.in/product/cts/product-statistics
2025-26,2026,January,1,23,2026-01-23,1.69,24122.36,2026-02-01,2026-03-27,National Payments Corporation of India (NPCI),https://www.npci.org.in/product/cts/product-statistics
2025-26,2026,January,1,24,2026-01-24,0.00,0.00,2026-02-01,2026-03-27,National Payments Corporation of India (NPCI),https://www.npci.org.in/product/cts/product-statistics
2025-26,2026,January,1,25,2026-01-25,0.00,0.00,2026-02-01,2026-03-27,National Payments Corporation of India (NPCI),https://www.npci.org.in/product/cts/product-statistics
2025-26,2026,January,1,26,2026-01-26,0.00,0.00,2026-02-01,2026-03-27,National Payments Corporation of India (NPCI),https://www.npci.org.in/product/cts/product-statistics
2025-26,2026,January,1,27,2026-01-27,1.68,21372.01,2026-02-01,2026-03-27,National Payments Corporation of India (NPCI),https://www.npci.org.in/product/cts/product-statistics
2025-26,2026,January,1,28,2026-01-28,2.71,31749.87,2026-02-01,2026-03-27,National Payments Corporation of India (NPCI),https://www.npci.org.in/product/cts/product-statistics
2025-26,2026,January,1,29,2026-01-29,2.59,33336.16,2026-02-01,2026-03-27,National Payments Corporation of India (NPCI),https://www.npci.org.in/product/cts/product-statistics
2025-26,2026,January,1,30,2026-01-30,2.20,31578.03,2026-02-01,2026-03-27,National Payments Corporation of India (NPCI),https://www.npci.org.in/product/cts/product-statistics
2025-26,2026,January,1,31,2026-01-31,1.86,28207.58,2026-02-01,2026-03-27,National Payments Corporation of India (NPCI),https://www.npci.org.in/product/cts/product-statistics
2025-26,2026,February,2,1,2026-02-01,,,2026-03-01,2026-03-27,National Payments Corporation of India (NPCI),https://www.npci.org.in/product/cts/product-statistics
2025-26,2026,February,2,2,2026-02-02,1.80,24408.44,2026-03-01,2026-03-27,National Payments Corporation of India (NPCI),https://www.npci.org.in/product/cts/product-statistics
2025-26,2026,February,2,3,2026-02-03,2.06,29526.13,2026-03-01,2026-03-27,National Payments Corporation of India (NPCI),https://www.npci.org.in/product/cts/product-statistics
2025-26,2026,February,2,4,2026-02-04,1.89,27399.79,2026-03-01,2026-03-27,National Payments Corporation of India (NPCI),https://www.npci.org.in/product/cts/product-statistics
2025-26,2026,February,2,5,2026-02-05,1.93,26238.32,2026-03-01,2026-03-27,National Payments Corporation of India (NPCI),https://www.npci.org.in/product/cts/product-statistics
2025-26,2026,February,2,6,2026-02-06,1.89,27218.43,2026-03-01,2026-03-27,National Payments Corporation of India (NPCI),https://www.npci.org.in/product/cts/product-statistics
2025-26,2026,February,2,7,2026-02-07,1.74,23705.42,2026-03-01,2026-03-27,National Payments Corporation of India (NPCI),https://www.npci.org.in/product/cts/product-statistics
2025-26,2026,February,2,8,2026-02-08,,,2026-03-01,2026-03-27,National Payments Corporation of India (NPCI),https://www.npci.org.in/product/cts/product-statistics
2025-26,2026,February,2,9,2026-02-09,1.84,21892.13,2026-03-01,2026-03-27,National Payments Corporation of India (NPCI),https://www.npci.org.in/product/cts/product-statistics
2025-26,2026,February,2,10,2026-02-10,2.16,25728.16,2026-03-01,2026-03-27,National Payments Corporation of India (NPCI),https://www.npci.org.in/product/cts/product-statistics
2025-26,2026,February,2,11,2026-02-11,2.03,25860.38,2026-03-01,2026-03-27,National Payments Corporation of India (NPCI),https://www.npci.org.in/product/cts/product-statistics
2025-26,2026,February,2,12,2026-02-12,1.62,22000.74,2026-03-01,2026-03-27,National Payments Corporation of India (NPCI),https://www.npci.org.in/product/cts/product-statistics
2025-26,2026,February,2,13,2026-02-13,1.91,26289.00,2026-03-01,2026-03-27,National Payments Corporation of India (NPCI),https://www.npci.org.in/product/cts/product-statistics
2025-26,2026,February,2,14,2026-02-14,,,2026-03-01,2026-03-27,National Payments Corporation of India (NPCI),https://www.npci.org.in/product/cts/product-statistics
2025-26,2026,February,2,15,2026-02-15,,,2026-03-01,2026-03-27,National Payments Corporation of India (NPCI),https://www.npci.org.in/product/cts/product-statistics
2025-26,2026,February,2,16,2026-02-16,2.55,30694.71,2026-03-01,2026-03-27,National Payments Corporation of India (NPCI),https://www.npci.org.in/product/cts/product-statistics
2025-26,2026,February,2,17,2026-02-17,2.73,33430.86,2026-03-01,2026-03-27,National Payments Corporation of India (NPCI),https://www.npci.org.in/product/cts/product-statistics
2025-26,2026,February,2,18,2026-02-18,2.13,28821.82,2026-03-01,2026-03-27,National Payments Corporation of India (NPCI),https://www.npci.org.in/product/cts/product-statistics
2025-26,2026,February,2,19,2026-02-19,1.52,21800.45,2026-03-01,2026-03-27,National Payments Corporation of India (NPCI),https://www.npci.org.in/product/cts/product-statistics
2025-26,2026,February,2,20,2026-02-20,1.92,28607.58,2026-03-01,2026-03-27,National Payments Corporation of India (NPCI),https://www.npci.org.in/product/cts/product-statistics
2025-26,2026,February,2,21,2026-02-21,1.86,25927.40,2026-03-01,2026-03-27,National Payments Corporation of India (NPCI),https://www.npci.org.in/product/cts/product-statistics
2025-26,2026,February,2,22,2026-02-22,,,2026-03-01,2026-03-27,National Payments Corporation of India (NPCI),https://www.npci.org.in/product/cts/product-statistics
2025-26,2026,February,2,23,2026-02-23,1.82,22997.94,2026-03-01,2026-03-27,National Payments Corporation of India (NPCI),https://www.npci.org.in/product/cts/product-statistics
2025-26,2026,February,2,24,2026-02-24,2.01,27507.11,2026-03-01,2026-03-27,National Payments Corporation of India (NPCI),https://www.npci.org.in/product/cts/product-statistics
2025-26,2026,February,2,25,2026-02-25,1.94,26283.06,2026-03-01,2026-03-27,National Payments Corporation of India (NPCI),https://www.npci.org.in/product/cts/product-statistics
2025-26,2026,February,2,26,2026-02-26,1.87,26545.40,2026-03-01,2026-03-27,National Payments Corporation of India (NPCI),https://www.npci.org.in/product/cts/product-statistics
2025-26,2026,February,2,27,2026-02-27,1.83,26899.87,2026-03-01,2026-03-27,National Payments Corporation of India (NPCI),https://www.npci.org.in/product/cts/product-statistics
2025-26,2026,February,2,28,2026-02-28,,,2026-03-01,2026-03-27,National Payments Corporation of India (NPCI),https://www.npci.org.in/product/cts/product-statistics
2025-26,2026,March,3,1,2026-03-01,,,2026-04-01,2026-03-27,National Payments Corporation of India (NPCI),https://www.npci.org.in/product/cts/product-statistics
2025-26,2026,March,3,2,2026-03-02,2.43,32786.20,2026-04-01,2026-03-27,National Payments Corporation of India (NPCI),https://www.npci.org.in/product/cts/product-statistics
2025-26,2026,March,3,3,2026-03-03,1.65,23025.85,2026-04-01,2026-03-27,National Payments Corporation of India (NPCI),https://www.npci.org.in/product/cts/product-statistics
2025-26,2026,March,3,4,2026-03-04,1.25,15772.44,2026-04-01,2026-03-27,National Payments Corporation of India (NPCI),https://www.npci.org.in/product/cts/product-statistics
2025-26,2026,March,3,5,2026-03-05,2.00,26161.68,2026-04-01,2026-03-27,National Payments Corporation of India (NPCI),https://www.npci.org.in/product/cts/product-statistics
2025-26,2026,March,3,6,2026-03-06,2.03,27787.48,2026-04-01,2026-03-27,National Payments Corporation of India (NPCI),https://www.npci.org.in/product/cts/product-statistics
2025-26,2026,March,3,7,2026-03-07,1.88,26081.87,2026-04-01,2026-03-27,National Payments Corporation of India (NPCI),https://www.npci.org.in/product/cts/product-statistics
2025-26,2026,March,3,8,2026-03-08,,,2026-04-01,2026-03-27,National Payments Corporation of India (NPCI),https://www.npci.org.in/product/cts/product-statistics
2025-26,2026,March,3,9,2026-03-09,1.96,25813.72,2026-04-01,2026-03-27,National Payments Corporation of India (NPCI),https://www.npci.org.in/product/cts/product-statistics
2025-26,2026,March,3,10,2026-03-10,2.22,29483.12,2026-04-01,2026-03-27,National Payments Corporation of India (NPCI),https://www.npci.org.in/product/cts/product-statistics
2025-26,2026,March,3,11,2026-03-11,2.09,27897.84,2026-04-01,2026-03-27,National Payments Corporation of India (NPCI),https://www.npci.org.in/product/cts/product-statistics
2025-26,2026,March,3,12,2026-03-12,1.96,27520.46,2026-04-01,2026-03-27,National Payments Corporation of India (NPCI),https://www.npci.org.in/product/cts/product-statistics
2025-26,2026,March,3,13,2026-03-13,1.88,25978.20,2026-04-01,2026-03-27,National Payments Corporation of India (NPCI),https://www.npci.org.in/product/cts/product-statistics
2025-26,2026,March,3,14,2026-03-14,,,2026-04-01,2026-03-27,National Payments Corporation of India (NPCI),https://www.npci.org.in/product/cts/product-statistics
2025-26,2026,March,3,15,2026-03-15,,,2026-04-01,2026-03-27,National Payments Corporation of India (NPCI),https://www.npci.org.in/product/cts/product-statistics
2025-26,2026,March,3,16,2026-03-16,2.71,34598.81,2026-04-01,2026-03-27,National Payments Corporation of India (NPCI),https://www.npci.org.in/product/cts/product-statistics
2025-26,2026,March,3,17,2026-03-17,2.82,35987.70,2026-04-01,2026-03-27,National Payments Corporation of India (NPCI),https://www.npci.org.in/product/cts/product-statistics
2025-26,2026,March,3,18,2026-03-18,2.31,34197.25,2026-04-01,2026-03-27,National Payments Corporation of India (NPCI),https://www.npci.org.in/product/cts/product-statistics
2025-26,2026,March,3,19,2026-03-19,1.35,18509.89,2026-04-01,2026-03-27,National Payments Corporation of India (NPCI),https://www.npci.org.in/product/cts/product-statistics
2025-26,2026,March,3,20,2026-03-20,1.96,26733.66,2026-04-01,2026-03-27,National Payments Corporation of India (NPCI),https://www.npci.org.in/product/cts/product-statistics
2025-26,2026,March,3,21,2026-03-21,0.50,6330.09,2026-04-01,2026-03-27,National Payments Corporation of India (NPCI),https://www.npci.org.in/product/cts/product-statistics
2025-26,2026,March,3,22,2026-03-22,,,2026-04-01,2026-03-27,National Payments Corporation of India (NPCI),https://www.npci.org.in/product/cts/product-statistics
2025-26,2026,March,3,23,2026-03-23,2.29,31391.26,2026-04-01,2026-03-27,National Payments Corporation of India (NPCI),https://www.npci.org.in/product/cts/product-statistics
2025-26,2026,March,3,24,2026-03-24,2.73,38900.44,2026-04-01,2026-03-27,National Payments Corporation of India (NPCI),https://www.npci.org.in/product/cts/product-statistics
2025-26,2026,March,3,25,2026-03-25,2.36,35667.60,2026-04-01,2026-03-27,National Payments Corporation of India (NPCI),https://www.npci.org.in/product/cts/product-statistics
