fiscal_year,year,month,month_numeric,bank_code,bank_name,total_txn_count,chargeback_ratio_percent,chargeback_received,represented,accepted_deemed_accepted,released_on,updated_on,data_source,data_url
2021-22,2022,January,1,AXB,AXIS BANK,15170142,0.00008,1284,1015,269,2022-02-01,2026-03-27,National Payments Corporation of India (NPCI),https://www.npci.org.in/product/ecosystem-statistics/rupay
2021-22,2022,January,1,BBF,BANK OF BARODA,1867064,0.00028,520,374,146,2022-02-01,2026-03-27,National Payments Corporation of India (NPCI),https://www.npci.org.in/product/ecosystem-statistics/rupay
2021-22,2022,January,1,BDN,BANDHAN BANK,250949,0.00005,13,10,3,2022-02-01,2026-03-27,National Payments Corporation of India (NPCI),https://www.npci.org.in/product/ecosystem-statistics/rupay
2021-22,2022,January,1,BOI,BANK OF INDIA,338688,0.00008,28,11,17,2022-02-01,2026-03-27,National Payments Corporation of India (NPCI),https://www.npci.org.in/product/ecosystem-statistics/rupay
2021-22,2022,January,1,CBI,CENTRAL BANK OF INDIA,53897,0.00011,6,3,3,2022-02-01,2026-03-27,National Payments Corporation of India (NPCI),https://www.npci.org.in/product/ecosystem-statistics/rupay
2021-22,2022,January,1,CNB,CANARA BANK,560959,0.00004,21,11,10,2022-02-01,2026-03-27,National Payments Corporation of India (NPCI),https://www.npci.org.in/product/ecosystem-statistics/rupay
2021-22,2022,January,1,CRB,UNION BANK OF INDIA,9064300,0.00016,1426,1092,334,2022-02-01,2026-03-27,National Payments Corporation of India (NPCI),https://www.npci.org.in/product/ecosystem-statistics/rupay
2021-22,2022,January,1,CUB,CITY UNION BANK,344426,0.00007,25,19,6,2022-02-01,2026-03-27,National Payments Corporation of India (NPCI),https://www.npci.org.in/product/ecosystem-statistics/rupay
2021-22,2022,January,1,DBS,DBS BANK INDIA LTD,33005,0.00006,2,1,1,2022-02-01,2026-03-27,National Payments Corporation of India (NPCI),https://www.npci.org.in/product/ecosystem-statistics/rupay
2021-22,2022,January,1,ESF,EQUITAS SMALL FINANCE BANK,336002,0.00011,37,28,9,2022-02-01,2026-03-27,National Payments Corporation of India (NPCI),https://www.npci.org.in/product/ecosystem-statistics/rupay
2021-22,2022,January,1,FBL,THE FEDERAL BANK,816212,0.00029,234,221,13,2022-02-01,2026-03-27,National Payments Corporation of India (NPCI),https://www.npci.org.in/product/ecosystem-statistics/rupay
2021-22,2022,January,1,HDF,HDFC BANK,55981830,0.00016,9172,4921,4251,2022-02-01,2026-03-27,National Payments Corporation of India (NPCI),https://www.npci.org.in/product/ecosystem-statistics/rupay
2021-22,2022,January,1,ICI,ICICI BANK,26661142,0.00034,9181,8782,399,2022-02-01,2026-03-27,National Payments Corporation of India (NPCI),https://www.npci.org.in/product/ecosystem-statistics/rupay
2021-22,2022,January,1,IDB,IDBI BANK,393151,0.00017,65,49,16,2022-02-01,2026-03-27,National Payments Corporation of India (NPCI),https://www.npci.org.in/product/ecosystem-statistics/rupay
2021-22,2022,January,1,IDF,IDFC FIRST BANK,164981,0.00027,45,32,13,2022-02-01,2026-03-27,National Payments Corporation of India (NPCI),https://www.npci.org.in/product/ecosystem-statistics/rupay
2021-22,2022,January,1,IIB,INDUSIND BANK,1820569,0.00006,107,54,53,2022-02-01,2026-03-27,National Payments Corporation of India (NPCI),https://www.npci.org.in/product/ecosystem-statistics/rupay
2021-22,2022,January,1,INB,INDIAN BANK,351706,0.00003,10,10,0,2022-02-01,2026-03-27,National Payments Corporation of India (NPCI),https://www.npci.org.in/product/ecosystem-statistics/rupay
2021-22,2022,January,1,JKB,THE JAMMU AND KASHMIR BANK,78802,0.00005,4,2,2,2022-02-01,2026-03-27,National Payments Corporation of India (NPCI),https://www.npci.org.in/product/ecosystem-statistics/rupay
2021-22,2022,January,1,KMB,KOTAK MAHINDRA BANK,3488480,0.00013,452,255,197,2022-02-01,2026-03-27,National Payments Corporation of India (NPCI),https://www.npci.org.in/product/ecosystem-statistics/rupay
2021-22,2022,January,1,KVB,KARUR VYSYA BANK,301161,0.00002,6,6,0,2022-02-01,2026-03-27,National Payments Corporation of India (NPCI),https://www.npci.org.in/product/ecosystem-statistics/rupay
2021-22,2022,January,1,MIT,PUNJAB NATIONAL BANK,793532,0.0003,241,234,7,2022-02-01,2026-03-27,National Payments Corporation of India (NPCI),https://www.npci.org.in/product/ecosystem-statistics/rupay
2021-22,2022,January,1,NSD,NSDL PAYMENTS BANK LTD,1338,0.04559,61,9,52,2022-02-01,2026-03-27,National Payments Corporation of India (NPCI),https://www.npci.org.in/product/ecosystem-statistics/rupay
2021-22,2022,January,1,PYT,PAYTM PAYMENTS BANK,9739076,0.00003,334,313,21,2022-02-01,2026-03-27,National Payments Corporation of India (NPCI),https://www.npci.org.in/product/ecosystem-statistics/rupay
2021-22,2022,January,1,RBL,RATNAKAR BANK,9562605,0.00012,1134,905,229,2022-02-01,2026-03-27,National Payments Corporation of India (NPCI),https://www.npci.org.in/product/ecosystem-statistics/rupay
2021-22,2022,January,1,SBI,STATE BANK OF INDIA,17671131,0.00016,2863,1853,1010,2022-02-01,2026-03-27,National Payments Corporation of India (NPCI),https://www.npci.org.in/product/ecosystem-statistics/rupay
2021-22,2022,January,1,SIB,THE SOUTH INDIAN BANK,435329,0.00013,56,51,5,2022-02-01,2026-03-27,National Payments Corporation of India (NPCI),https://www.npci.org.in/product/ecosystem-statistics/rupay
2021-22,2022,January,1,TMB,TAMILNAD MERCANTILE BANK,73627,0.00001,1,1,0,2022-02-01,2026-03-27,National Payments Corporation of India (NPCI),https://www.npci.org.in/product/ecosystem-statistics/rupay
2021-22,2022,January,1,YBL,YES BANK LIMITED,903745,0.0001,93,63,30,2022-02-01,2026-03-27,National Payments Corporation of India (NPCI),https://www.npci.org.in/product/ecosystem-statistics/rupay
2021-22,2022,March,3,AXB,AXIS BANK,14686338,0.00015,2186,1855,331,2022-04-01,2026-03-27,National Payments Corporation of India (NPCI),https://www.npci.org.in/product/ecosystem-statistics/rupay
2021-22,2022,March,3,BBF,BANK OF BARODA,1801655,0.00028,502,421,81,2022-04-01,2026-03-27,National Payments Corporation of India (NPCI),https://www.npci.org.in/product/ecosystem-statistics/rupay
2021-22,2022,March,3,BDN,BANDHAN BANK,242292,0.00003,7,7,0,2022-04-01,2026-03-27,National Payments Corporation of India (NPCI),https://www.npci.org.in/product/ecosystem-statistics/rupay
2021-22,2022,March,3,BOI,BANK OF INDIA,320433,0.00003,10,1,9,2022-04-01,2026-03-27,National Payments Corporation of India (NPCI),https://www.npci.org.in/product/ecosystem-statistics/rupay
2021-22,2022,March,3,BOM,BANK OF MAHARASHTRA,36113,0,0,0,0,2022-04-01,2026-03-27,National Payments Corporation of India (NPCI),https://www.npci.org.in/product/ecosystem-statistics/rupay
2021-22,2022,March,3,CBI,CENTRAL BANK OF INDIA,51488,0.00012,6,6,0,2022-04-01,2026-03-27,National Payments Corporation of India (NPCI),https://www.npci.org.in/product/ecosystem-statistics/rupay
2021-22,2022,March,3,CNB,CANARA BANK,485456,0.00008,37,20,17,2022-04-01,2026-03-27,National Payments Corporation of India (NPCI),https://www.npci.org.in/product/ecosystem-statistics/rupay
2021-22,2022,March,3,CRB,UNION BANK OF INDIA,12003750,0.00012,1485,1204,281,2022-04-01,2026-03-27,National Payments Corporation of India (NPCI),https://www.npci.org.in/product/ecosystem-statistics/rupay
2021-22,2022,March,3,CSB,CSB BANK,19,0,0,0,0,2022-04-01,2026-03-27,National Payments Corporation of India (NPCI),https://www.npci.org.in/product/ecosystem-statistics/rupay
2021-22,2022,March,3,CUB,CITY UNION BANK,331769,0.00007,23,16,7,2022-04-01,2026-03-27,National Payments Corporation of India (NPCI),https://www.npci.org.in/product/ecosystem-statistics/rupay
2021-22,2022,March,3,DBS,DBS BANK INDIA LTD,29181,0.00003,1,0,1,2022-04-01,2026-03-27,National Payments Corporation of India (NPCI),https://www.npci.org.in/product/ecosystem-statistics/rupay
2021-22,2022,March,3,DCB,DCB BANK,2939,0,0,0,0,2022-04-01,2026-03-27,National Payments Corporation of India (NPCI),https://www.npci.org.in/product/ecosystem-statistics/rupay
2021-22,2022,March,3,ESF,EQUITAS SMALL FINANCE BANK,399015,0.00005,19,16,3,2022-04-01,2026-03-27,National Payments Corporation of India (NPCI),https://www.npci.org.in/product/ecosystem-statistics/rupay
2021-22,2022,March,3,FBL,THE FEDERAL BANK,725160,0.00016,113,92,21,2022-04-01,2026-03-27,National Payments Corporation of India (NPCI),https://www.npci.org.in/product/ecosystem-statistics/rupay
2021-22,2022,March,3,HDF,HDFC BANK,48264665,0.00021,9927,5471,4456,2022-04-01,2026-03-27,National Payments Corporation of India (NPCI),https://www.npci.org.in/product/ecosystem-statistics/rupay
2021-22,2022,March,3,ICI,ICICI BANK,22625300,0.00015,3481,2974,507,2022-04-01,2026-03-27,National Payments Corporation of India (NPCI),https://www.npci.org.in/product/ecosystem-statistics/rupay
2021-22,2022,March,3,IDB,IDBI BANK,365187,0.00034,124,42,82,2022-04-01,2026-03-27,National Payments Corporation of India (NPCI),https://www.npci.org.in/product/ecosystem-statistics/rupay
2021-22,2022,March,3,IDF,IDFC FIRST BANK,162710,0.00049,80,75,5,2022-04-01,2026-03-27,National Payments Corporation of India (NPCI),https://www.npci.org.in/product/ecosystem-statistics/rupay
2021-22,2022,March,3,IIB,INDUSIND BANK,1668362,0.00006,107,53,54,2022-04-01,2026-03-27,National Payments Corporation of India (NPCI),https://www.npci.org.in/product/ecosystem-statistics/rupay
2021-22,2022,March,3,INB,INDIAN BANK,293297,0.00003,9,9,0,2022-04-01,2026-03-27,National Payments Corporation of India (NPCI),https://www.npci.org.in/product/ecosystem-statistics/rupay
2021-22,2022,March,3,JKB,THE JAMMU AND KASHMIR BANK,82995,0.00007,6,0,6,2022-04-01,2026-03-27,National Payments Corporation of India (NPCI),https://www.npci.org.in/product/ecosystem-statistics/rupay
2021-22,2022,March,3,KMB,KOTAK MAHINDRA BANK,2006883,0.00034,676,433,243,2022-04-01,2026-03-27,National Payments Corporation of India (NPCI),https://www.npci.org.in/product/ecosystem-statistics/rupay
2021-22,2022,March,3,KTB,KARNATAKA BANK,229,0,0,0,0,2022-04-01,2026-03-27,National Payments Corporation of India (NPCI),https://www.npci.org.in/product/ecosystem-statistics/rupay
2021-22,2022,March,3,KVB,KARUR VYSYA BANK,260645,0.00004,10,10,0,2022-04-01,2026-03-27,National Payments Corporation of India (NPCI),https://www.npci.org.in/product/ecosystem-statistics/rupay
2021-22,2022,March,3,MIT,PUNJAB NATIONAL BANK,815705,0.00018,143,142,1,2022-04-01,2026-03-27,National Payments Corporation of India (NPCI),https://www.npci.org.in/product/ecosystem-statistics/rupay
2021-22,2022,March,3,NSD,NSDL PAYMENTS BANK LTD,925,0,0,0,0,2022-04-01,2026-03-27,National Payments Corporation of India (NPCI),https://www.npci.org.in/product/ecosystem-statistics/rupay
2021-22,2022,March,3,PYT,PAYTM PAYMENTS BANK,9845234,0.00006,547,546,1,2022-04-01,2026-03-27,National Payments Corporation of India (NPCI),https://www.npci.org.in/product/ecosystem-statistics/rupay
2021-22,2022,March,3,RBL,RATNAKAR BANK,9065399,0.00013,1185,1006,179,2022-04-01,2026-03-27,National Payments Corporation of India (NPCI),https://www.npci.org.in/product/ecosystem-statistics/rupay
2021-22,2022,March,3,SBI,STATE BANK OF INDIA,13527467,0.00012,1616,953,663,2022-04-01,2026-03-27,National Payments Corporation of India (NPCI),https://www.npci.org.in/product/ecosystem-statistics/rupay
2021-22,2022,March,3,SIB,THE SOUTH INDIAN BANK,426166,0.00012,50,35,15,2022-04-01,2026-03-27,National Payments Corporation of India (NPCI),https://www.npci.org.in/product/ecosystem-statistics/rupay
2021-22,2022,March,3,TJSB,THANE JANATA SAHAKARI BANK,781,0.00256,2,2,0,2022-04-01,2026-03-27,National Payments Corporation of India (NPCI),https://www.npci.org.in/product/ecosystem-statistics/rupay
2021-22,2022,March,3,TMB,TAMILNAD MERCANTILE BANK,63658,0.00005,3,3,0,2022-04-01,2026-03-27,National Payments Corporation of India (NPCI),https://www.npci.org.in/product/ecosystem-statistics/rupay
2021-22,2022,March,3,YBL,YES BANK LIMITED,1063106,0.00016,172,94,78,2022-04-01,2026-03-27,National Payments Corporation of India (NPCI),https://www.npci.org.in/product/ecosystem-statistics/rupay
2022-23,2022,April,4,AXB,AXIS BANK,13310906,0.00016,2155,1747,408,2022-05-01,2026-03-27,National Payments Corporation of India (NPCI),https://www.npci.org.in/product/ecosystem-statistics/rupay
2022-23,2022,April,4,BBF,BANK OF BARODA,1779389,0.00031,558,437,121,2022-05-01,2026-03-27,National Payments Corporation of India (NPCI),https://www.npci.org.in/product/ecosystem-statistics/rupay
2022-23,2022,April,4,BDN,BANDHAN BANK,265421,0.00006,15,15,0,2022-05-01,2026-03-27,National Payments Corporation of India (NPCI),https://www.npci.org.in/product/ecosystem-statistics/rupay
2022-23,2022,April,4,BOI,BANK OF INDIA,343718,0.00007,25,9,16,2022-05-01,2026-03-27,National Payments Corporation of India (NPCI),https://www.npci.org.in/product/ecosystem-statistics/rupay
2022-23,2022,April,4,BOM,BANK OF MAHARASHTRA,37044,0.00003,1,1,0,2022-05-01,2026-03-27,National Payments Corporation of India (NPCI),https://www.npci.org.in/product/ecosystem-statistics/rupay
2022-23,2022,April,4,CBI,CENTRAL BANK OF INDIA,48454,0.00008,4,4,0,2022-05-01,2026-03-27,National Payments Corporation of India (NPCI),https://www.npci.org.in/product/ecosystem-statistics/rupay
2022-23,2022,April,4,CNB,CANARA BANK,523645,0.00005,25,12,13,2022-05-01,2026-03-27,National Payments Corporation of India (NPCI),https://www.npci.org.in/product/ecosystem-statistics/rupay
2022-23,2022,April,4,CRB,UNION BANK OF INDIA,10619732,0.00015,1628,1370,258,2022-05-01,2026-03-27,National Payments Corporation of India (NPCI),https://www.npci.org.in/product/ecosystem-statistics/rupay
2022-23,2022,April,4,CSB,CSB BANK,4,0,0,0,0,2022-05-01,2026-03-27,National Payments Corporation of India (NPCI),https://www.npci.org.in/product/ecosystem-statistics/rupay
2022-23,2022,April,4,CUB,CITY UNION BANK,371474,0.00012,46,31,15,2022-05-01,2026-03-27,National Payments Corporation of India (NPCI),https://www.npci.org.in/product/ecosystem-statistics/rupay
2022-23,2022,April,4,DBS,DBS BANK INDIA LTD,29949,0.00007,2,0,2,2022-05-01,2026-03-27,National Payments Corporation of India (NPCI),https://www.npci.org.in/product/ecosystem-statistics/rupay
2022-23,2022,April,4,DCB,DCB BANK,0,0,0,0,0,2022-05-01,2026-03-27,National Payments Corporation of India (NPCI),https://www.npci.org.in/product/ecosystem-statistics/rupay
2022-23,2022,April,4,ESF,EQUITAS SMALL FINANCE BANK,557885,0.00005,29,20,9,2022-05-01,2026-03-27,National Payments Corporation of India (NPCI),https://www.npci.org.in/product/ecosystem-statistics/rupay
2022-23,2022,April,4,FBL,THE FEDERAL BANK,872726,0.00012,101,73,28,2022-05-01,2026-03-27,National Payments Corporation of India (NPCI),https://www.npci.org.in/product/ecosystem-statistics/rupay
2022-23,2022,April,4,HDF,HDFC BANK,48867715,0.00016,7920,4544,3376,2022-05-01,2026-03-27,National Payments Corporation of India (NPCI),https://www.npci.org.in/product/ecosystem-statistics/rupay
2022-23,2022,April,4,ICI,ICICI BANK,26129449,0.00014,3690,2955,735,2022-05-01,2026-03-27,National Payments Corporation of India (NPCI),https://www.npci.org.in/product/ecosystem-statistics/rupay
2022-23,2022,April,4,IDB,IDBI BANK,426837,0.00022,96,50,46,2022-05-01,2026-03-27,National Payments Corporation of India (NPCI),https://www.npci.org.in/product/ecosystem-statistics/rupay
2022-23,2022,April,4,IDF,IDFC FIRST BANK,179454,0.00022,39,34,5,2022-05-01,2026-03-27,National Payments Corporation of India (NPCI),https://www.npci.org.in/product/ecosystem-statistics/rupay
2022-23,2022,April,4,IIB,INDUSIND BANK,2453440,0.00004,106,85,21,2022-05-01,2026-03-27,National Payments Corporation of India (NPCI),https://www.npci.org.in/product/ecosystem-statistics/rupay
2022-23,2022,April,4,INB,INDIAN BANK,328866,0.00002,8,7,1,2022-05-01,2026-03-27,National Payments Corporation of India (NPCI),https://www.npci.org.in/product/ecosystem-statistics/rupay
2022-23,2022,April,4,JKB,THE JAMMU AND KASHMIR BANK,107403,0.00013,14,5,9,2022-05-01,2026-03-27,National Payments Corporation of India (NPCI),https://www.npci.org.in/product/ecosystem-statistics/rupay
2022-23,2022,April,4,KMB,KOTAK MAHINDRA BANK,2777533,0.00021,571,314,257,2022-05-01,2026-03-27,National Payments Corporation of India (NPCI),https://www.npci.org.in/product/ecosystem-statistics/rupay
2022-23,2022,April,4,KTB,KARNATAKA BANK,0,0,0,0,0,2022-05-01,2026-03-27,National Payments Corporation of India (NPCI),https://www.npci.org.in/product/ecosystem-statistics/rupay
2022-23,2022,April,4,KVB,KARUR VYSYA BANK,287777,0.00005,13,11,2,2022-05-01,2026-03-27,National Payments Corporation of India (NPCI),https://www.npci.org.in/product/ecosystem-statistics/rupay
2022-23,2022,April,4,MIT,PUNJAB NATIONAL BANK,900950,0.00009,84,78,6,2022-05-01,2026-03-27,National Payments Corporation of India (NPCI),https://www.npci.org.in/product/ecosystem-statistics/rupay
2022-23,2022,April,4,NSD,NSDL PAYMENTS BANK LTD,1467,0,0,0,0,2022-05-01,2026-03-27,National Payments Corporation of India (NPCI),https://www.npci.org.in/product/ecosystem-statistics/rupay
2022-23,2022,April,4,PYT,PAYTM PAYMENTS BANK,10457145,0.00003,331,331,0,2022-05-01,2026-03-27,National Payments Corporation of India (NPCI),https://www.npci.org.in/product/ecosystem-statistics/rupay
2022-23,2022,April,4,RBL,RATNAKAR BANK,9991947,0.0001,986,792,194,2022-05-01,2026-03-27,National Payments Corporation of India (NPCI),https://www.npci.org.in/product/ecosystem-statistics/rupay
2022-23,2022,April,4,SBI,STATE BANK OF INDIA,13075361,0.0001,1329,769,560,2022-05-01,2026-03-27,National Payments Corporation of India (NPCI),https://www.npci.org.in/product/ecosystem-statistics/rupay
2022-23,2022,April,4,SIB,THE SOUTH INDIAN BANK,506960,0.00008,41,32,9,2022-05-01,2026-03-27,National Payments Corporation of India (NPCI),https://www.npci.org.in/product/ecosystem-statistics/rupay
2022-23,2022,April,4,TJSB,THANE JANATA SAHAKARI BANK,3208,0.00218,7,0,7,2022-05-01,2026-03-27,National Payments Corporation of India (NPCI),https://www.npci.org.in/product/ecosystem-statistics/rupay
2022-23,2022,April,4,TMB,TAMILNAD MERCANTILE BANK,61146,0.00005,3,2,1,2022-05-01,2026-03-27,National Payments Corporation of India (NPCI),https://www.npci.org.in/product/ecosystem-statistics/rupay
2022-23,2022,April,4,YBL,YES BANK LIMITED,917277,0.0001,90,54,36,2022-05-01,2026-03-27,National Payments Corporation of India (NPCI),https://www.npci.org.in/product/ecosystem-statistics/rupay
2022-23,2022,May,5,AXB,AXIS BANK,12216852,0.00022,2698,2199,499,2022-06-01,2026-03-27,National Payments Corporation of India (NPCI),https://www.npci.org.in/product/ecosystem-statistics/rupay
2022-23,2022,May,5,BBF,BANK OF BARODA,1438156,0.00038,547,470,77,2022-06-01,2026-03-27,National Payments Corporation of India (NPCI),https://www.npci.org.in/product/ecosystem-statistics/rupay
2022-23,2022,May,5,BDN,BANDHAN BANK,251375,0.00004,9,7,2,2022-06-01,2026-03-27,National Payments Corporation of India (NPCI),https://www.npci.org.in/product/ecosystem-statistics/rupay
2022-23,2022,May,5,BOI,BANK OF INDIA,343898,0.00005,17,6,11,2022-06-01,2026-03-27,National Payments Corporation of India (NPCI),https://www.npci.org.in/product/ecosystem-statistics/rupay
2022-23,2022,May,5,BOM,BANK OF MAHARASHTRA,36791,0.00011,4,3,1,2022-06-01,2026-03-27,National Payments Corporation of India (NPCI),https://www.npci.org.in/product/ecosystem-statistics/rupay
2022-23,2022,May,5,CBI,CENTRAL BANK OF INDIA,53788,0.00004,2,2,0,2022-06-01,2026-03-27,National Payments Corporation of India (NPCI),https://www.npci.org.in/product/ecosystem-statistics/rupay
2022-23,2022,May,5,CNB,CANARA BANK,571679,0.00029,166,26,140,2022-06-01,2026-03-27,National Payments Corporation of India (NPCI),https://www.npci.org.in/product/ecosystem-statistics/rupay
2022-23,2022,May,5,CRB,UNION BANK OF INDIA,7928122,0.00021,1669,1238,431,2022-06-01,2026-03-27,National Payments Corporation of India (NPCI),https://www.npci.org.in/product/ecosystem-statistics/rupay
2022-23,2022,May,5,CSB,CSB BANK,9,0,0,0,0,2022-06-01,2026-03-27,National Payments Corporation of India (NPCI),https://www.npci.org.in/product/ecosystem-statistics/rupay
2022-23,2022,May,5,CUB,CITY UNION BANK,371936,0.00008,31,23,8,2022-06-01,2026-03-27,National Payments Corporation of India (NPCI),https://www.npci.org.in/product/ecosystem-statistics/rupay
2022-23,2022,May,5,DBS,DBS BANK INDIA LTD,28378,0.00004,1,0,1,2022-06-01,2026-03-27,National Payments Corporation of India (NPCI),https://www.npci.org.in/product/ecosystem-statistics/rupay
2022-23,2022,May,5,DCB,DCB BANK,0,0,0,0,0,2022-06-01,2026-03-27,National Payments Corporation of India (NPCI),https://www.npci.org.in/product/ecosystem-statistics/rupay
2022-23,2022,May,5,ESF,EQUITAS SMALL FINANCE BANK,555431,0.00019,106,98,8,2022-06-01,2026-03-27,National Payments Corporation of India (NPCI),https://www.npci.org.in/product/ecosystem-statistics/rupay
2022-23,2022,May,5,FBL,THE FEDERAL BANK,988211,0.00007,72,48,24,2022-06-01,2026-03-27,National Payments Corporation of India (NPCI),https://www.npci.org.in/product/ecosystem-statistics/rupay
2022-23,2022,May,5,HDF,HDFC BANK,48999770,0.00014,6937,3845,3092,2022-06-01,2026-03-27,National Payments Corporation of India (NPCI),https://www.npci.org.in/product/ecosystem-statistics/rupay
2022-23,2022,May,5,ICI,ICICI BANK,25972850,0.00014,3695,3197,498,2022-06-01,2026-03-27,National Payments Corporation of India (NPCI),https://www.npci.org.in/product/ecosystem-statistics/rupay
2022-23,2022,May,5,IDB,IDBI BANK,394551,0.00012,46,23,23,2022-06-01,2026-03-27,National Payments Corporation of India (NPCI),https://www.npci.org.in/product/ecosystem-statistics/rupay
2022-23,2022,May,5,IDF,IDFC FIRST BANK,186528,0.00017,32,26,6,2022-06-01,2026-03-27,National Payments Corporation of India (NPCI),https://www.npci.org.in/product/ecosystem-statistics/rupay
2022-23,2022,May,5,IIB,INDUSIND BANK,2332827,0.00007,168,96,72,2022-06-01,2026-03-27,National Payments Corporation of India (NPCI),https://www.npci.org.in/product/ecosystem-statistics/rupay
2022-23,2022,May,5,INB,INDIAN BANK,330083,0.00005,17,13,4,2022-06-01,2026-03-27,National Payments Corporation of India (NPCI),https://www.npci.org.in/product/ecosystem-statistics/rupay
2022-23,2022,May,5,JKB,THE JAMMU AND KASHMIR BANK,114059,0.00004,5,1,4,2022-06-01,2026-03-27,National Payments Corporation of India (NPCI),https://www.npci.org.in/product/ecosystem-statistics/rupay
2022-23,2022,May,5,KMB,KOTAK MAHINDRA BANK,1938737,0.00027,528,349,179,2022-06-01,2026-03-27,National Payments Corporation of India (NPCI),https://www.npci.org.in/product/ecosystem-statistics/rupay
2022-23,2022,May,5,KTB,KARNATAKA BANK,0,0,0,0,0,2022-06-01,2026-03-27,National Payments Corporation of India (NPCI),https://www.npci.org.in/product/ecosystem-statistics/rupay
2022-23,2022,May,5,KVB,KARUR VYSYA BANK,294813,0.00002,7,6,1,2022-06-01,2026-03-27,National Payments Corporation of India (NPCI),https://www.npci.org.in/product/ecosystem-statistics/rupay
2022-23,2022,May,5,MIT,PUNJAB NATIONAL BANK,950704,0.00015,141,136,5,2022-06-01,2026-03-27,National Payments Corporation of India (NPCI),https://www.npci.org.in/product/ecosystem-statistics/rupay
2022-23,2022,May,5,NSD,NSDL PAYMENTS BANK LTD,292,0,0,0,0,2022-06-01,2026-03-27,National Payments Corporation of India (NPCI),https://www.npci.org.in/product/ecosystem-statistics/rupay
2022-23,2022,May,5,PYT,PAYTM PAYMENTS BANK,11094738,0.00003,299,299,0,2022-06-01,2026-03-27,National Payments Corporation of India (NPCI),https://www.npci.org.in/product/ecosystem-statistics/rupay
2022-23,2022,May,5,RBL,RATNAKAR BANK,10900182,0.00154,16840,16678,162,2022-06-01,2026-03-27,National Payments Corporation of India (NPCI),https://www.npci.org.in/product/ecosystem-statistics/rupay
2022-23,2022,May,5,SBI,STATE BANK OF INDIA,13272459,0.00016,2172,1127,1045,2022-06-01,2026-03-27,National Payments Corporation of India (NPCI),https://www.npci.org.in/product/ecosystem-statistics/rupay
2022-23,2022,May,5,SIB,THE SOUTH INDIAN BANK,503844,0.00008,40,28,12,2022-06-01,2026-03-27,National Payments Corporation of India (NPCI),https://www.npci.org.in/product/ecosystem-statistics/rupay
2022-23,2022,May,5,TJSB,THANE JANATA SAHAKARI BANK,3156,0.00253,8,3,5,2022-06-01,2026-03-27,National Payments Corporation of India (NPCI),https://www.npci.org.in/product/ecosystem-statistics/rupay
2022-23,2022,May,5,TMB,TAMILNAD MERCANTILE BANK,60833,0,0,0,0,2022-06-01,2026-03-27,National Payments Corporation of India (NPCI),https://www.npci.org.in/product/ecosystem-statistics/rupay
2022-23,2022,May,5,YBL,YES BANK LIMITED,1027162,0.0001,100,84,16,2022-06-01,2026-03-27,National Payments Corporation of India (NPCI),https://www.npci.org.in/product/ecosystem-statistics/rupay
2022-23,2022,June,6,AXB,AXIS BANK,11487791,0.00015,1719,1473,246,2022-07-01,2026-03-27,National Payments Corporation of India (NPCI),https://www.npci.org.in/product/ecosystem-statistics/rupay
2022-23,2022,June,6,BBF,BANK OF BARODA,1214597,0.00023,276,207,69,2022-07-01,2026-03-27,National Payments Corporation of India (NPCI),https://www.npci.org.in/product/ecosystem-statistics/rupay
2022-23,2022,June,6,BDN,BANDHAN BANK,206267,0.00008,16,14,2,2022-07-01,2026-03-27,National Payments Corporation of India (NPCI),https://www.npci.org.in/product/ecosystem-statistics/rupay
2022-23,2022,June,6,BOI,BANK OF INDIA,332665,0.00005,15,2,13,2022-07-01,2026-03-27,National Payments Corporation of India (NPCI),https://www.npci.org.in/product/ecosystem-statistics/rupay
2022-23,2022,June,6,BOM,BANK OF MAHARASHTRA,37148,0,0,0,0,2022-07-01,2026-03-27,National Payments Corporation of India (NPCI),https://www.npci.org.in/product/ecosystem-statistics/rupay
2022-23,2022,June,6,CBI,CENTRAL BANK OF INDIA,53956,0.00007,4,3,1,2022-07-01,2026-03-27,National Payments Corporation of India (NPCI),https://www.npci.org.in/product/ecosystem-statistics/rupay
2022-23,2022,June,6,CNB,CANARA BANK,588076,0.0001,59,31,28,2022-07-01,2026-03-27,National Payments Corporation of India (NPCI),https://www.npci.org.in/product/ecosystem-statistics/rupay
2022-23,2022,June,6,CRB,UNION BANK OF INDIA,7214324,0.00023,1678,1296,382,2022-07-01,2026-03-27,National Payments Corporation of India (NPCI),https://www.npci.org.in/product/ecosystem-statistics/rupay
2022-23,2022,June,6,CSB,CSB BANK,3,0,0,0,0,2022-07-01,2026-03-27,National Payments Corporation of India (NPCI),https://www.npci.org.in/product/ecosystem-statistics/rupay
2022-23,2022,June,6,CUB,CITY UNION BANK,352917,0.00014,49,31,18,2022-07-01,2026-03-27,National Payments Corporation of India (NPCI),https://www.npci.org.in/product/ecosystem-statistics/rupay
2022-23,2022,June,6,DBS,DBS BANK INDIA LTD,24101,0.00004,1,1,0,2022-07-01,2026-03-27,National Payments Corporation of India (NPCI),https://www.npci.org.in/product/ecosystem-statistics/rupay
2022-23,2022,June,6,DCB,DCB BANK,0,0,0,0,0,2022-07-01,2026-03-27,National Payments Corporation of India (NPCI),https://www.npci.org.in/product/ecosystem-statistics/rupay
2022-23,2022,June,6,ESF,EQUITAS SMALL FINANCE BANK,545147,0.00003,14,11,3,2022-07-01,2026-03-27,National Payments Corporation of India (NPCI),https://www.npci.org.in/product/ecosystem-statistics/rupay
2022-23,2022,June,6,FBL,THE FEDERAL BANK,928054,0.00008,77,58,19,2022-07-01,2026-03-27,National Payments Corporation of India (NPCI),https://www.npci.org.in/product/ecosystem-statistics/rupay
2022-23,2022,June,6,HDF,HDFC BANK,48400358,0.00011,5286,3661,1625,2022-07-01,2026-03-27,National Payments Corporation of India (NPCI),https://www.npci.org.in/product/ecosystem-statistics/rupay
2022-23,2022,June,6,ICI,ICICI BANK,21576840,0.00017,3630,2930,700,2022-07-01,2026-03-27,National Payments Corporation of India (NPCI),https://www.npci.org.in/product/ecosystem-statistics/rupay
2022-23,2022,June,6,IDB,IDBI BANK,369285,0.00023,86,55,31,2022-07-01,2026-03-27,National Payments Corporation of India (NPCI),https://www.npci.org.in/product/ecosystem-statistics/rupay
2022-23,2022,June,6,IDF,IDFC FIRST BANK,179643,0.00008,14,8,6,2022-07-01,2026-03-27,National Payments Corporation of India (NPCI),https://www.npci.org.in/product/ecosystem-statistics/rupay
2022-23,2022,June,6,IIB,INDUSIND BANK,2100531,0.00008,175,105,70,2022-07-01,2026-03-27,National Payments Corporation of India (NPCI),https://www.npci.org.in/product/ecosystem-statistics/rupay
2022-23,2022,June,6,INB,INDIAN BANK,311722,0.00002,7,6,1,2022-07-01,2026-03-27,National Payments Corporation of India (NPCI),https://www.npci.org.in/product/ecosystem-statistics/rupay
2022-23,2022,June,6,JKB,THE JAMMU AND KASHMIR BANK,97689,0.0001,10,2,8,2022-07-01,2026-03-27,National Payments Corporation of India (NPCI),https://www.npci.org.in/product/ecosystem-statistics/rupay
2022-23,2022,June,6,KMB,KOTAK MAHINDRA BANK,1667872,0.00021,358,243,115,2022-07-01,2026-03-27,National Payments Corporation of India (NPCI),https://www.npci.org.in/product/ecosystem-statistics/rupay
2022-23,2022,June,6,KTB,KARNATAKA BANK,0,0,0,0,0,2022-07-01,2026-03-27,National Payments Corporation of India (NPCI),https://www.npci.org.in/product/ecosystem-statistics/rupay
2022-23,2022,June,6,KVB,KARUR VYSYA BANK,283325,0.00004,10,10,0,2022-07-01,2026-03-27,National Payments Corporation of India (NPCI),https://www.npci.org.in/product/ecosystem-statistics/rupay
2022-23,2022,June,6,MIT,PUNJAB NATIONAL BANK,958159,0.00009,84,75,9,2022-07-01,2026-03-27,National Payments Corporation of India (NPCI),https://www.npci.org.in/product/ecosystem-statistics/rupay
2022-23,2022,June,6,NSD,NSDL PAYMENTS BANK LTD,130,0,0,0,0,2022-07-01,2026-03-27,National Payments Corporation of India (NPCI),https://www.npci.org.in/product/ecosystem-statistics/rupay
2022-23,2022,June,6,PYT,PAYTM PAYMENTS BANK,8292744,0.00005,404,403,1,2022-07-01,2026-03-27,National Payments Corporation of India (NPCI),https://www.npci.org.in/product/ecosystem-statistics/rupay
2022-23,2022,June,6,RBL,RATNAKAR BANK,10150874,0.00009,925,754,171,2022-07-01,2026-03-27,National Payments Corporation of India (NPCI),https://www.npci.org.in/product/ecosystem-statistics/rupay
2022-23,2022,June,6,SBI,STATE BANK OF INDIA,11270682,0.00017,1878,998,880,2022-07-01,2026-03-27,National Payments Corporation of India (NPCI),https://www.npci.org.in/product/ecosystem-statistics/rupay
2022-23,2022,June,6,SIB,THE SOUTH INDIAN BANK,492738,0.00009,45,33,12,2022-07-01,2026-03-27,National Payments Corporation of India (NPCI),https://www.npci.org.in/product/ecosystem-statistics/rupay
2022-23,2022,June,6,TJSB,THANE JANATA SAHAKARI BANK,3374,0.00089,3,3,0,2022-07-01,2026-03-27,National Payments Corporation of India (NPCI),https://www.npci.org.in/product/ecosystem-statistics/rupay
2022-23,2022,June,6,TMB,TAMILNAD MERCANTILE BANK,52543,0.00004,2,2,0,2022-07-01,2026-03-27,National Payments Corporation of India (NPCI),https://www.npci.org.in/product/ecosystem-statistics/rupay
2022-23,2022,June,6,YBL,YES BANK LIMITED,981990,0.0001,95,57,38,2022-07-01,2026-03-27,National Payments Corporation of India (NPCI),https://www.npci.org.in/product/ecosystem-statistics/rupay
2022-23,2022,July,7,AXB,AXIS BANK,11962704,0.00011,1300,1061,239,2022-08-01,2026-03-27,National Payments Corporation of India (NPCI),https://www.npci.org.in/product/ecosystem-statistics/rupay
2022-23,2022,July,7,BBF,BANK OF BARODA,1183445,0.00014,163,115,48,2022-08-01,2026-03-27,National Payments Corporation of India (NPCI),https://www.npci.org.in/product/ecosystem-statistics/rupay
2022-23,2022,July,7,BDN,BANDHAN BANK,199290,0.00009,18,17,1,2022-08-01,2026-03-27,National Payments Corporation of India (NPCI),https://www.npci.org.in/product/ecosystem-statistics/rupay
2022-23,2022,July,7,BOI,BANK OF INDIA,330738,0.00005,17,8,9,2022-08-01,2026-03-27,National Payments Corporation of India (NPCI),https://www.npci.org.in/product/ecosystem-statistics/rupay
2022-23,2022,July,7,BOM,BANK OF MAHARASHTRA,30147,0.00007,2,2,0,2022-08-01,2026-03-27,National Payments Corporation of India (NPCI),https://www.npci.org.in/product/ecosystem-statistics/rupay
2022-23,2022,July,7,CBI,CENTRAL BANK OF INDIA,53085,0.00002,1,1,0,2022-08-01,2026-03-27,National Payments Corporation of India (NPCI),https://www.npci.org.in/product/ecosystem-statistics/rupay
2022-23,2022,July,7,CNB,CANARA BANK,596241,0.0001,60,24,36,2022-08-01,2026-03-27,National Payments Corporation of India (NPCI),https://www.npci.org.in/product/ecosystem-statistics/rupay
2022-23,2022,July,7,CRB,UNION BANK OF INDIA,8115159,0.0002,1593,1223,370,2022-08-01,2026-03-27,National Payments Corporation of India (NPCI),https://www.npci.org.in/product/ecosystem-statistics/rupay
2022-23,2022,July,7,CSB,CSB BANK,6,0,0,0,0,2022-08-01,2026-03-27,National Payments Corporation of India (NPCI),https://www.npci.org.in/product/ecosystem-statistics/rupay
2022-23,2022,July,7,CUB,CITY UNION BANK,374506,0.00009,34,31,3,2022-08-01,2026-03-27,National Payments Corporation of India (NPCI),https://www.npci.org.in/product/ecosystem-statistics/rupay
2022-23,2022,July,7,DBS,DBS BANK INDIA LTD,2,0,0,0,0,2022-08-01,2026-03-27,National Payments Corporation of India (NPCI),https://www.npci.org.in/product/ecosystem-statistics/rupay
2022-23,2022,July,7,DCB,DCB BANK,0,0,0,0,0,2022-08-01,2026-03-27,National Payments Corporation of India (NPCI),https://www.npci.org.in/product/ecosystem-statistics/rupay
2022-23,2022,July,7,ESF,EQUITAS SMALL FINANCE BANK,564608,0.00004,25,21,4,2022-08-01,2026-03-27,National Payments Corporation of India (NPCI),https://www.npci.org.in/product/ecosystem-statistics/rupay
2022-23,2022,July,7,FBL,THE FEDERAL BANK,897844,0.0001,94,64,30,2022-08-01,2026-03-27,National Payments Corporation of India (NPCI),https://www.npci.org.in/product/ecosystem-statistics/rupay
2022-23,2022,July,7,HDF,HDFC BANK,45044555,0.00011,4761,3203,1558,2022-08-01,2026-03-27,National Payments Corporation of India (NPCI),https://www.npci.org.in/product/ecosystem-statistics/rupay
2022-23,2022,July,7,ICI,ICICI BANK,20875982,0.00016,3242,2904,338,2022-08-01,2026-03-27,National Payments Corporation of India (NPCI),https://www.npci.org.in/product/ecosystem-statistics/rupay
2022-23,2022,July,7,IDB,IDBI BANK,367057,0.00017,63,25,38,2022-08-01,2026-03-27,National Payments Corporation of India (NPCI),https://www.npci.org.in/product/ecosystem-statistics/rupay
2022-23,2022,July,7,IDF,IDFC FIRST BANK,216297,0.00004,9,7,2,2022-08-01,2026-03-27,National Payments Corporation of India (NPCI),https://www.npci.org.in/product/ecosystem-statistics/rupay
2022-23,2022,July,7,IIB,INDUSIND BANK,2452380,0.00004,88,59,29,2022-08-01,2026-03-27,National Payments Corporation of India (NPCI),https://www.npci.org.in/product/ecosystem-statistics/rupay
2022-23,2022,July,7,INB,INDIAN BANK,318135,0.00003,10,9,1,2022-08-01,2026-03-27,National Payments Corporation of India (NPCI),https://www.npci.org.in/product/ecosystem-statistics/rupay
2022-23,2022,July,7,JKB,THE JAMMU AND KASHMIR BANK,92218,0.00003,3,0,3,2022-08-01,2026-03-27,National Payments Corporation of India (NPCI),https://www.npci.org.in/product/ecosystem-statistics/rupay
2022-23,2022,July,7,KMB,KOTAK MAHINDRA BANK,1668857,0.00018,308,235,73,2022-08-01,2026-03-27,National Payments Corporation of India (NPCI),https://www.npci.org.in/product/ecosystem-statistics/rupay
2022-23,2022,July,7,KTB,KARNATAKA BANK,0,0,0,0,0,2022-08-01,2026-03-27,National Payments Corporation of India (NPCI),https://www.npci.org.in/product/ecosystem-statistics/rupay
2022-23,2022,July,7,KVB,KARUR VYSYA BANK,285670,0.00004,10,8,2,2022-08-01,2026-03-27,National Payments Corporation of India (NPCI),https://www.npci.org.in/product/ecosystem-statistics/rupay
2022-23,2022,July,7,MIT,PUNJAB NATIONAL BANK,1197693,0.00038,456,450,6,2022-08-01,2026-03-27,National Payments Corporation of India (NPCI),https://www.npci.org.in/product/ecosystem-statistics/rupay
2022-23,2022,July,7,NSD,NSDL PAYMENTS BANK LTD,180,0,0,0,0,2022-08-01,2026-03-27,National Payments Corporation of India (NPCI),https://www.npci.org.in/product/ecosystem-statistics/rupay
2022-23,2022,July,7,PYT,PAYTM PAYMENTS BANK,10829522,0.00004,423,419,4,2022-08-01,2026-03-27,National Payments Corporation of India (NPCI),https://www.npci.org.in/product/ecosystem-statistics/rupay
2022-23,2022,July,7,RBL,RATNAKAR BANK,9388505,0.00008,723,579,144,2022-08-01,2026-03-27,National Payments Corporation of India (NPCI),https://www.npci.org.in/product/ecosystem-statistics/rupay
2022-23,2022,July,7,SBI,STATE BANK OF INDIA,11956644,0.00015,1797,1260,537,2022-08-01,2026-03-27,National Payments Corporation of India (NPCI),https://www.npci.org.in/product/ecosystem-statistics/rupay
2022-23,2022,July,7,SIB,THE SOUTH INDIAN BANK,535483,0.0001,54,43,11,2022-08-01,2026-03-27,National Payments Corporation of India (NPCI),https://www.npci.org.in/product/ecosystem-statistics/rupay
2022-23,2022,July,7,TJSB,THANE JANATA SAHAKARI BANK,4309,0.00046,2,0,2,2022-08-01,2026-03-27,National Payments Corporation of India (NPCI),https://www.npci.org.in/product/ecosystem-statistics/rupay
2022-23,2022,July,7,TMB,TAMILNAD MERCANTILE BANK,52136,0.00002,1,1,0,2022-08-01,2026-03-27,National Payments Corporation of India (NPCI),https://www.npci.org.in/product/ecosystem-statistics/rupay
2022-23,2022,July,7,YBL,YES BANK LIMITED,890521,0.00011,96,57,39,2022-08-01,2026-03-27,National Payments Corporation of India (NPCI),https://www.npci.org.in/product/ecosystem-statistics/rupay
2022-23,2022,August,8,AXB,AXIS BANK,11516182,0.00021,2423,1678,745,2022-09-01,2026-03-27,National Payments Corporation of India (NPCI),https://www.npci.org.in/product/ecosystem-statistics/rupay
2022-23,2022,August,8,BBF,BANK OF BARODA,1152668,0.00014,162,110,52,2022-09-01,2026-03-27,National Payments Corporation of India (NPCI),https://www.npci.org.in/product/ecosystem-statistics/rupay
2022-23,2022,August,8,BDN,BANDHAN BANK,211391,0.00002,4,3,1,2022-09-01,2026-03-27,National Payments Corporation of India (NPCI),https://www.npci.org.in/product/ecosystem-statistics/rupay
2022-23,2022,August,8,BOI,BANK OF INDIA,345885,0.00003,12,3,9,2022-09-01,2026-03-27,National Payments Corporation of India (NPCI),https://www.npci.org.in/product/ecosystem-statistics/rupay
2022-23,2022,August,8,BOM,BANK OF MAHARASHTRA,28408,0.00004,1,1,0,2022-09-01,2026-03-27,National Payments Corporation of India (NPCI),https://www.npci.org.in/product/ecosystem-statistics/rupay
2022-23,2022,August,8,CBI,CENTRAL BANK OF INDIA,52040,0.00006,3,0,3,2022-09-01,2026-03-27,National Payments Corporation of India (NPCI),https://www.npci.org.in/product/ecosystem-statistics/rupay
2022-23,2022,August,8,CNB,CANARA BANK,602821,0.00007,41,34,7,2022-09-01,2026-03-27,National Payments Corporation of India (NPCI),https://www.npci.org.in/product/ecosystem-statistics/rupay
2022-23,2022,August,8,CRB,UNION BANK OF INDIA,8217754,0.00018,1519,1082,437,2022-09-01,2026-03-27,National Payments Corporation of India (NPCI),https://www.npci.org.in/product/ecosystem-statistics/rupay
2022-23,2022,August,8,CSB,CSB BANK,0,0,0,0,0,2022-09-01,2026-03-27,National Payments Corporation of India (NPCI),https://www.npci.org.in/product/ecosystem-statistics/rupay
2022-23,2022,August,8,CUB,CITY UNION BANK,373957,0.0001,36,25,11,2022-09-01,2026-03-27,National Payments Corporation of India (NPCI),https://www.npci.org.in/product/ecosystem-statistics/rupay
2022-23,2022,August,8,DBS,DBS BANK INDIA LTD,0,0,0,0,0,2022-09-01,2026-03-27,National Payments Corporation of India (NPCI),https://www.npci.org.in/product/ecosystem-statistics/rupay
2022-23,2022,August,8,DCB,DCB BANK,0,0,0,0,0,2022-09-01,2026-03-27,National Payments Corporation of India (NPCI),https://www.npci.org.in/product/ecosystem-statistics/rupay
2022-23,2022,August,8,ESF,EQUITAS SMALL FINANCE BANK,554767,0.00002,13,12,1,2022-09-01,2026-03-27,National Payments Corporation of India (NPCI),https://www.npci.org.in/product/ecosystem-statistics/rupay
2022-23,2022,August,8,FBL,THE FEDERAL BANK,871401,0.00008,69,48,21,2022-09-01,2026-03-27,National Payments Corporation of India (NPCI),https://www.npci.org.in/product/ecosystem-statistics/rupay
2022-23,2022,August,8,HDF,HDFC BANK,43952334,0.0001,4582,3098,1484,2022-09-01,2026-03-27,National Payments Corporation of India (NPCI),https://www.npci.org.in/product/ecosystem-statistics/rupay
2022-23,2022,August,8,ICI,ICICI BANK,18528840,0.00018,3380,3040,340,2022-09-01,2026-03-27,National Payments Corporation of India (NPCI),https://www.npci.org.in/product/ecosystem-statistics/rupay
2022-23,2022,August,8,IDB,IDBI BANK,355015,0.00008,29,13,16,2022-09-01,2026-03-27,National Payments Corporation of India (NPCI),https://www.npci.org.in/product/ecosystem-statistics/rupay
2022-23,2022,August,8,IDF,IDFC FIRST BANK,253549,0.00009,23,15,8,2022-09-01,2026-03-27,National Payments Corporation of India (NPCI),https://www.npci.org.in/product/ecosystem-statistics/rupay
2022-23,2022,August,8,IIB,INDUSIND BANK,2871852,0.00005,155,76,79,2022-09-01,2026-03-27,National Payments Corporation of India (NPCI),https://www.npci.org.in/product/ecosystem-statistics/rupay
2022-23,2022,August,8,INB,INDIAN BANK,305391,0.00001,3,3,0,2022-09-01,2026-03-27,National Payments Corporation of India (NPCI),https://www.npci.org.in/product/ecosystem-statistics/rupay
2022-23,2022,August,8,JKB,THE JAMMU AND KASHMIR BANK,83118,0.00004,3,1,2,2022-09-01,2026-03-27,National Payments Corporation of India (NPCI),https://www.npci.org.in/product/ecosystem-statistics/rupay
2022-23,2022,August,8,KMB,KOTAK MAHINDRA BANK,1896992,0.00015,283,218,65,2022-09-01,2026-03-27,National Payments Corporation of India (NPCI),https://www.npci.org.in/product/ecosystem-statistics/rupay
2022-23,2022,August,8,KTB,KARNATAKA BANK,0,0,0,0,0,2022-09-01,2026-03-27,National Payments Corporation of India (NPCI),https://www.npci.org.in/product/ecosystem-statistics/rupay
2022-23,2022,August,8,KVB,KARUR VYSYA BANK,341922,0.00002,8,8,0,2022-09-01,2026-03-27,National Payments Corporation of India (NPCI),https://www.npci.org.in/product/ecosystem-statistics/rupay
2022-23,2022,August,8,MIT,PUNJAB NATIONAL BANK,1067633,0.00022,234,226,8,2022-09-01,2026-03-27,National Payments Corporation of India (NPCI),https://www.npci.org.in/product/ecosystem-statistics/rupay
2022-23,2022,August,8,NSD,NSDL PAYMENTS BANK LTD,171,0,0,0,0,2022-09-01,2026-03-27,National Payments Corporation of India (NPCI),https://www.npci.org.in/product/ecosystem-statistics/rupay
2022-23,2022,August,8,PYT,PAYTM PAYMENTS BANK,10993306,0.00004,415,410,5,2022-09-01,2026-03-27,National Payments Corporation of India (NPCI),https://www.npci.org.in/product/ecosystem-statistics/rupay
2022-23,2022,August,8,RBL,RATNAKAR BANK,8755422,0.00007,651,498,153,2022-09-01,2026-03-27,National Payments Corporation of India (NPCI),https://www.npci.org.in/product/ecosystem-statistics/rupay
2022-23,2022,August,8,SBI,STATE BANK OF INDIA,11691159,0.00015,1714,1106,608,2022-09-01,2026-03-27,National Payments Corporation of India (NPCI),https://www.npci.org.in/product/ecosystem-statistics/rupay
2022-23,2022,August,8,SIB,THE SOUTH INDIAN BANK,560785,0.00006,33,22,11,2022-09-01,2026-03-27,National Payments Corporation of India (NPCI),https://www.npci.org.in/product/ecosystem-statistics/rupay
2022-23,2022,August,8,TJSB,THANE JANATA SAHAKARI BANK,4537,0.00198,9,2,7,2022-09-01,2026-03-27,National Payments Corporation of India (NPCI),https://www.npci.org.in/product/ecosystem-statistics/rupay
2022-23,2022,August,8,TMB,TAMILNAD MERCANTILE BANK,49729,0,0,0,0,2022-09-01,2026-03-27,National Payments Corporation of India (NPCI),https://www.npci.org.in/product/ecosystem-statistics/rupay
2022-23,2022,August,8,YBL,YES BANK LIMITED,890563,0.00008,68,44,24,2022-09-01,2026-03-27,National Payments Corporation of India (NPCI),https://www.npci.org.in/product/ecosystem-statistics/rupay
2022-23,2022,September,9,AXB,AXIS BANK,10114793,0.0002,2021,1490,531,2022-10-01,2026-03-27,National Payments Corporation of India (NPCI),https://www.npci.org.in/product/ecosystem-statistics/rupay
2022-23,2022,September,9,BBF,BANK OF BARODA,1030615,0.00016,162,99,63,2022-10-01,2026-03-27,National Payments Corporation of India (NPCI),https://www.npci.org.in/product/ecosystem-statistics/rupay
2022-23,2022,September,9,BDN,BANDHAN BANK,190349,0.00005,10,10,0,2022-10-01,2026-03-27,National Payments Corporation of India (NPCI),https://www.npci.org.in/product/ecosystem-statistics/rupay
2022-23,2022,September,9,BOI,BANK OF INDIA,343185,0.00002,8,6,2,2022-10-01,2026-03-27,National Payments Corporation of India (NPCI),https://www.npci.org.in/product/ecosystem-statistics/rupay
2022-23,2022,September,9,BOM,BANK OF MAHARASHTRA,25938,0,0,0,0,2022-10-01,2026-03-27,National Payments Corporation of India (NPCI),https://www.npci.org.in/product/ecosystem-statistics/rupay
2022-23,2022,September,9,CBI,CENTRAL BANK OF INDIA,50632,0.00002,1,1,0,2022-10-01,2026-03-27,National Payments Corporation of India (NPCI),https://www.npci.org.in/product/ecosystem-statistics/rupay
2022-23,2022,September,9,CNB,CANARA BANK,589919,0.00006,34,28,6,2022-10-01,2026-03-27,National Payments Corporation of India (NPCI),https://www.npci.org.in/product/ecosystem-statistics/rupay
2022-23,2022,September,9,CRB,UNION BANK OF INDIA,8973343,0.00021,1846,1389,457,2022-10-01,2026-03-27,National Payments Corporation of India (NPCI),https://www.npci.org.in/product/ecosystem-statistics/rupay
2022-23,2022,September,9,CSB,CSB BANK,1,0,0,0,0,2022-10-01,2026-03-27,National Payments Corporation of India (NPCI),https://www.npci.org.in/product/ecosystem-statistics/rupay
2022-23,2022,September,9,CUB,CITY UNION BANK,348354,0.00005,18,9,9,2022-10-01,2026-03-27,National Payments Corporation of India (NPCI),https://www.npci.org.in/product/ecosystem-statistics/rupay
2022-23,2022,September,9,DBS,DBS BANK INDIA LTD,0,0,0,0,0,2022-10-01,2026-03-27,National Payments Corporation of India (NPCI),https://www.npci.org.in/product/ecosystem-statistics/rupay
2022-23,2022,September,9,DCB,DCB BANK,0,0,0,0,0,2022-10-01,2026-03-27,National Payments Corporation of India (NPCI),https://www.npci.org.in/product/ecosystem-statistics/rupay
2022-23,2022,September,9,ESF,EQUITAS SMALL FINANCE BANK,533234,0.00004,20,16,4,2022-10-01,2026-03-27,National Payments Corporation of India (NPCI),https://www.npci.org.in/product/ecosystem-statistics/rupay
2022-23,2022,September,9,FBL,THE FEDERAL BANK,830503,0.00008,68,41,27,2022-10-01,2026-03-27,National Payments Corporation of India (NPCI),https://www.npci.org.in/product/ecosystem-statistics/rupay
2022-23,2022,September,9,HDF,HDFC BANK,46230691,0.0001,4717,3127,1590,2022-10-01,2026-03-27,National Payments Corporation of India (NPCI),https://www.npci.org.in/product/ecosystem-statistics/rupay
2022-23,2022,September,9,ICI,ICICI BANK,18030152,0.00035,6260,5979,281,2022-10-01,2026-03-27,National Payments Corporation of India (NPCI),https://www.npci.org.in/product/ecosystem-statistics/rupay
2022-23,2022,September,9,IDB,IDBI BANK,343869,0.00008,27,14,13,2022-10-01,2026-03-27,National Payments Corporation of India (NPCI),https://www.npci.org.in/product/ecosystem-statistics/rupay
2022-23,2022,September,9,IDF,IDFC FIRST BANK,245561,0.00004,11,6,5,2022-10-01,2026-03-27,National Payments Corporation of India (NPCI),https://www.npci.org.in/product/ecosystem-statistics/rupay
2022-23,2022,September,9,IIB,INDUSIND BANK,2771664,0.00007,202,80,122,2022-10-01,2026-03-27,National Payments Corporation of India (NPCI),https://www.npci.org.in/product/ecosystem-statistics/rupay
2022-23,2022,September,9,INB,INDIAN BANK,286785,0.00004,11,9,2,2022-10-01,2026-03-27,National Payments Corporation of India (NPCI),https://www.npci.org.in/product/ecosystem-statistics/rupay
2022-23,2022,September,9,JKB,THE JAMMU AND KASHMIR BANK,81108,0.00001,1,0,1,2022-10-01,2026-03-27,National Payments Corporation of India (NPCI),https://www.npci.org.in/product/ecosystem-statistics/rupay
2022-23,2022,September,9,KMB,KOTAK MAHINDRA BANK,2069893,0.00018,380,308,72,2022-10-01,2026-03-27,National Payments Corporation of India (NPCI),https://www.npci.org.in/product/ecosystem-statistics/rupay
2022-23,2022,September,9,KTB,KARNATAKA BANK,0,0,0,0,0,2022-10-01,2026-03-27,National Payments Corporation of India (NPCI),https://www.npci.org.in/product/ecosystem-statistics/rupay
2022-23,2022,September,9,KVB,KARUR VYSYA BANK,302969,0.00002,6,5,1,2022-10-01,2026-03-27,National Payments Corporation of India (NPCI),https://www.npci.org.in/product/ecosystem-statistics/rupay
2022-23,2022,September,9,MIT,PUNJAB NATIONAL BANK,1046411,0.00008,86,83,3,2022-10-01,2026-03-27,National Payments Corporation of India (NPCI),https://www.npci.org.in/product/ecosystem-statistics/rupay
2022-23,2022,September,9,NSD,NSDL PAYMENTS BANK LTD,202,0,0,0,0,2022-10-01,2026-03-27,National Payments Corporation of India (NPCI),https://www.npci.org.in/product/ecosystem-statistics/rupay
2022-23,2022,September,9,PYT,PAYTM PAYMENTS BANK,8298801,0.00003,270,264,6,2022-10-01,2026-03-27,National Payments Corporation of India (NPCI),https://www.npci.org.in/product/ecosystem-statistics/rupay
2022-23,2022,September,9,RBL,RATNAKAR BANK,8990527,0.0001,923,711,212,2022-10-01,2026-03-27,National Payments Corporation of India (NPCI),https://www.npci.org.in/product/ecosystem-statistics/rupay
2022-23,2022,September,9,SBI,STATE BANK OF INDIA,11147939,0.00013,1395,875,520,2022-10-01,2026-03-27,National Payments Corporation of India (NPCI),https://www.npci.org.in/product/ecosystem-statistics/rupay
2022-23,2022,September,9,SIB,THE SOUTH INDIAN BANK,541739,0.00006,32,26,6,2022-10-01,2026-03-27,National Payments Corporation of India (NPCI),https://www.npci.org.in/product/ecosystem-statistics/rupay
2022-23,2022,September,9,TJSB,THANE JANATA SAHAKARI BANK,3032,0.00297,9,7,2,2022-10-01,2026-03-27,National Payments Corporation of India (NPCI),https://www.npci.org.in/product/ecosystem-statistics/rupay
2022-23,2022,September,9,TMB,TAMILNAD MERCANTILE BANK,48552,0.00002,1,1,0,2022-10-01,2026-03-27,National Payments Corporation of India (NPCI),https://www.npci.org.in/product/ecosystem-statistics/rupay
2022-23,2022,September,9,YBL,YES BANK LIMITED,857424,0.00013,115,92,23,2022-10-01,2026-03-27,National Payments Corporation of India (NPCI),https://www.npci.org.in/product/ecosystem-statistics/rupay
2022-23,2022,October,10,AXB,AXIS BANK,10726436,0.00016,1720,1351,369,2022-11-01,2026-03-27,National Payments Corporation of India (NPCI),https://www.npci.org.in/product/ecosystem-statistics/rupay
2022-23,2022,October,10,BBF,BANK OF BARODA,861582,0.0002,170,121,49,2022-11-01,2026-03-27,National Payments Corporation of India (NPCI),https://www.npci.org.in/product/ecosystem-statistics/rupay
2022-23,2022,October,10,BDN,BANDHAN BANK,222093,0.00004,9,8,1,2022-11-01,2026-03-27,National Payments Corporation of India (NPCI),https://www.npci.org.in/product/ecosystem-statistics/rupay
2022-23,2022,October,10,BOI,BANK OF INDIA,376417,0.00002,9,1,8,2022-11-01,2026-03-27,National Payments Corporation of India (NPCI),https://www.npci.org.in/product/ecosystem-statistics/rupay
2022-23,2022,October,10,BOM,BANK OF MAHARASHTRA,33772,0.00003,1,1,0,2022-11-01,2026-03-27,National Payments Corporation of India (NPCI),https://www.npci.org.in/product/ecosystem-statistics/rupay
2022-23,2022,October,10,CBI,CENTRAL BANK OF INDIA,53693,0.00004,2,0,2,2022-11-01,2026-03-27,National Payments Corporation of India (NPCI),https://www.npci.org.in/product/ecosystem-statistics/rupay
2022-23,2022,October,10,CNB,CANARA BANK,606052,0.00011,67,56,11,2022-11-01,2026-03-27,National Payments Corporation of India (NPCI),https://www.npci.org.in/product/ecosystem-statistics/rupay
2022-23,2022,October,10,CRB,UNION BANK OF INDIA,8118068,0.00025,2038,1488,550,2022-11-01,2026-03-27,National Payments Corporation of India (NPCI),https://www.npci.org.in/product/ecosystem-statistics/rupay
2022-23,2022,October,10,CSB,CSB BANK,2,0,0,0,0,2022-11-01,2026-03-27,National Payments Corporation of India (NPCI),https://www.npci.org.in/product/ecosystem-statistics/rupay
2022-23,2022,October,10,CUB,CITY UNION BANK,460827,0.00008,35,24,11,2022-11-01,2026-03-27,National Payments Corporation of India (NPCI),https://www.npci.org.in/product/ecosystem-statistics/rupay
2022-23,2022,October,10,DBS,DBS BANK INDIA LTD,1,0,0,0,0,2022-11-01,2026-03-27,National Payments Corporation of India (NPCI),https://www.npci.org.in/product/ecosystem-statistics/rupay
2022-23,2022,October,10,DCB,DCB BANK,0,0,0,0,0,2022-11-01,2026-03-27,National Payments Corporation of India (NPCI),https://www.npci.org.in/product/ecosystem-statistics/rupay
2022-23,2022,October,10,ESF,EQUITAS SMALL FINANCE BANK,609483,0.00003,20,17,3,2022-11-01,2026-03-27,National Payments Corporation of India (NPCI),https://www.npci.org.in/product/ecosystem-statistics/rupay
2022-23,2022,October,10,FBL,THE FEDERAL BANK,834868,0.0001,80,48,32,2022-11-01,2026-03-27,National Payments Corporation of India (NPCI),https://www.npci.org.in/product/ecosystem-statistics/rupay
2022-23,2022,October,10,HDF,HDFC BANK,48195242,0.0001,4982,2968,2014,2022-11-01,2026-03-27,National Payments Corporation of India (NPCI),https://www.npci.org.in/product/ecosystem-statistics/rupay
2022-23,2022,October,10,ICI,ICICI BANK,17279906,0.00009,1614,1340,274,2022-11-01,2026-03-27,National Payments Corporation of India (NPCI),https://www.npci.org.in/product/ecosystem-statistics/rupay
2022-23,2022,October,10,IDB,IDBI BANK,391988,0.00007,28,16,12,2022-11-01,2026-03-27,National Payments Corporation of India (NPCI),https://www.npci.org.in/product/ecosystem-statistics/rupay
2022-23,2022,October,10,IDF,IDFC FIRST BANK,281975,0.00006,17,6,11,2022-11-01,2026-03-27,National Payments Corporation of India (NPCI),https://www.npci.org.in/product/ecosystem-statistics/rupay
2022-23,2022,October,10,IIB,INDUSIND BANK,2944300,0.0001,294,74,220,2022-11-01,2026-03-27,National Payments Corporation of India (NPCI),https://www.npci.org.in/product/ecosystem-statistics/rupay
2022-23,2022,October,10,INB,INDIAN BANK,308967,0.00002,7,6,1,2022-11-01,2026-03-27,National Payments Corporation of India (NPCI),https://www.npci.org.in/product/ecosystem-statistics/rupay
2022-23,2022,October,10,JKB,THE JAMMU AND KASHMIR BANK,86484,0.00002,2,0,2,2022-11-01,2026-03-27,National Payments Corporation of India (NPCI),https://www.npci.org.in/product/ecosystem-statistics/rupay
2022-23,2022,October,10,KMB,KOTAK MAHINDRA BANK,1881996,0.00013,243,182,61,2022-11-01,2026-03-27,National Payments Corporation of India (NPCI),https://www.npci.org.in/product/ecosystem-statistics/rupay
2022-23,2022,October,10,KTB,KARNATAKA BANK,0,0,0,0,0,2022-11-01,2026-03-27,National Payments Corporation of India (NPCI),https://www.npci.org.in/product/ecosystem-statistics/rupay
2022-23,2022,October,10,KVB,KARUR VYSYA BANK,376078,0.00003,11,10,1,2022-11-01,2026-03-27,National Payments Corporation of India (NPCI),https://www.npci.org.in/product/ecosystem-statistics/rupay
2022-23,2022,October,10,MIT,PUNJAB NATIONAL BANK,1116694,0.0001,107,94,13,2022-11-01,2026-03-27,National Payments Corporation of India (NPCI),https://www.npci.org.in/product/ecosystem-statistics/rupay
2022-23,2022,October,10,NSD,NSDL PAYMENTS BANK LTD,13,0,0,0,0,2022-11-01,2026-03-27,National Payments Corporation of India (NPCI),https://www.npci.org.in/product/ecosystem-statistics/rupay
2022-23,2022,October,10,PYT,PAYTM PAYMENTS BANK,10021311,0.00002,225,223,2,2022-11-01,2026-03-27,National Payments Corporation of India (NPCI),https://www.npci.org.in/product/ecosystem-statistics/rupay
2022-23,2022,October,10,RBL,RATNAKAR BANK,8893020,0.00007,636,503,133,2022-11-01,2026-03-27,National Payments Corporation of India (NPCI),https://www.npci.org.in/product/ecosystem-statistics/rupay
2022-23,2022,October,10,SBI,STATE BANK OF INDIA,11579010,0.00013,1520,1097,423,2022-11-01,2026-03-27,National Payments Corporation of India (NPCI),https://www.npci.org.in/product/ecosystem-statistics/rupay
2022-23,2022,October,10,SIB,THE SOUTH INDIAN BANK,547648,0.00006,31,25,6,2022-11-01,2026-03-27,National Payments Corporation of India (NPCI),https://www.npci.org.in/product/ecosystem-statistics/rupay
2022-23,2022,October,10,TJSB,THANE JANATA SAHAKARI BANK,2745,0.00036,1,1,0,2022-11-01,2026-03-27,National Payments Corporation of India (NPCI),https://www.npci.org.in/product/ecosystem-statistics/rupay
2022-23,2022,October,10,TMB,TAMILNAD MERCANTILE BANK,57980,0.00002,1,1,0,2022-11-01,2026-03-27,National Payments Corporation of India (NPCI),https://www.npci.org.in/product/ecosystem-statistics/rupay
2022-23,2022,October,10,YBL,YES BANK LIMITED,969541,0.0001,97,59,38,2022-11-01,2026-03-27,National Payments Corporation of India (NPCI),https://www.npci.org.in/product/ecosystem-statistics/rupay
2022-23,2022,November,11,AXB,AXIS BANK,9482064,0.00026,2501,1934,567,2022-12-01,2026-03-27,National Payments Corporation of India (NPCI),https://www.npci.org.in/product/ecosystem-statistics/rupay
2022-23,2022,November,11,BBF,BANK OF BARODA,788451,0.00027,211,150,61,2022-12-01,2026-03-27,National Payments Corporation of India (NPCI),https://www.npci.org.in/product/ecosystem-statistics/rupay
2022-23,2022,November,11,BDN,BANDHAN BANK,177138,0.00002,4,4,0,2022-12-01,2026-03-27,National Payments Corporation of India (NPCI),https://www.npci.org.in/product/ecosystem-statistics/rupay
2022-23,2022,November,11,BOI,BANK OF INDIA,340162,0.00003,11,4,7,2022-12-01,2026-03-27,National Payments Corporation of India (NPCI),https://www.npci.org.in/product/ecosystem-statistics/rupay
2022-23,2022,November,11,BOM,BANK OF MAHARASHTRA,27013,0.00007,2,2,0,2022-12-01,2026-03-27,National Payments Corporation of India (NPCI),https://www.npci.org.in/product/ecosystem-statistics/rupay
2022-23,2022,November,11,CBI,CENTRAL BANK OF INDIA,57499,0.0001,6,6,0,2022-12-01,2026-03-27,National Payments Corporation of India (NPCI),https://www.npci.org.in/product/ecosystem-statistics/rupay
2022-23,2022,November,11,CNB,CANARA BANK,521415,0.00011,55,44,11,2022-12-01,2026-03-27,National Payments Corporation of India (NPCI),https://www.npci.org.in/product/ecosystem-statistics/rupay
2022-23,2022,November,11,CRB,UNION BANK OF INDIA,7077982,0.00033,2367,1627,740,2022-12-01,2026-03-27,National Payments Corporation of India (NPCI),https://www.npci.org.in/product/ecosystem-statistics/rupay
2022-23,2022,November,11,CSB,CSB BANK,0,0,0,0,0,2022-12-01,2026-03-27,National Payments Corporation of India (NPCI),https://www.npci.org.in/product/ecosystem-statistics/rupay
2022-23,2022,November,11,CUB,CITY UNION BANK,321241,0.00011,34,27,7,2022-12-01,2026-03-27,National Payments Corporation of India (NPCI),https://www.npci.org.in/product/ecosystem-statistics/rupay
2022-23,2022,November,11,DBS,DBS BANK INDIA LTD,96,0,0,0,0,2022-12-01,2026-03-27,National Payments Corporation of India (NPCI),https://www.npci.org.in/product/ecosystem-statistics/rupay
2022-23,2022,November,11,DCB,DCB BANK,0,0,0,0,0,2022-12-01,2026-03-27,National Payments Corporation of India (NPCI),https://www.npci.org.in/product/ecosystem-statistics/rupay
2022-23,2022,November,11,ESF,EQUITAS SMALL FINANCE BANK,546288,0.00005,27,27,0,2022-12-01,2026-03-27,National Payments Corporation of India (NPCI),https://www.npci.org.in/product/ecosystem-statistics/rupay
2022-23,2022,November,11,FBL,THE FEDERAL BANK,778271,0.00009,72,56,16,2022-12-01,2026-03-27,National Payments Corporation of India (NPCI),https://www.npci.org.in/product/ecosystem-statistics/rupay
2022-23,2022,November,11,HDF,HDFC BANK,45699660,0.00012,5457,3296,2161,2022-12-01,2026-03-27,National Payments Corporation of India (NPCI),https://www.npci.org.in/product/ecosystem-statistics/rupay
2022-23,2022,November,11,ICI,ICICI BANK,15716756,0.00019,2987,2210,777,2022-12-01,2026-03-27,National Payments Corporation of India (NPCI),https://www.npci.org.in/product/ecosystem-statistics/rupay
2022-23,2022,November,11,IDB,IDBI BANK,336965,0.00009,30,18,12,2022-12-01,2026-03-27,National Payments Corporation of India (NPCI),https://www.npci.org.in/product/ecosystem-statistics/rupay
2022-23,2022,November,11,IDF,IDFC FIRST BANK,239168,0.00011,26,11,15,2022-12-01,2026-03-27,National Payments Corporation of India (NPCI),https://www.npci.org.in/product/ecosystem-statistics/rupay
2022-23,2022,November,11,IIB,INDUSIND BANK,2731645,0.00021,587,94,493,2022-12-01,2026-03-27,National Payments Corporation of India (NPCI),https://www.npci.org.in/product/ecosystem-statistics/rupay
2022-23,2022,November,11,INB,INDIAN BANK,258336,0.00004,10,10,0,2022-12-01,2026-03-27,National Payments Corporation of India (NPCI),https://www.npci.org.in/product/ecosystem-statistics/rupay
2022-23,2022,November,11,JKB,THE JAMMU AND KASHMIR BANK,76663,0.00008,6,2,4,2022-12-01,2026-03-27,National Payments Corporation of India (NPCI),https://www.npci.org.in/product/ecosystem-statistics/rupay
2022-23,2022,November,11,KMB,KOTAK MAHINDRA BANK,1612639,0.00023,371,245,126,2022-12-01,2026-03-27,National Payments Corporation of India (NPCI),https://www.npci.org.in/product/ecosystem-statistics/rupay
2022-23,2022,November,11,KTB,KARNATAKA BANK,0,0,0,0,0,2022-12-01,2026-03-27,National Payments Corporation of India (NPCI),https://www.npci.org.in/product/ecosystem-statistics/rupay
2022-23,2022,November,11,KVB,KARUR VYSYA BANK,270708,0.00005,14,12,2,2022-12-01,2026-03-27,National Payments Corporation of India (NPCI),https://www.npci.org.in/product/ecosystem-statistics/rupay
2022-23,2022,November,11,MIT,PUNJAB NATIONAL BANK,1178677,0.00013,149,136,13,2022-12-01,2026-03-27,National Payments Corporation of India (NPCI),https://www.npci.org.in/product/ecosystem-statistics/rupay
2022-23,2022,November,11,NSD,NSDL PAYMENTS BANK LTD,15,0,0,0,0,2022-12-01,2026-03-27,National Payments Corporation of India (NPCI),https://www.npci.org.in/product/ecosystem-statistics/rupay
2022-23,2022,November,11,PYT,PAYTM PAYMENTS BANK,5328424,0.00005,278,244,34,2022-12-01,2026-03-27,National Payments Corporation of India (NPCI),https://www.npci.org.in/product/ecosystem-statistics/rupay
2022-23,2022,November,11,RBL,RATNAKAR BANK,8199389,0.00008,677,541,136,2022-12-01,2026-03-27,National Payments Corporation of India (NPCI),https://www.npci.org.in/product/ecosystem-statistics/rupay
2022-23,2022,November,11,SBI,STATE BANK OF INDIA,10913417,0.00012,1303,895,408,2022-12-01,2026-03-27,National Payments Corporation of India (NPCI),https://www.npci.org.in/product/ecosystem-statistics/rupay
2022-23,2022,November,11,SIB,THE SOUTH INDIAN BANK,514578,0.00006,31,24,7,2022-12-01,2026-03-27,National Payments Corporation of India (NPCI),https://www.npci.org.in/product/ecosystem-statistics/rupay
2022-23,2022,November,11,TJSB,THANE JANATA SAHAKARI BANK,3186,0.00094,3,3,0,2022-12-01,2026-03-27,National Payments Corporation of India (NPCI),https://www.npci.org.in/product/ecosystem-statistics/rupay
2022-23,2022,November,11,TMB,TAMILNAD MERCANTILE BANK,48574,0.00002,1,1,0,2022-12-01,2026-03-27,National Payments Corporation of India (NPCI),https://www.npci.org.in/product/ecosystem-statistics/rupay
2022-23,2022,November,11,YBL,YES BANK LIMITED,930719,0.00024,225,181,44,2022-12-01,2026-03-27,National Payments Corporation of India (NPCI),https://www.npci.org.in/product/ecosystem-statistics/rupay
2022-23,2022,December,12,AXB,AXIS BANK,10075693,0.00019,1904,1280,624,2023-01-01,2026-03-27,National Payments Corporation of India (NPCI),https://www.npci.org.in/product/ecosystem-statistics/rupay
2022-23,2022,December,12,BBF,BANK OF BARODA,797067,0.00021,168,108,60,2023-01-01,2026-03-27,National Payments Corporation of India (NPCI),https://www.npci.org.in/product/ecosystem-statistics/rupay
2022-23,2022,December,12,BDN,BANDHAN BANK,178545,0.00003,6,6,0,2023-01-01,2026-03-27,National Payments Corporation of India (NPCI),https://www.npci.org.in/product/ecosystem-statistics/rupay
2022-23,2022,December,12,BOI,BANK OF INDIA,377737,0.00004,15,4,11,2023-01-01,2026-03-27,National Payments Corporation of India (NPCI),https://www.npci.org.in/product/ecosystem-statistics/rupay
2022-23,2022,December,12,BOM,BANK OF MAHARASHTRA,25699,0.00008,2,1,1,2023-01-01,2026-03-27,National Payments Corporation of India (NPCI),https://www.npci.org.in/product/ecosystem-statistics/rupay
2022-23,2022,December,12,CBI,CENTRAL BANK OF INDIA,60066,0.00003,2,2,0,2023-01-01,2026-03-27,National Payments Corporation of India (NPCI),https://www.npci.org.in/product/ecosystem-statistics/rupay
2022-23,2022,December,12,CNB,CANARA BANK,561166,0.00006,36,26,10,2023-01-01,2026-03-27,National Payments Corporation of India (NPCI),https://www.npci.org.in/product/ecosystem-statistics/rupay
2022-23,2022,December,12,CRB,UNION BANK OF INDIA,5858268,0.00054,3189,1615,1574,2023-01-01,2026-03-27,National Payments Corporation of India (NPCI),https://www.npci.org.in/product/ecosystem-statistics/rupay
2022-23,2022,December,12,CSB,CSB BANK,2,0,0,0,0,2023-01-01,2026-03-27,National Payments Corporation of India (NPCI),https://www.npci.org.in/product/ecosystem-statistics/rupay
2022-23,2022,December,12,CUB,CITY UNION BANK,370525,0.00006,22,8,14,2023-01-01,2026-03-27,National Payments Corporation of India (NPCI),https://www.npci.org.in/product/ecosystem-statistics/rupay
2022-23,2022,December,12,DBS,DBS BANK INDIA LTD,1386,0,0,0,0,2023-01-01,2026-03-27,National Payments Corporation of India (NPCI),https://www.npci.org.in/product/ecosystem-statistics/rupay
2022-23,2022,December,12,DCB,DCB BANK,0,0,0,0,0,2023-01-01,2026-03-27,National Payments Corporation of India (NPCI),https://www.npci.org.in/product/ecosystem-statistics/rupay
2022-23,2022,December,12,ESF,EQUITAS SMALL FINANCE BANK,618115,0.00003,17,16,1,2023-01-01,2026-03-27,National Payments Corporation of India (NPCI),https://www.npci.org.in/product/ecosystem-statistics/rupay
2022-23,2022,December,12,FBL,THE FEDERAL BANK,795893,0.00012,98,71,27,2023-01-01,2026-03-27,National Payments Corporation of India (NPCI),https://www.npci.org.in/product/ecosystem-statistics/rupay
2022-23,2022,December,12,HDF,HDFC BANK,48563773,0.00009,4245,2507,1738,2023-01-01,2026-03-27,National Payments Corporation of India (NPCI),https://www.npci.org.in/product/ecosystem-statistics/rupay
2022-23,2022,December,12,ICI,ICICI BANK,16749702,0.00011,1907,1506,401,2023-01-01,2026-03-27,National Payments Corporation of India (NPCI),https://www.npci.org.in/product/ecosystem-statistics/rupay
2022-23,2022,December,12,IDB,IDBI BANK,334070,0.00011,36,17,19,2023-01-01,2026-03-27,National Payments Corporation of India (NPCI),https://www.npci.org.in/product/ecosystem-statistics/rupay
2022-23,2022,December,12,IDF,IDFC FIRST BANK,261694,0.00007,19,9,10,2023-01-01,2026-03-27,National Payments Corporation of India (NPCI),https://www.npci.org.in/product/ecosystem-statistics/rupay
2022-23,2022,December,12,IIB,INDUSIND BANK,2994713,0.00013,400,108,292,2023-01-01,2026-03-27,National Payments Corporation of India (NPCI),https://www.npci.org.in/product/ecosystem-statistics/rupay
2022-23,2022,December,12,INB,INDIAN BANK,278108,0.00003,9,8,1,2023-01-01,2026-03-27,National Payments Corporation of India (NPCI),https://www.npci.org.in/product/ecosystem-statistics/rupay
2022-23,2022,December,12,JKB,THE JAMMU AND KASHMIR BANK,76470,0.00005,4,1,3,2023-01-01,2026-03-27,National Payments Corporation of India (NPCI),https://www.npci.org.in/product/ecosystem-statistics/rupay
2022-23,2022,December,12,KMB,KOTAK MAHINDRA BANK,1659195,0.00018,302,183,119,2023-01-01,2026-03-27,National Payments Corporation of India (NPCI),https://www.npci.org.in/product/ecosystem-statistics/rupay
2022-23,2022,December,12,KTB,KARNATAKA BANK,0,0,0,0,0,2023-01-01,2026-03-27,National Payments Corporation of India (NPCI),https://www.npci.org.in/product/ecosystem-statistics/rupay
2022-23,2022,December,12,KVB,KARUR VYSYA BANK,329268,0.00005,18,18,0,2023-01-01,2026-03-27,National Payments Corporation of India (NPCI),https://www.npci.org.in/product/ecosystem-statistics/rupay
2022-23,2022,December,12,MIT,PUNJAB NATIONAL BANK,1208349,0.00012,149,125,24,2023-01-01,2026-03-27,National Payments Corporation of India (NPCI),https://www.npci.org.in/product/ecosystem-statistics/rupay
2022-23,2022,December,12,NSD,NSDL PAYMENTS BANK LTD,26,0,0,0,0,2023-01-01,2026-03-27,National Payments Corporation of India (NPCI),https://www.npci.org.in/product/ecosystem-statistics/rupay
2022-23,2022,December,12,PYT,PAYTM PAYMENTS BANK,3773628,0.00003,128,113,15,2023-01-01,2026-03-27,National Payments Corporation of India (NPCI),https://www.npci.org.in/product/ecosystem-statistics/rupay
2022-23,2022,December,12,RBL,RATNAKAR BANK,8641933,0.00007,614,470,144,2023-01-01,2026-03-27,National Payments Corporation of India (NPCI),https://www.npci.org.in/product/ecosystem-statistics/rupay
2022-23,2022,December,12,SBI,STATE BANK OF INDIA,10838624,0.00009,953,614,339,2023-01-01,2026-03-27,National Payments Corporation of India (NPCI),https://www.npci.org.in/product/ecosystem-statistics/rupay
2022-23,2022,December,12,SIB,THE SOUTH INDIAN BANK,557288,0.00008,42,30,12,2023-01-01,2026-03-27,National Payments Corporation of India (NPCI),https://www.npci.org.in/product/ecosystem-statistics/rupay
2022-23,2022,December,12,TJSB,THANE JANATA SAHAKARI BANK,3102,0.00064,2,1,1,2023-01-01,2026-03-27,National Payments Corporation of India (NPCI),https://www.npci.org.in/product/ecosystem-statistics/rupay
2022-23,2022,December,12,TMB,TAMILNAD MERCANTILE BANK,53659,0.00007,4,4,0,2023-01-01,2026-03-27,National Payments Corporation of India (NPCI),https://www.npci.org.in/product/ecosystem-statistics/rupay
2022-23,2022,December,12,YBL,YES BANK LIMITED,1026126,0.00032,330,305,25,2023-01-01,2026-03-27,National Payments Corporation of India (NPCI),https://www.npci.org.in/product/ecosystem-statistics/rupay
2022-23,2023,January,1,AXB,AXIS BANK,9265980,0.00011,1039,760,279,2023-02-01,2026-03-27,National Payments Corporation of India (NPCI),https://www.npci.org.in/product/ecosystem-statistics/rupay
2022-23,2023,January,1,BBF,BANK OF BARODA,779236,0.0002,156,105,51,2023-02-01,2026-03-27,National Payments Corporation of India (NPCI),https://www.npci.org.in/product/ecosystem-statistics/rupay
2022-23,2023,January,1,BDN,BANDHAN BANK,161398,0.00006,10,9,1,2023-02-01,2026-03-27,National Payments Corporation of India (NPCI),https://www.npci.org.in/product/ecosystem-statistics/rupay
2022-23,2023,January,1,BOI,BANK OF INDIA,358357,0.00003,9,2,7,2023-02-01,2026-03-27,National Payments Corporation of India (NPCI),https://www.npci.org.in/product/ecosystem-statistics/rupay
2022-23,2023,January,1,BOM,BANK OF MAHARASHTRA,24764,0,0,0,0,2023-02-01,2026-03-27,National Payments Corporation of India (NPCI),https://www.npci.org.in/product/ecosystem-statistics/rupay
2022-23,2023,January,1,CBI,CENTRAL BANK OF INDIA,53793,0.00004,2,2,0,2023-02-01,2026-03-27,National Payments Corporation of India (NPCI),https://www.npci.org.in/product/ecosystem-statistics/rupay
2022-23,2023,January,1,CNB,CANARA BANK,511540,0.00014,74,26,48,2023-02-01,2026-03-27,National Payments Corporation of India (NPCI),https://www.npci.org.in/product/ecosystem-statistics/rupay
2022-23,2023,January,1,CRB,UNION BANK OF INDIA,4809266,0.00062,2990,1946,1044,2023-02-01,2026-03-27,National Payments Corporation of India (NPCI),https://www.npci.org.in/product/ecosystem-statistics/rupay
2022-23,2023,January,1,CSB,CSB BANK,1,0,0,0,0,2023-02-01,2026-03-27,National Payments Corporation of India (NPCI),https://www.npci.org.in/product/ecosystem-statistics/rupay
2022-23,2023,January,1,CUB,CITY UNION BANK,355313,0.00008,27,10,17,2023-02-01,2026-03-27,National Payments Corporation of India (NPCI),https://www.npci.org.in/product/ecosystem-statistics/rupay
2022-23,2023,January,1,DBS,DBS BANK INDIA LTD,6672,0,0,0,0,2023-02-01,2026-03-27,National Payments Corporation of India (NPCI),https://www.npci.org.in/product/ecosystem-statistics/rupay
2022-23,2023,January,1,DCB,DCB BANK,0,0,0,0,0,2023-02-01,2026-03-27,National Payments Corporation of India (NPCI),https://www.npci.org.in/product/ecosystem-statistics/rupay
2022-23,2023,January,1,ESF,EQUITAS SMALL FINANCE BANK,592978,0.00003,18,15,3,2023-02-01,2026-03-27,National Payments Corporation of India (NPCI),https://www.npci.org.in/product/ecosystem-statistics/rupay
2022-23,2023,January,1,FBL,THE FEDERAL BANK,746388,0.0001,77,51,26,2023-02-01,2026-03-27,National Payments Corporation of India (NPCI),https://www.npci.org.in/product/ecosystem-statistics/rupay
2022-23,2023,January,1,HDF,HDFC BANK,45498186,0.0001,4466,2309,2157,2023-02-01,2026-03-27,National Payments Corporation of India (NPCI),https://www.npci.org.in/product/ecosystem-statistics/rupay
2022-23,2023,January,1,ICI,ICICI BANK,14933389,0.00009,1345,1073,272,2023-02-01,2026-03-27,National Payments Corporation of India (NPCI),https://www.npci.org.in/product/ecosystem-statistics/rupay
2022-23,2023,January,1,IDB,IDBI BANK,301129,0.00008,24,15,9,2023-02-01,2026-03-27,National Payments Corporation of India (NPCI),https://www.npci.org.in/product/ecosystem-statistics/rupay
2022-23,2023,January,1,IDF,IDFC FIRST BANK,222402,0.00008,18,7,11,2023-02-01,2026-03-27,National Payments Corporation of India (NPCI),https://www.npci.org.in/product/ecosystem-statistics/rupay
2022-23,2023,January,1,IIB,INDUSIND BANK,2743376,0.00006,168,83,85,2023-02-01,2026-03-27,National Payments Corporation of India (NPCI),https://www.npci.org.in/product/ecosystem-statistics/rupay
2022-23,2023,January,1,INB,INDIAN BANK,250151,0.00004,9,6,3,2023-02-01,2026-03-27,National Payments Corporation of India (NPCI),https://www.npci.org.in/product/ecosystem-statistics/rupay
2022-23,2023,January,1,JKB,THE JAMMU AND KASHMIR BANK,65702,0.00002,1,0,1,2023-02-01,2026-03-27,National Payments Corporation of India (NPCI),https://www.npci.org.in/product/ecosystem-statistics/rupay
2022-23,2023,January,1,KMB,KOTAK MAHINDRA BANK,1857847,0.00016,292,198,94,2023-02-01,2026-03-27,National Payments Corporation of India (NPCI),https://www.npci.org.in/product/ecosystem-statistics/rupay
2022-23,2023,January,1,KTB,KARNATAKA BANK,0,0,0,0,0,2023-02-01,2026-03-27,National Payments Corporation of India (NPCI),https://www.npci.org.in/product/ecosystem-statistics/rupay
2022-23,2023,January,1,KVB,KARUR VYSYA BANK,319678,0.00003,10,10,0,2023-02-01,2026-03-27,National Payments Corporation of India (NPCI),https://www.npci.org.in/product/ecosystem-statistics/rupay
2022-23,2023,January,1,MIT,PUNJAB NATIONAL BANK,1236327,0.00018,217,208,9,2023-02-01,2026-03-27,National Payments Corporation of India (NPCI),https://www.npci.org.in/product/ecosystem-statistics/rupay
2022-23,2023,January,1,NSD,NSDL PAYMENTS BANK LTD,8,0,0,0,0,2023-02-01,2026-03-27,National Payments Corporation of India (NPCI),https://www.npci.org.in/product/ecosystem-statistics/rupay
2022-23,2023,January,1,PYT,PAYTM PAYMENTS BANK,3864945,0.00006,239,227,12,2023-02-01,2026-03-27,National Payments Corporation of India (NPCI),https://www.npci.org.in/product/ecosystem-statistics/rupay
2022-23,2023,January,1,RBL,RATNAKAR BANK,7075068,0.00009,614,453,161,2023-02-01,2026-03-27,National Payments Corporation of India (NPCI),https://www.npci.org.in/product/ecosystem-statistics/rupay
2022-23,2023,January,1,SBI,STATE BANK OF INDIA,10637892,0.00009,932,602,330,2023-02-01,2026-03-27,National Payments Corporation of India (NPCI),https://www.npci.org.in/product/ecosystem-statistics/rupay
2022-23,2023,January,1,SIB,THE SOUTH INDIAN BANK,512632,0.00009,48,34,14,2023-02-01,2026-03-27,National Payments Corporation of India (NPCI),https://www.npci.org.in/product/ecosystem-statistics/rupay
2022-23,2023,January,1,TJSB,THANE JANATA SAHAKARI BANK,2548,0,0,0,0,2023-02-01,2026-03-27,National Payments Corporation of India (NPCI),https://www.npci.org.in/product/ecosystem-statistics/rupay
2022-23,2023,January,1,TMB,TAMILNAD MERCANTILE BANK,54722,0.00005,3,2,1,2023-02-01,2026-03-27,National Payments Corporation of India (NPCI),https://www.npci.org.in/product/ecosystem-statistics/rupay
2022-23,2023,January,1,YBL,YES BANK LIMITED,1117180,0.0001,112,90,22,2023-02-01,2026-03-27,National Payments Corporation of India (NPCI),https://www.npci.org.in/product/ecosystem-statistics/rupay
2022-23,2023,February,2,AXB,AXIS BANK,8232128,0.00015,1204,937,267,2023-03-01,2026-03-27,National Payments Corporation of India (NPCI),https://www.npci.org.in/product/ecosystem-statistics/rupay
2022-23,2023,February,2,BBF,BANK OF BARODA,838971,0.00022,181,127,54,2023-03-01,2026-03-27,National Payments Corporation of India (NPCI),https://www.npci.org.in/product/ecosystem-statistics/rupay
2022-23,2023,February,2,BDN,BANDHAN BANK,152940,0.0001,15,14,1,2023-03-01,2026-03-27,National Payments Corporation of India (NPCI),https://www.npci.org.in/product/ecosystem-statistics/rupay
2022-23,2023,February,2,BOI,BANK OF INDIA,346554,0.00005,16,4,12,2023-03-01,2026-03-27,National Payments Corporation of India (NPCI),https://www.npci.org.in/product/ecosystem-statistics/rupay
2022-23,2023,February,2,BOM,BANK OF MAHARASHTRA,23532,0.00008,2,1,1,2023-03-01,2026-03-27,National Payments Corporation of India (NPCI),https://www.npci.org.in/product/ecosystem-statistics/rupay
2022-23,2023,February,2,CBI,CENTRAL BANK OF INDIA,51099,0,0,0,0,2023-03-01,2026-03-27,National Payments Corporation of India (NPCI),https://www.npci.org.in/product/ecosystem-statistics/rupay
2022-23,2023,February,2,CNB,CANARA BANK,484326,0.00008,41,32,9,2023-03-01,2026-03-27,National Payments Corporation of India (NPCI),https://www.npci.org.in/product/ecosystem-statistics/rupay
2022-23,2023,February,2,CRB,UNION BANK OF INDIA,4370955,0.00027,1188,824,364,2023-03-01,2026-03-27,National Payments Corporation of India (NPCI),https://www.npci.org.in/product/ecosystem-statistics/rupay
2022-23,2023,February,2,CSB,CSB BANK,0,0,0,0,0,2023-03-01,2026-03-27,National Payments Corporation of India (NPCI),https://www.npci.org.in/product/ecosystem-statistics/rupay
2022-23,2023,February,2,CUB,CITY UNION BANK,312002,0.00009,29,16,13,2023-03-01,2026-03-27,National Payments Corporation of India (NPCI),https://www.npci.org.in/product/ecosystem-statistics/rupay
2022-23,2023,February,2,DBS,DBS BANK INDIA LTD,6192,0,0,0,0,2023-03-01,2026-03-27,National Payments Corporation of India (NPCI),https://www.npci.org.in/product/ecosystem-statistics/rupay
2022-23,2023,February,2,DCB,DCB BANK,0,0,0,0,0,2023-03-01,2026-03-27,National Payments Corporation of India (NPCI),https://www.npci.org.in/product/ecosystem-statistics/rupay
2022-23,2023,February,2,ESF,EQUITAS SMALL FINANCE BANK,578001,0.00002,13,13,0,2023-03-01,2026-03-27,National Payments Corporation of India (NPCI),https://www.npci.org.in/product/ecosystem-statistics/rupay
2022-23,2023,February,2,FBL,THE FEDERAL BANK,685711,0.00011,72,49,23,2023-03-01,2026-03-27,National Payments Corporation of India (NPCI),https://www.npci.org.in/product/ecosystem-statistics/rupay
2022-23,2023,February,2,HDF,HDFC BANK,42749372,0.0001,4096,2385,1711,2023-03-01,2026-03-27,National Payments Corporation of India (NPCI),https://www.npci.org.in/product/ecosystem-statistics/rupay
2022-23,2023,February,2,ICI,ICICI BANK,14386886,0.00008,1179,936,243,2023-03-01,2026-03-27,National Payments Corporation of India (NPCI),https://www.npci.org.in/product/ecosystem-statistics/rupay
2022-23,2023,February,2,IDB,IDBI BANK,274371,0.00011,30,15,15,2023-03-01,2026-03-27,National Payments Corporation of India (NPCI),https://www.npci.org.in/product/ecosystem-statistics/rupay
2022-23,2023,February,2,IDF,IDFC FIRST BANK,197489,0.00003,6,1,5,2023-03-01,2026-03-27,National Payments Corporation of India (NPCI),https://www.npci.org.in/product/ecosystem-statistics/rupay
2022-23,2023,February,2,IIB,INDUSIND BANK,2638872,0.00004,97,54,43,2023-03-01,2026-03-27,National Payments Corporation of India (NPCI),https://www.npci.org.in/product/ecosystem-statistics/rupay
2022-23,2023,February,2,INB,INDIAN BANK,235957,0.00004,9,9,0,2023-03-01,2026-03-27,National Payments Corporation of India (NPCI),https://www.npci.org.in/product/ecosystem-statistics/rupay
2022-23,2023,February,2,JKB,THE JAMMU AND KASHMIR BANK,64092,0.00002,1,1,0,2023-03-01,2026-03-27,National Payments Corporation of India (NPCI),https://www.npci.org.in/product/ecosystem-statistics/rupay
2022-23,2023,February,2,KMB,KOTAK MAHINDRA BANK,1944501,0.00014,277,229,48,2023-03-01,2026-03-27,National Payments Corporation of India (NPCI),https://www.npci.org.in/product/ecosystem-statistics/rupay
2022-23,2023,February,2,KTB,KARNATAKA BANK,0,0,0,0,0,2023-03-01,2026-03-27,National Payments Corporation of India (NPCI),https://www.npci.org.in/product/ecosystem-statistics/rupay
2022-23,2023,February,2,KVB,KARUR VYSYA BANK,258457,0.00003,8,5,3,2023-03-01,2026-03-27,National Payments Corporation of India (NPCI),https://www.npci.org.in/product/ecosystem-statistics/rupay
2022-23,2023,February,2,MIT,PUNJAB NATIONAL BANK,1265084,0.00031,396,315,81,2023-03-01,2026-03-27,National Payments Corporation of India (NPCI),https://www.npci.org.in/product/ecosystem-statistics/rupay
2022-23,2023,February,2,NSD,NSDL PAYMENTS BANK LTD,24,0,0,0,0,2023-03-01,2026-03-27,National Payments Corporation of India (NPCI),https://www.npci.org.in/product/ecosystem-statistics/rupay
2022-23,2023,February,2,PYT,PAYTM PAYMENTS BANK,4029225,0.00003,108,104,4,2023-03-01,2026-03-27,National Payments Corporation of India (NPCI),https://www.npci.org.in/product/ecosystem-statistics/rupay
2022-23,2023,February,2,RBL,RATNAKAR BANK,5820822,0.0001,553,386,167,2023-03-01,2026-03-27,National Payments Corporation of India (NPCI),https://www.npci.org.in/product/ecosystem-statistics/rupay
2022-23,2023,February,2,SBI,STATE BANK OF INDIA,10361644,0.00008,798,589,209,2023-03-01,2026-03-27,National Payments Corporation of India (NPCI),https://www.npci.org.in/product/ecosystem-statistics/rupay
2022-23,2023,February,2,SIB,THE SOUTH INDIAN BANK,474824,0.00007,31,17,14,2023-03-01,2026-03-27,National Payments Corporation of India (NPCI),https://www.npci.org.in/product/ecosystem-statistics/rupay
2022-23,2023,February,2,TJSB,THANE JANATA SAHAKARI BANK,1806,0.00111,2,0,2,2023-03-01,2026-03-27,National Payments Corporation of India (NPCI),https://www.npci.org.in/product/ecosystem-statistics/rupay
2022-23,2023,February,2,TMB,TAMILNAD MERCANTILE BANK,51970,0,0,0,0,2023-03-01,2026-03-27,National Payments Corporation of India (NPCI),https://www.npci.org.in/product/ecosystem-statistics/rupay
2022-23,2023,February,2,YBL,YES BANK LIMITED,882523,0.00007,63,52,11,2023-03-01,2026-03-27,National Payments Corporation of India (NPCI),https://www.npci.org.in/product/ecosystem-statistics/rupay
2022-23,2023,March,3,AXB,AXIS BANK,9306342,0.00015,1375,1011,364,2023-04-01,2026-03-27,National Payments Corporation of India (NPCI),https://www.npci.org.in/product/ecosystem-statistics/rupay
2022-23,2023,March,3,BBF,BANK OF BARODA,975520,0.00027,262,177,85,2023-04-01,2026-03-27,National Payments Corporation of India (NPCI),https://www.npci.org.in/product/ecosystem-statistics/rupay
2022-23,2023,March,3,BDN,BANDHAN BANK,164368,0.00002,4,4,0,2023-04-01,2026-03-27,National Payments Corporation of India (NPCI),https://www.npci.org.in/product/ecosystem-statistics/rupay
2022-23,2023,March,3,BOI,BANK OF INDIA,375629,0.00004,15,1,14,2023-04-01,2026-03-27,National Payments Corporation of India (NPCI),https://www.npci.org.in/product/ecosystem-statistics/rupay
2022-23,2023,March,3,BOM,BANK OF MAHARASHTRA,27617,0.00004,1,1,0,2023-04-01,2026-03-27,National Payments Corporation of India (NPCI),https://www.npci.org.in/product/ecosystem-statistics/rupay
2022-23,2023,March,3,CBI,CENTRAL BANK OF INDIA,53186,0.00008,4,4,0,2023-04-01,2026-03-27,National Payments Corporation of India (NPCI),https://www.npci.org.in/product/ecosystem-statistics/rupay
2022-23,2023,March,3,CNB,CANARA BANK,514368,0.00006,33,28,5,2023-04-01,2026-03-27,National Payments Corporation of India (NPCI),https://www.npci.org.in/product/ecosystem-statistics/rupay
2022-23,2023,March,3,CRB,UNION BANK OF INDIA,4439122,0.00027,1207,931,276,2023-04-01,2026-03-27,National Payments Corporation of India (NPCI),https://www.npci.org.in/product/ecosystem-statistics/rupay
2022-23,2023,March,3,CSB,CSB BANK,1,0,0,0,0,2023-04-01,2026-03-27,National Payments Corporation of India (NPCI),https://www.npci.org.in/product/ecosystem-statistics/rupay
2022-23,2023,March,3,CUB,CITY UNION BANK,340898,0.00009,29,10,19,2023-04-01,2026-03-27,National Payments Corporation of India (NPCI),https://www.npci.org.in/product/ecosystem-statistics/rupay
2022-23,2023,March,3,DBS,DBS BANK INDIA LTD,6664,0.00015,1,1,0,2023-04-01,2026-03-27,National Payments Corporation of India (NPCI),https://www.npci.org.in/product/ecosystem-statistics/rupay
2022-23,2023,March,3,DCB,DCB BANK,0,0,0,0,0,2023-04-01,2026-03-27,National Payments Corporation of India (NPCI),https://www.npci.org.in/product/ecosystem-statistics/rupay
2022-23,2023,March,3,ESF,EQUITAS SMALL FINANCE BANK,611088,0.00005,29,27,2,2023-04-01,2026-03-27,National Payments Corporation of India (NPCI),https://www.npci.org.in/product/ecosystem-statistics/rupay
2022-23,2023,March,3,FBL,THE FEDERAL BANK,775329,0.00009,72,58,14,2023-04-01,2026-03-27,National Payments Corporation of India (NPCI),https://www.npci.org.in/product/ecosystem-statistics/rupay
2022-23,2023,March,3,HDF,HDFC BANK,45440818,0.00008,3777,1865,1912,2023-04-01,2026-03-27,National Payments Corporation of India (NPCI),https://www.npci.org.in/product/ecosystem-statistics/rupay
2022-23,2023,March,3,ICI,ICICI BANK,15479968,0.0001,1541,1258,283,2023-04-01,2026-03-27,National Payments Corporation of India (NPCI),https://www.npci.org.in/product/ecosystem-statistics/rupay
2022-23,2023,March,3,IDB,IDBI BANK,284015,0.00007,19,10,9,2023-04-01,2026-03-27,National Payments Corporation of India (NPCI),https://www.npci.org.in/product/ecosystem-statistics/rupay
2022-23,2023,March,3,IDF,IDFC FIRST BANK,216331,0.00006,12,7,5,2023-04-01,2026-03-27,National Payments Corporation of India (NPCI),https://www.npci.org.in/product/ecosystem-statistics/rupay
2022-23,2023,March,3,IIB,INDUSIND BANK,2679399,0.00005,145,75,70,2023-04-01,2026-03-27,National Payments Corporation of India (NPCI),https://www.npci.org.in/product/ecosystem-statistics/rupay
2022-23,2023,March,3,INB,INDIAN BANK,244316,0.00003,7,6,1,2023-04-01,2026-03-27,National Payments Corporation of India (NPCI),https://www.npci.org.in/product/ecosystem-statistics/rupay
2022-23,2023,March,3,JKB,THE JAMMU AND KASHMIR BANK,72274,0,0,0,0,2023-04-01,2026-03-27,National Payments Corporation of India (NPCI),https://www.npci.org.in/product/ecosystem-statistics/rupay
2022-23,2023,March,3,KMB,KOTAK MAHINDRA BANK,2501694,0.00007,186,153,33,2023-04-01,2026-03-27,National Payments Corporation of India (NPCI),https://www.npci.org.in/product/ecosystem-statistics/rupay
2022-23,2023,March,3,KTB,KARNATAKA BANK,0,0,0,0,0,2023-04-01,2026-03-27,National Payments Corporation of India (NPCI),https://www.npci.org.in/product/ecosystem-statistics/rupay
2022-23,2023,March,3,KVB,KARUR VYSYA BANK,286525,0.00006,18,16,2,2023-04-01,2026-03-27,National Payments Corporation of India (NPCI),https://www.npci.org.in/product/ecosystem-statistics/rupay
2022-23,2023,March,3,MIT,PUNJAB NATIONAL BANK,1254683,0.00019,237,218,19,2023-04-01,2026-03-27,National Payments Corporation of India (NPCI),https://www.npci.org.in/product/ecosystem-statistics/rupay
2022-23,2023,March,3,NSD,NSDL PAYMENTS BANK LTD,8,0,0,0,0,2023-04-01,2026-03-27,National Payments Corporation of India (NPCI),https://www.npci.org.in/product/ecosystem-statistics/rupay
2022-23,2023,March,3,PYT,PAYTM PAYMENTS BANK,3998778,0.00003,113,108,5,2023-04-01,2026-03-27,National Payments Corporation of India (NPCI),https://www.npci.org.in/product/ecosystem-statistics/rupay
2022-23,2023,March,3,RBL,RATNAKAR BANK,6757492,0.00007,445,282,163,2023-04-01,2026-03-27,National Payments Corporation of India (NPCI),https://www.npci.org.in/product/ecosystem-statistics/rupay
2022-23,2023,March,3,SBI,STATE BANK OF INDIA,10303240,0.00008,850,582,268,2023-04-01,2026-03-27,National Payments Corporation of India (NPCI),https://www.npci.org.in/product/ecosystem-statistics/rupay
2022-23,2023,March,3,SIB,THE SOUTH INDIAN BANK,500208,0.00007,33,26,7,2023-04-01,2026-03-27,National Payments Corporation of India (NPCI),https://www.npci.org.in/product/ecosystem-statistics/rupay
2022-23,2023,March,3,TJSB,THANE JANATA SAHAKARI BANK,20303,0.00005,1,1,0,2023-04-01,2026-03-27,National Payments Corporation of India (NPCI),https://www.npci.org.in/product/ecosystem-statistics/rupay
2022-23,2023,March,3,TMB,TAMILNAD MERCANTILE BANK,57014,0.00004,2,2,0,2023-04-01,2026-03-27,National Payments Corporation of India (NPCI),https://www.npci.org.in/product/ecosystem-statistics/rupay
2022-23,2023,March,3,YBL,YES BANK LIMITED,956331,0.00009,84,54,30,2023-04-01,2026-03-27,National Payments Corporation of India (NPCI),https://www.npci.org.in/product/ecosystem-statistics/rupay
2023-24,2023,April,4,AXB,AXIS BANK,9028295,0.00015,1325,1025,300,2023-05-01,2026-03-27,National Payments Corporation of India (NPCI),https://www.npci.org.in/product/ecosystem-statistics/rupay
2023-24,2023,April,4,BBF,BANK OF BARODA,1031028,0.0002,203,140,63,2023-05-01,2026-03-27,National Payments Corporation of India (NPCI),https://www.npci.org.in/product/ecosystem-statistics/rupay
2023-24,2023,April,4,BDN,BANDHAN BANK,181450,0.00006,10,8,2,2023-05-01,2026-03-27,National Payments Corporation of India (NPCI),https://www.npci.org.in/product/ecosystem-statistics/rupay
2023-24,2023,April,4,BOI,BANK OF INDIA,366067,0.00005,18,1,17,2023-05-01,2026-03-27,National Payments Corporation of India (NPCI),https://www.npci.org.in/product/ecosystem-statistics/rupay
2023-24,2023,April,4,BOM,BANK OF MAHARASHTRA,26963,0.00004,1,1,0,2023-05-01,2026-03-27,National Payments Corporation of India (NPCI),https://www.npci.org.in/product/ecosystem-statistics/rupay
2023-24,2023,April,4,CBI,CENTRAL BANK OF INDIA,57477,0.00002,1,1,0,2023-05-01,2026-03-27,National Payments Corporation of India (NPCI),https://www.npci.org.in/product/ecosystem-statistics/rupay
2023-24,2023,April,4,CNB,CANARA BANK,502478,0.00004,20,16,4,2023-05-01,2026-03-27,National Payments Corporation of India (NPCI),https://www.npci.org.in/product/ecosystem-statistics/rupay
2023-24,2023,April,4,CRB,UNION BANK OF INDIA,4102174,0.00022,885,647,238,2023-05-01,2026-03-27,National Payments Corporation of India (NPCI),https://www.npci.org.in/product/ecosystem-statistics/rupay
2023-24,2023,April,4,CSB,CSB BANK,4,0,0,0,0,2023-05-01,2026-03-27,National Payments Corporation of India (NPCI),https://www.npci.org.in/product/ecosystem-statistics/rupay
2023-24,2023,April,4,CUB,CITY UNION BANK,356587,0.00008,27,13,14,2023-05-01,2026-03-27,National Payments Corporation of India (NPCI),https://www.npci.org.in/product/ecosystem-statistics/rupay
2023-24,2023,April,4,DBS,DBS BANK INDIA LTD,5826,0,0,0,0,2023-05-01,2026-03-27,National Payments Corporation of India (NPCI),https://www.npci.org.in/product/ecosystem-statistics/rupay
2023-24,2023,April,4,DCB,DCB BANK,0,0,0,0,0,2023-05-01,2026-03-27,National Payments Corporation of India (NPCI),https://www.npci.org.in/product/ecosystem-statistics/rupay
2023-24,2023,April,4,ESF,EQUITAS SMALL FINANCE BANK,595632,0.00007,42,39,3,2023-05-01,2026-03-27,National Payments Corporation of India (NPCI),https://www.npci.org.in/product/ecosystem-statistics/rupay
2023-24,2023,April,4,FBL,THE FEDERAL BANK,793503,0.00016,130,117,13,2023-05-01,2026-03-27,National Payments Corporation of India (NPCI),https://www.npci.org.in/product/ecosystem-statistics/rupay
2023-24,2023,April,4,HDF,HDFC BANK,44644104,0.00012,5229,2548,2681,2023-05-01,2026-03-27,National Payments Corporation of India (NPCI),https://www.npci.org.in/product/ecosystem-statistics/rupay
2023-24,2023,April,4,ICI,ICICI BANK,15529932,0.0001,1499,1213,286,2023-05-01,2026-03-27,National Payments Corporation of India (NPCI),https://www.npci.org.in/product/ecosystem-statistics/rupay
2023-24,2023,April,4,IDB,IDBI BANK,271090,0.00007,20,11,9,2023-05-01,2026-03-27,National Payments Corporation of India (NPCI),https://www.npci.org.in/product/ecosystem-statistics/rupay
2023-24,2023,April,4,IDF,IDFC FIRST BANK,209947,0.00008,17,6,11,2023-05-01,2026-03-27,National Payments Corporation of India (NPCI),https://www.npci.org.in/product/ecosystem-statistics/rupay
2023-24,2023,April,4,IIB,INDUSIND BANK,2785563,0.00003,91,64,27,2023-05-01,2026-03-27,National Payments Corporation of India (NPCI),https://www.npci.org.in/product/ecosystem-statistics/rupay
2023-24,2023,April,4,INB,INDIAN BANK,242751,0.00002,5,5,0,2023-05-01,2026-03-27,National Payments Corporation of India (NPCI),https://www.npci.org.in/product/ecosystem-statistics/rupay
2023-24,2023,April,4,JKB,THE JAMMU AND KASHMIR BANK,74042,0.00004,3,0,3,2023-05-01,2026-03-27,National Payments Corporation of India (NPCI),https://www.npci.org.in/product/ecosystem-statistics/rupay
2023-24,2023,April,4,KMB,KOTAK MAHINDRA BANK,2110266,0.00006,127,96,31,2023-05-01,2026-03-27,National Payments Corporation of India (NPCI),https://www.npci.org.in/product/ecosystem-statistics/rupay
2023-24,2023,April,4,KTB,KARNATAKA BANK,0,0,0,0,0,2023-05-01,2026-03-27,National Payments Corporation of India (NPCI),https://www.npci.org.in/product/ecosystem-statistics/rupay
2023-24,2023,April,4,KVB,KARUR VYSYA BANK,286247,0.00005,14,9,5,2023-05-01,2026-03-27,National Payments Corporation of India (NPCI),https://www.npci.org.in/product/ecosystem-statistics/rupay
2023-24,2023,April,4,MIT,PUNJAB NATIONAL BANK,1281032,0.00014,173,161,12,2023-05-01,2026-03-27,National Payments Corporation of India (NPCI),https://www.npci.org.in/product/ecosystem-statistics/rupay
2023-24,2023,April,4,NSD,NSDL PAYMENTS BANK LTD,60,0,0,0,0,2023-05-01,2026-03-27,National Payments Corporation of India (NPCI),https://www.npci.org.in/product/ecosystem-statistics/rupay
2023-24,2023,April,4,PYT,PAYTM PAYMENTS BANK,3760413,0.00003,99,97,2,2023-05-01,2026-03-27,National Payments Corporation of India (NPCI),https://www.npci.org.in/product/ecosystem-statistics/rupay
2023-24,2023,April,4,RBL,RATNAKAR BANK,7724934,0.00004,325,201,124,2023-05-01,2026-03-27,National Payments Corporation of India (NPCI),https://www.npci.org.in/product/ecosystem-statistics/rupay
2023-24,2023,April,4,SBI,STATE BANK OF INDIA,8621462,0.00009,769,536,233,2023-05-01,2026-03-27,National Payments Corporation of India (NPCI),https://www.npci.org.in/product/ecosystem-statistics/rupay
2023-24,2023,April,4,SIB,THE SOUTH INDIAN BANK,483067,0.00004,21,19,2,2023-05-01,2026-03-27,National Payments Corporation of India (NPCI),https://www.npci.org.in/product/ecosystem-statistics/rupay
2023-24,2023,April,4,TJSB,THANE JANATA SAHAKARI BANK,2349,0.00085,2,2,0,2023-05-01,2026-03-27,National Payments Corporation of India (NPCI),https://www.npci.org.in/product/ecosystem-statistics/rupay
2023-24,2023,April,4,TMB,TAMILNAD MERCANTILE BANK,59544,0.00003,2,2,0,2023-05-01,2026-03-27,National Payments Corporation of India (NPCI),https://www.npci.org.in/product/ecosystem-statistics/rupay
2023-24,2023,April,4,YBL,YES BANK LIMITED,974265,0.00004,42,26,16,2023-05-01,2026-03-27,National Payments Corporation of India (NPCI),https://www.npci.org.in/product/ecosystem-statistics/rupay
2023-24,2023,May,5,AXB,AXIS BANK,9144681,0.00013,1190,1003,187,2023-06-01,2026-03-27,National Payments Corporation of India (NPCI),https://www.npci.org.in/product/ecosystem-statistics/rupay
2023-24,2023,May,5,BBF,BANK OF BARODA,700526,0.00025,175,81,94,2023-06-01,2026-03-27,National Payments Corporation of India (NPCI),https://www.npci.org.in/product/ecosystem-statistics/rupay
2023-24,2023,May,5,BDN,BANDHAN BANK,168262,0.00005,8,6,2,2023-06-01,2026-03-27,National Payments Corporation of India (NPCI),https://www.npci.org.in/product/ecosystem-statistics/rupay
2023-24,2023,May,5,BOI,BANK OF INDIA,360539,0.00004,15,0,15,2023-06-01,2026-03-27,National Payments Corporation of India (NPCI),https://www.npci.org.in/product/ecosystem-statistics/rupay
2023-24,2023,May,5,BOM,BANK OF MAHARASHTRA,26499,0.00015,4,1,3,2023-06-01,2026-03-27,National Payments Corporation of India (NPCI),https://www.npci.org.in/product/ecosystem-statistics/rupay
2023-24,2023,May,5,CBI,CENTRAL BANK OF INDIA,55983,0.00005,3,3,0,2023-06-01,2026-03-27,National Payments Corporation of India (NPCI),https://www.npci.org.in/product/ecosystem-statistics/rupay
2023-24,2023,May,5,CNB,CANARA BANK,487823,0.00006,28,21,7,2023-06-01,2026-03-27,National Payments Corporation of India (NPCI),https://www.npci.org.in/product/ecosystem-statistics/rupay
2023-24,2023,May,5,CRB,UNION BANK OF INDIA,4019535,0.00028,1138,820,318,2023-06-01,2026-03-27,National Payments Corporation of India (NPCI),https://www.npci.org.in/product/ecosystem-statistics/rupay
2023-24,2023,May,5,CSB,CSB BANK,0,0,0,0,0,2023-06-01,2026-03-27,National Payments Corporation of India (NPCI),https://www.npci.org.in/product/ecosystem-statistics/rupay
2023-24,2023,May,5,CUB,CITY UNION BANK,350828,0.00009,33,7,26,2023-06-01,2026-03-27,National Payments Corporation of India (NPCI),https://www.npci.org.in/product/ecosystem-statistics/rupay
2023-24,2023,May,5,DBS,DBS BANK INDIA LTD,5344,0,0,0,0,2023-06-01,2026-03-27,National Payments Corporation of India (NPCI),https://www.npci.org.in/product/ecosystem-statistics/rupay
2023-24,2023,May,5,DCB,DCB BANK,0,0,0,0,0,2023-06-01,2026-03-27,National Payments Corporation of India (NPCI),https://www.npci.org.in/product/ecosystem-statistics/rupay
2023-24,2023,May,5,ESF,EQUITAS SMALL FINANCE BANK,565147,0.00008,48,45,3,2023-06-01,2026-03-27,National Payments Corporation of India (NPCI),https://www.npci.org.in/product/ecosystem-statistics/rupay
2023-24,2023,May,5,FBL,THE FEDERAL BANK,852262,0.00009,78,64,14,2023-06-01,2026-03-27,National Payments Corporation of India (NPCI),https://www.npci.org.in/product/ecosystem-statistics/rupay
2023-24,2023,May,5,HDF,HDFC BANK,41831153,0.00009,3969,2136,1833,2023-06-01,2026-03-27,National Payments Corporation of India (NPCI),https://www.npci.org.in/product/ecosystem-statistics/rupay
2023-24,2023,May,5,ICI,ICICI BANK,14904850,0.00009,1313,1031,282,2023-06-01,2026-03-27,National Payments Corporation of India (NPCI),https://www.npci.org.in/product/ecosystem-statistics/rupay
2023-24,2023,May,5,IDB,IDBI BANK,276408,0.00004,10,8,2,2023-06-01,2026-03-27,National Payments Corporation of India (NPCI),https://www.npci.org.in/product/ecosystem-statistics/rupay
2023-24,2023,May,5,IDF,IDFC FIRST BANK,200602,0.00008,17,6,11,2023-06-01,2026-03-27,National Payments Corporation of India (NPCI),https://www.npci.org.in/product/ecosystem-statistics/rupay
2023-24,2023,May,5,IIB,INDUSIND BANK,2701302,0.00003,77,65,12,2023-06-01,2026-03-27,National Payments Corporation of India (NPCI),https://www.npci.org.in/product/ecosystem-statistics/rupay
2023-24,2023,May,5,INB,INDIAN BANK,228356,0.00002,5,4,1,2023-06-01,2026-03-27,National Payments Corporation of India (NPCI),https://www.npci.org.in/product/ecosystem-statistics/rupay
2023-24,2023,May,5,JKB,THE JAMMU AND KASHMIR BANK,70976,0.00008,6,0,6,2023-06-01,2026-03-27,National Payments Corporation of India (NPCI),https://www.npci.org.in/product/ecosystem-statistics/rupay
2023-24,2023,May,5,KMB,KOTAK MAHINDRA BANK,1917418,0.00008,145,102,43,2023-06-01,2026-03-27,National Payments Corporation of India (NPCI),https://www.npci.org.in/product/ecosystem-statistics/rupay
2023-24,2023,May,5,KTB,KARNATAKA BANK,0,0,0,0,0,2023-06-01,2026-03-27,National Payments Corporation of India (NPCI),https://www.npci.org.in/product/ecosystem-statistics/rupay
2023-24,2023,May,5,KVB,KARUR VYSYA BANK,283128,0.00002,6,5,1,2023-06-01,2026-03-27,National Payments Corporation of India (NPCI),https://www.npci.org.in/product/ecosystem-statistics/rupay
2023-24,2023,May,5,MIT,PUNJAB NATIONAL BANK,1339358,0.0001,133,121,12,2023-06-01,2026-03-27,National Payments Corporation of India (NPCI),https://www.npci.org.in/product/ecosystem-statistics/rupay
2023-24,2023,May,5,NSD,NSDL PAYMENTS BANK LTD,36,0,0,0,0,2023-06-01,2026-03-27,National Payments Corporation of India (NPCI),https://www.npci.org.in/product/ecosystem-statistics/rupay
2023-24,2023,May,5,PYT,PAYTM PAYMENTS BANK,3661073,0.00002,77,74,3,2023-06-01,2026-03-27,National Payments Corporation of India (NPCI),https://www.npci.org.in/product/ecosystem-statistics/rupay
2023-24,2023,May,5,RBL,RATNAKAR BANK,7402050,0.00006,458,271,187,2023-06-01,2026-03-27,National Payments Corporation of India (NPCI),https://www.npci.org.in/product/ecosystem-statistics/rupay
2023-24,2023,May,5,SBI,STATE BANK OF INDIA,8685687,0.00009,802,556,246,2023-06-01,2026-03-27,National Payments Corporation of India (NPCI),https://www.npci.org.in/product/ecosystem-statistics/rupay
2023-24,2023,May,5,SIB,THE SOUTH INDIAN BANK,489556,0.00005,23,16,7,2023-06-01,2026-03-27,National Payments Corporation of India (NPCI),https://www.npci.org.in/product/ecosystem-statistics/rupay
2023-24,2023,May,5,TJSB,THANE JANATA SAHAKARI BANK,1867,0.00214,4,3,1,2023-06-01,2026-03-27,National Payments Corporation of India (NPCI),https://www.npci.org.in/product/ecosystem-statistics/rupay
2023-24,2023,May,5,TMB,TAMILNAD MERCANTILE BANK,64626,0,0,0,0,2023-06-01,2026-03-27,National Payments Corporation of India (NPCI),https://www.npci.org.in/product/ecosystem-statistics/rupay
2023-24,2023,May,5,YBL,YES BANK LIMITED,961644,0.00006,57,48,9,2023-06-01,2026-03-27,National Payments Corporation of India (NPCI),https://www.npci.org.in/product/ecosystem-statistics/rupay
2023-24,2023,June,6,AXB,AXIS BANK,9709501,0.00009,843,675,168,2023-07-01,2026-03-27,National Payments Corporation of India (NPCI),https://www.npci.org.in/product/ecosystem-statistics/rupay
2023-24,2023,June,6,BBF,BANK OF BARODA,669968,0.00059,396,320,76,2023-07-01,2026-03-27,National Payments Corporation of India (NPCI),https://www.npci.org.in/product/ecosystem-statistics/rupay
2023-24,2023,June,6,BDN,BANDHAN BANK,154652,0.00005,8,5,3,2023-07-01,2026-03-27,National Payments Corporation of India (NPCI),https://www.npci.org.in/product/ecosystem-statistics/rupay
2023-24,2023,June,6,BOI,BANK OF INDIA,339468,0.00005,16,2,14,2023-07-01,2026-03-27,National Payments Corporation of India (NPCI),https://www.npci.org.in/product/ecosystem-statistics/rupay
2023-24,2023,June,6,BOM,BANK OF MAHARASHTRA,27940,0.00011,3,1,2,2023-07-01,2026-03-27,National Payments Corporation of India (NPCI),https://www.npci.org.in/product/ecosystem-statistics/rupay
2023-24,2023,June,6,CBI,CENTRAL BANK OF INDIA,53494,0.00004,2,2,0,2023-07-01,2026-03-27,National Payments Corporation of India (NPCI),https://www.npci.org.in/product/ecosystem-statistics/rupay
2023-24,2023,June,6,CNB,CANARA BANK,488195,0.00003,13,12,1,2023-07-01,2026-03-27,National Payments Corporation of India (NPCI),https://www.npci.org.in/product/ecosystem-statistics/rupay
2023-24,2023,June,6,CRB,UNION BANK OF INDIA,3460369,0.00026,900,657,243,2023-07-01,2026-03-27,National Payments Corporation of India (NPCI),https://www.npci.org.in/product/ecosystem-statistics/rupay
2023-24,2023,June,6,CSB,CSB BANK,2,0,0,0,0,2023-07-01,2026-03-27,National Payments Corporation of India (NPCI),https://www.npci.org.in/product/ecosystem-statistics/rupay
2023-24,2023,June,6,CUB,CITY UNION BANK,326774,0.00017,56,8,48,2023-07-01,2026-03-27,National Payments Corporation of India (NPCI),https://www.npci.org.in/product/ecosystem-statistics/rupay
2023-24,2023,June,6,DBS,DBS BANK INDIA LTD,4667,0,0,0,0,2023-07-01,2026-03-27,National Payments Corporation of India (NPCI),https://www.npci.org.in/product/ecosystem-statistics/rupay
2023-24,2023,June,6,DCB,DCB BANK,0,0,0,0,0,2023-07-01,2026-03-27,National Payments Corporation of India (NPCI),https://www.npci.org.in/product/ecosystem-statistics/rupay
2023-24,2023,June,6,ESF,EQUITAS SMALL FINANCE BANK,522786,0.00007,38,33,5,2023-07-01,2026-03-27,National Payments Corporation of India (NPCI),https://www.npci.org.in/product/ecosystem-statistics/rupay
2023-24,2023,June,6,FBL,THE FEDERAL BANK,811322,0.0001,81,69,12,2023-07-01,2026-03-27,National Payments Corporation of India (NPCI),https://www.npci.org.in/product/ecosystem-statistics/rupay
2023-24,2023,June,6,HDF,HDFC BANK,38118595,0.00009,3272,2095,1177,2023-07-01,2026-03-27,National Payments Corporation of India (NPCI),https://www.npci.org.in/product/ecosystem-statistics/rupay
2023-24,2023,June,6,ICI,ICICI BANK,13932825,0.0001,1405,1100,305,2023-07-01,2026-03-27,National Payments Corporation of India (NPCI),https://www.npci.org.in/product/ecosystem-statistics/rupay
2023-24,2023,June,6,IDB,IDBI BANK,261488,0.00003,9,4,5,2023-07-01,2026-03-27,National Payments Corporation of India (NPCI),https://www.npci.org.in/product/ecosystem-statistics/rupay
2023-24,2023,June,6,IDF,IDFC FIRST BANK,201229,0.00006,13,5,8,2023-07-01,2026-03-27,National Payments Corporation of India (NPCI),https://www.npci.org.in/product/ecosystem-statistics/rupay
2023-24,2023,June,6,IIB,INDUSIND BANK,2468730,0.00003,66,51,15,2023-07-01,2026-03-27,National Payments Corporation of India (NPCI),https://www.npci.org.in/product/ecosystem-statistics/rupay
2023-24,2023,June,6,INB,INDIAN BANK,211554,0.00001,3,3,0,2023-07-01,2026-03-27,National Payments Corporation of India (NPCI),https://www.npci.org.in/product/ecosystem-statistics/rupay
2023-24,2023,June,6,JKB,THE JAMMU AND KASHMIR BANK,74116,0.00003,2,0,2,2023-07-01,2026-03-27,National Payments Corporation of India (NPCI),https://www.npci.org.in/product/ecosystem-statistics/rupay
2023-24,2023,June,6,KMB,KOTAK MAHINDRA BANK,2080254,0.00006,130,78,52,2023-07-01,2026-03-27,National Payments Corporation of India (NPCI),https://www.npci.org.in/product/ecosystem-statistics/rupay
2023-24,2023,June,6,KTB,KARNATAKA BANK,0,0,0,0,0,2023-07-01,2026-03-27,National Payments Corporation of India (NPCI),https://www.npci.org.in/product/ecosystem-statistics/rupay
2023-24,2023,June,6,KVB,KARUR VYSYA BANK,268341,0.00001,4,3,1,2023-07-01,2026-03-27,National Payments Corporation of India (NPCI),https://www.npci.org.in/product/ecosystem-statistics/rupay
2023-24,2023,June,6,MIT,PUNJAB NATIONAL BANK,1461161,0.00015,219,209,10,2023-07-01,2026-03-27,National Payments Corporation of India (NPCI),https://www.npci.org.in/product/ecosystem-statistics/rupay
2023-24,2023,June,6,NSD,NSDL PAYMENTS BANK LTD,144,0,0,0,0,2023-07-01,2026-03-27,National Payments Corporation of India (NPCI),https://www.npci.org.in/product/ecosystem-statistics/rupay
2023-24,2023,June,6,PYT,PAYTM PAYMENTS BANK,3590491,0.00002,89,87,2,2023-07-01,2026-03-27,National Payments Corporation of India (NPCI),https://www.npci.org.in/product/ecosystem-statistics/rupay
2023-24,2023,June,6,RBL,RATNAKAR BANK,6542457,0.00007,450,289,161,2023-07-01,2026-03-27,National Payments Corporation of India (NPCI),https://www.npci.org.in/product/ecosystem-statistics/rupay
2023-24,2023,June,6,SBI,STATE BANK OF INDIA,8399517,0.0001,879,652,227,2023-07-01,2026-03-27,National Payments Corporation of India (NPCI),https://www.npci.org.in/product/ecosystem-statistics/rupay
2023-24,2023,June,6,SIB,THE SOUTH INDIAN BANK,469969,0.00003,14,10,4,2023-07-01,2026-03-27,National Payments Corporation of India (NPCI),https://www.npci.org.in/product/ecosystem-statistics/rupay
2023-24,2023,June,6,TJSB,THANE JANATA SAHAKARI BANK,2885,0,0,0,0,2023-07-01,2026-03-27,National Payments Corporation of India (NPCI),https://www.npci.org.in/product/ecosystem-statistics/rupay
2023-24,2023,June,6,TMB,TAMILNAD MERCANTILE BANK,61399,0.00002,1,1,0,2023-07-01,2026-03-27,National Payments Corporation of India (NPCI),https://www.npci.org.in/product/ecosystem-statistics/rupay
2023-24,2023,June,6,YBL,YES BANK LIMITED,937071,0.00005,47,28,19,2023-07-01,2026-03-27,National Payments Corporation of India (NPCI),https://www.npci.org.in/product/ecosystem-statistics/rupay
2023-24,2023,July,7,AXB,AXIS BANK,9288797,0.00012,1139,972,167,2023-08-01,2026-03-27,National Payments Corporation of India (NPCI),https://www.npci.org.in/product/ecosystem-statistics/rupay
2023-24,2023,July,7,BBF,BANK OF BARODA,628359,0.00021,134,82,52,2023-08-01,2026-03-27,National Payments Corporation of India (NPCI),https://www.npci.org.in/product/ecosystem-statistics/rupay
2023-24,2023,July,7,BDN,BANDHAN BANK,161878,0.00004,6,6,0,2023-08-01,2026-03-27,National Payments Corporation of India (NPCI),https://www.npci.org.in/product/ecosystem-statistics/rupay
2023-24,2023,July,7,BOI,BANK OF INDIA,340888,0.00003,11,1,10,2023-08-01,2026-03-27,National Payments Corporation of India (NPCI),https://www.npci.org.in/product/ecosystem-statistics/rupay
2023-24,2023,July,7,BOM,BANK OF MAHARASHTRA,21794,0.00014,3,1,2,2023-08-01,2026-03-27,National Payments Corporation of India (NPCI),https://www.npci.org.in/product/ecosystem-statistics/rupay
2023-24,2023,July,7,CBI,CENTRAL BANK OF INDIA,54417,0.00004,2,2,0,2023-08-01,2026-03-27,National Payments Corporation of India (NPCI),https://www.npci.org.in/product/ecosystem-statistics/rupay
2023-24,2023,July,7,CNB,CANARA BANK,521011,0.00004,19,15,4,2023-08-01,2026-03-27,National Payments Corporation of India (NPCI),https://www.npci.org.in/product/ecosystem-statistics/rupay
2023-24,2023,July,7,CRB,UNION BANK OF INDIA,3898918,0.00028,1098,835,263,2023-08-01,2026-03-27,National Payments Corporation of India (NPCI),https://www.npci.org.in/product/ecosystem-statistics/rupay
2023-24,2023,July,7,CSB,CSB BANK,3,0,0,0,0,2023-08-01,2026-03-27,National Payments Corporation of India (NPCI),https://www.npci.org.in/product/ecosystem-statistics/rupay
2023-24,2023,July,7,CUB,CITY UNION BANK,346909,0.00009,32,8,24,2023-08-01,2026-03-27,National Payments Corporation of India (NPCI),https://www.npci.org.in/product/ecosystem-statistics/rupay
2023-24,2023,July,7,DBS,DBS BANK INDIA LTD,4465,0.00022,1,0,1,2023-08-01,2026-03-27,National Payments Corporation of India (NPCI),https://www.npci.org.in/product/ecosystem-statistics/rupay
2023-24,2023,July,7,DCB,DCB BANK,0,0,0,0,0,2023-08-01,2026-03-27,National Payments Corporation of India (NPCI),https://www.npci.org.in/product/ecosystem-statistics/rupay
2023-24,2023,July,7,ESF,EQUITAS SMALL FINANCE BANK,504909,0.00026,132,108,24,2023-08-01,2026-03-27,National Payments Corporation of India (NPCI),https://www.npci.org.in/product/ecosystem-statistics/rupay
2023-24,2023,July,7,FBL,THE FEDERAL BANK,769310,0.00012,96,73,23,2023-08-01,2026-03-27,National Payments Corporation of India (NPCI),https://www.npci.org.in/product/ecosystem-statistics/rupay
2023-24,2023,July,7,HDF,HDFC BANK,40241811,0.00007,2984,1804,1180,2023-08-01,2026-03-27,National Payments Corporation of India (NPCI),https://www.npci.org.in/product/ecosystem-statistics/rupay
2023-24,2023,July,7,ICI,ICICI BANK,13752086,0.00032,4400,1698,2702,2023-08-01,2026-03-27,National Payments Corporation of India (NPCI),https://www.npci.org.in/product/ecosystem-statistics/rupay
2023-24,2023,July,7,IDB,IDBI BANK,254669,0.00004,10,6,4,2023-08-01,2026-03-27,National Payments Corporation of India (NPCI),https://www.npci.org.in/product/ecosystem-statistics/rupay
2023-24,2023,July,7,IDF,IDFC FIRST BANK,210515,0.00009,19,9,10,2023-08-01,2026-03-27,National Payments Corporation of India (NPCI),https://www.npci.org.in/product/ecosystem-statistics/rupay
2023-24,2023,July,7,IIB,INDUSIND BANK,2455376,0.00006,139,71,68,2023-08-01,2026-03-27,National Payments Corporation of India (NPCI),https://www.npci.org.in/product/ecosystem-statistics/rupay
2023-24,2023,July,7,INB,INDIAN BANK,212870,0.00002,5,5,0,2023-08-01,2026-03-27,National Payments Corporation of India (NPCI),https://www.npci.org.in/product/ecosystem-statistics/rupay
2023-24,2023,July,7,JKB,THE JAMMU AND KASHMIR BANK,65811,0.00011,7,2,5,2023-08-01,2026-03-27,National Payments Corporation of India (NPCI),https://www.npci.org.in/product/ecosystem-statistics/rupay
2023-24,2023,July,7,KMB,KOTAK MAHINDRA BANK,2046373,0.00008,154,113,41,2023-08-01,2026-03-27,National Payments Corporation of India (NPCI),https://www.npci.org.in/product/ecosystem-statistics/rupay
2023-24,2023,July,7,KTB,KARNATAKA BANK,0,0,0,0,0,2023-08-01,2026-03-27,National Payments Corporation of India (NPCI),https://www.npci.org.in/product/ecosystem-statistics/rupay
2023-24,2023,July,7,KVB,KARUR VYSYA BANK,258963,0.00003,7,6,1,2023-08-01,2026-03-27,National Payments Corporation of India (NPCI),https://www.npci.org.in/product/ecosystem-statistics/rupay
2023-24,2023,July,7,MIT,PUNJAB NATIONAL BANK,1188595,0.00013,152,132,20,2023-08-01,2026-03-27,National Payments Corporation of India (NPCI),https://www.npci.org.in/product/ecosystem-statistics/rupay
2023-24,2023,July,7,NSD,NSDL PAYMENTS BANK LTD,65,0,0,0,0,2023-08-01,2026-03-27,National Payments Corporation of India (NPCI),https://www.npci.org.in/product/ecosystem-statistics/rupay
2023-24,2023,July,7,PYT,PAYTM PAYMENTS BANK,3459452,0.00003,88,79,9,2023-08-01,2026-03-27,National Payments Corporation of India (NPCI),https://www.npci.org.in/product/ecosystem-statistics/rupay
2023-24,2023,July,7,RBL,RATNAKAR BANK,6066733,0.00007,415,288,127,2023-08-01,2026-03-27,National Payments Corporation of India (NPCI),https://www.npci.org.in/product/ecosystem-statistics/rupay
2023-24,2023,July,7,SBI,STATE BANK OF INDIA,8341480,0.00008,670,475,195,2023-08-01,2026-03-27,National Payments Corporation of India (NPCI),https://www.npci.org.in/product/ecosystem-statistics/rupay
2023-24,2023,July,7,SIB,THE SOUTH INDIAN BANK,465125,0.00002,10,7,3,2023-08-01,2026-03-27,National Payments Corporation of India (NPCI),https://www.npci.org.in/product/ecosystem-statistics/rupay
2023-24,2023,July,7,TJSB,THANE JANATA SAHAKARI BANK,2509,0.0012,3,3,0,2023-08-01,2026-03-27,National Payments Corporation of India (NPCI),https://www.npci.org.in/product/ecosystem-statistics/rupay
2023-24,2023,July,7,TMB,TAMILNAD MERCANTILE BANK,63224,0,0,0,0,2023-08-01,2026-03-27,National Payments Corporation of India (NPCI),https://www.npci.org.in/product/ecosystem-statistics/rupay
2023-24,2023,July,7,YBL,YES BANK LIMITED,941199,0.00004,39,15,24,2023-08-01,2026-03-27,National Payments Corporation of India (NPCI),https://www.npci.org.in/product/ecosystem-statistics/rupay
2023-24,2023,November,11,AXB,AXIS BANK,,0.00035,,,,2023-12-01,2026-03-27,National Payments Corporation of India (NPCI),https://www.npci.org.in/product/ecosystem-statistics/rupay
2023-24,2023,November,11,BBF,BANK OF BARODA,,0.00021,,,,2023-12-01,2026-03-27,National Payments Corporation of India (NPCI),https://www.npci.org.in/product/ecosystem-statistics/rupay
2023-24,2023,November,11,BDN,BANDHAN BANK,,0.00003,,,,2023-12-01,2026-03-27,National Payments Corporation of India (NPCI),https://www.npci.org.in/product/ecosystem-statistics/rupay
2023-24,2023,November,11,BOI,BANK OF INDIA,,0.00003,,,,2023-12-01,2026-03-27,National Payments Corporation of India (NPCI),https://www.npci.org.in/product/ecosystem-statistics/rupay
2023-24,2023,November,11,BOM,BANK OF MAHARASHTRA,,0.00005,,,,2023-12-01,2026-03-27,National Payments Corporation of India (NPCI),https://www.npci.org.in/product/ecosystem-statistics/rupay
2023-24,2023,November,11,BPG,Airtel Payments Bank Limited,,0,,,,2023-12-01,2026-03-27,National Payments Corporation of India (NPCI),https://www.npci.org.in/product/ecosystem-statistics/rupay
2023-24,2023,November,11,CBI,CENTRAL BANK OF INDIA,,0,,,,2023-12-01,2026-03-27,National Payments Corporation of India (NPCI),https://www.npci.org.in/product/ecosystem-statistics/rupay
2023-24,2023,November,11,CNB,CANARA BANK,,0.00004,,,,2023-12-01,2026-03-27,National Payments Corporation of India (NPCI),https://www.npci.org.in/product/ecosystem-statistics/rupay
2023-24,2023,November,11,CRB,UNION BANK OF INDIA,,0.00022,,,,2023-12-01,2026-03-27,National Payments Corporation of India (NPCI),https://www.npci.org.in/product/ecosystem-statistics/rupay
2023-24,2023,November,11,CSB,CSB BANK,,0,,,,2023-12-01,2026-03-27,National Payments Corporation of India (NPCI),https://www.npci.org.in/product/ecosystem-statistics/rupay
2023-24,2023,November,11,CUB,CITY UNION BANK,,0.00008,,,,2023-12-01,2026-03-27,National Payments Corporation of India (NPCI),https://www.npci.org.in/product/ecosystem-statistics/rupay
2023-24,2023,November,11,DBS,DBS BANK INDIA LTD,,0,,,,2023-12-01,2026-03-27,National Payments Corporation of India (NPCI),https://www.npci.org.in/product/ecosystem-statistics/rupay
2023-24,2023,November,11,DCB,DCB BANK,,0,,,,2023-12-01,2026-03-27,National Payments Corporation of India (NPCI),https://www.npci.org.in/product/ecosystem-statistics/rupay
2023-24,2023,November,11,ESF,EQUITAS SMALL FINANCE BANK,,0.00005,,,,2023-12-01,2026-03-27,National Payments Corporation of India (NPCI),https://www.npci.org.in/product/ecosystem-statistics/rupay
2023-24,2023,November,11,FBL,THE FEDERAL BANK,,0.00012,,,,2023-12-01,2026-03-27,National Payments Corporation of India (NPCI),https://www.npci.org.in/product/ecosystem-statistics/rupay
2023-24,2023,November,11,HDF,HDFC BANK,,0.00008,,,,2023-12-01,2026-03-27,National Payments Corporation of India (NPCI),https://www.npci.org.in/product/ecosystem-statistics/rupay
2023-24,2023,November,11,ICI,ICICI BANK,,0.0001,,,,2023-12-01,2026-03-27,National Payments Corporation of India (NPCI),https://www.npci.org.in/product/ecosystem-statistics/rupay
2023-24,2023,November,11,IDB,IDBI BANK,,0.00004,,,,2023-12-01,2026-03-27,National Payments Corporation of India (NPCI),https://www.npci.org.in/product/ecosystem-statistics/rupay
2023-24,2023,November,11,IDF,IDFC FIRST BANK,,0.00019,,,,2023-12-01,2026-03-27,National Payments Corporation of India (NPCI),https://www.npci.org.in/product/ecosystem-statistics/rupay
2023-24,2023,November,11,IIB,INDUSIND BANK,,0.00005,,,,2023-12-01,2026-03-27,National Payments Corporation of India (NPCI),https://www.npci.org.in/product/ecosystem-statistics/rupay
2023-24,2023,November,11,INB,INDIAN BANK,,0.00002,,,,2023-12-01,2026-03-27,National Payments Corporation of India (NPCI),https://www.npci.org.in/product/ecosystem-statistics/rupay
2023-24,2023,November,11,JKB,THE JAMMU AND KASHMIR BANK,,0.00008,,,,2023-12-01,2026-03-27,National Payments Corporation of India (NPCI),https://www.npci.org.in/product/ecosystem-statistics/rupay
2023-24,2023,November,11,KMB,KOTAK MAHINDRA BANK,,0.00008,,,,2023-12-01,2026-03-27,National Payments Corporation of India (NPCI),https://www.npci.org.in/product/ecosystem-statistics/rupay
2023-24,2023,November,11,KTB,KARNATAKA BANK,,0,,,,2023-12-01,2026-03-27,National Payments Corporation of India (NPCI),https://www.npci.org.in/product/ecosystem-statistics/rupay
2023-24,2023,November,11,KVB,KARUR VYSYA BANK,,0.00002,,,,2023-12-01,2026-03-27,National Payments Corporation of India (NPCI),https://www.npci.org.in/product/ecosystem-statistics/rupay
2023-24,2023,November,11,MIT,PUNJAB NATIONAL BANK,,0.00011,,,,2023-12-01,2026-03-27,National Payments Corporation of India (NPCI),https://www.npci.org.in/product/ecosystem-statistics/rupay
2023-24,2023,November,11,NSD,NSDL PAYMENTS BANK LTD,,0,,,,2023-12-01,2026-03-27,National Payments Corporation of India (NPCI),https://www.npci.org.in/product/ecosystem-statistics/rupay
2023-24,2023,November,11,PYT,PAYTM PAYMENTS BANK,,0.00002,,,,2023-12-01,2026-03-27,National Payments Corporation of India (NPCI),https://www.npci.org.in/product/ecosystem-statistics/rupay
2023-24,2023,November,11,RBL,RATNAKAR BANK,,0.00006,,,,2023-12-01,2026-03-27,National Payments Corporation of India (NPCI),https://www.npci.org.in/product/ecosystem-statistics/rupay
2023-24,2023,November,11,SBI,STATE BANK OF INDIA,,0.00008,,,,2023-12-01,2026-03-27,National Payments Corporation of India (NPCI),https://www.npci.org.in/product/ecosystem-statistics/rupay
2023-24,2023,November,11,SIB,THE SOUTH INDIAN BANK,,0.00003,,,,2023-12-01,2026-03-27,National Payments Corporation of India (NPCI),https://www.npci.org.in/product/ecosystem-statistics/rupay
2023-24,2023,November,11,TJSB,THANE JANATA SAHAKARI BANK,,0.00015,,,,2023-12-01,2026-03-27,National Payments Corporation of India (NPCI),https://www.npci.org.in/product/ecosystem-statistics/rupay
2023-24,2023,November,11,TMB,TAMILNAD MERCANTILE BANK,,0.00002,,,,2023-12-01,2026-03-27,National Payments Corporation of India (NPCI),https://www.npci.org.in/product/ecosystem-statistics/rupay
2023-24,2023,November,11,YBL,YES BANK LIMITED,,0.0001,,,,2023-12-01,2026-03-27,National Payments Corporation of India (NPCI),https://www.npci.org.in/product/ecosystem-statistics/rupay
2023-24,2023,December,12,AXB,AXIS BANK,,0.00054,,,,2024-01-01,2026-03-27,National Payments Corporation of India (NPCI),https://www.npci.org.in/product/ecosystem-statistics/rupay
2023-24,2023,December,12,BBF,BANK OF BARODA,,0.00023,,,,2024-01-01,2026-03-27,National Payments Corporation of India (NPCI),https://www.npci.org.in/product/ecosystem-statistics/rupay
2023-24,2023,December,12,BDN,BANDHAN BANK,,0.00003,,,,2024-01-01,2026-03-27,National Payments Corporation of India (NPCI),https://www.npci.org.in/product/ecosystem-statistics/rupay
2023-24,2023,December,12,BOI,BANK OF INDIA,,0.00002,,,,2024-01-01,2026-03-27,National Payments Corporation of India (NPCI),https://www.npci.org.in/product/ecosystem-statistics/rupay
2023-24,2023,December,12,BOM,BANK OF MAHARASHTRA,,0.00006,,,,2024-01-01,2026-03-27,National Payments Corporation of India (NPCI),https://www.npci.org.in/product/ecosystem-statistics/rupay
2023-24,2023,December,12,BPG,Airtel Payments Bank Limited,,0.00005,,,,2024-01-01,2026-03-27,National Payments Corporation of India (NPCI),https://www.npci.org.in/product/ecosystem-statistics/rupay
2023-24,2023,December,12,CBI,CENTRAL BANK OF INDIA,,0,,,,2024-01-01,2026-03-27,National Payments Corporation of India (NPCI),https://www.npci.org.in/product/ecosystem-statistics/rupay
2023-24,2023,December,12,CNB,CANARA BANK,,0.00003,,,,2024-01-01,2026-03-27,National Payments Corporation of India (NPCI),https://www.npci.org.in/product/ecosystem-statistics/rupay
2023-24,2023,December,12,CRB,UNION BANK OF INDIA,,0.00021,,,,2024-01-01,2026-03-27,National Payments Corporation of India (NPCI),https://www.npci.org.in/product/ecosystem-statistics/rupay
2023-24,2023,December,12,CSB,CSB BANK,,0,,,,2024-01-01,2026-03-27,National Payments Corporation of India (NPCI),https://www.npci.org.in/product/ecosystem-statistics/rupay
2023-24,2023,December,12,CUB,CITY UNION BANK,,0.00013,,,,2024-01-01,2026-03-27,National Payments Corporation of India (NPCI),https://www.npci.org.in/product/ecosystem-statistics/rupay
2023-24,2023,December,12,DBS,DBS BANK INDIA LTD,,0,,,,2024-01-01,2026-03-27,National Payments Corporation of India (NPCI),https://www.npci.org.in/product/ecosystem-statistics/rupay
2023-24,2023,December,12,DCB,DCB BANK,,0,,,,2024-01-01,2026-03-27,National Payments Corporation of India (NPCI),https://www.npci.org.in/product/ecosystem-statistics/rupay
2023-24,2023,December,12,ESF,EQUITAS SMALL FINANCE BANK,,0.00046,,,,2024-01-01,2026-03-27,National Payments Corporation of India (NPCI),https://www.npci.org.in/product/ecosystem-statistics/rupay
2023-24,2023,December,12,FBL,THE FEDERAL BANK,,0.00011,,,,2024-01-01,2026-03-27,National Payments Corporation of India (NPCI),https://www.npci.org.in/product/ecosystem-statistics/rupay
2023-24,2023,December,12,HDF,HDFC BANK,,0.00008,,,,2024-01-01,2026-03-27,National Payments Corporation of India (NPCI),https://www.npci.org.in/product/ecosystem-statistics/rupay
2023-24,2023,December,12,ICI,ICICI BANK,,0.00011,,,,2024-01-01,2026-03-27,National Payments Corporation of India (NPCI),https://www.npci.org.in/product/ecosystem-statistics/rupay
2023-24,2023,December,12,IDB,IDBI BANK,,0.00004,,,,2024-01-01,2026-03-27,National Payments Corporation of India (NPCI),https://www.npci.org.in/product/ecosystem-statistics/rupay
2023-24,2023,December,12,IDF,IDFC FIRST BANK,,0.0001,,,,2024-01-01,2026-03-27,National Payments Corporation of India (NPCI),https://www.npci.org.in/product/ecosystem-statistics/rupay
2023-24,2023,December,12,IIB,INDUSIND BANK,,0.00007,,,,2024-01-01,2026-03-27,National Payments Corporation of India (NPCI),https://www.npci.org.in/product/ecosystem-statistics/rupay
2023-24,2023,December,12,INB,INDIAN BANK,,0.00001,,,,2024-01-01,2026-03-27,National Payments Corporation of India (NPCI),https://www.npci.org.in/product/ecosystem-statistics/rupay
2023-24,2023,December,12,JKB,THE JAMMU AND KASHMIR BANK,,0,,,,2024-01-01,2026-03-27,National Payments Corporation of India (NPCI),https://www.npci.org.in/product/ecosystem-statistics/rupay
2023-24,2023,December,12,KMB,KOTAK MAHINDRA BANK,,0.00007,,,,2024-01-01,2026-03-27,National Payments Corporation of India (NPCI),https://www.npci.org.in/product/ecosystem-statistics/rupay
2023-24,2023,December,12,KTB,KARNATAKA BANK,,0,,,,2024-01-01,2026-03-27,National Payments Corporation of India (NPCI),https://www.npci.org.in/product/ecosystem-statistics/rupay
2023-24,2023,December,12,KVB,KARUR VYSYA BANK,,0.00003,,,,2024-01-01,2026-03-27,National Payments Corporation of India (NPCI),https://www.npci.org.in/product/ecosystem-statistics/rupay
2023-24,2023,December,12,MIT,PUNJAB NATIONAL BANK,,0.00023,,,,2024-01-01,2026-03-27,National Payments Corporation of India (NPCI),https://www.npci.org.in/product/ecosystem-statistics/rupay
2023-24,2023,December,12,NSD,NSDL PAYMENTS BANK LTD,,0,,,,2024-01-01,2026-03-27,National Payments Corporation of India (NPCI),https://www.npci.org.in/product/ecosystem-statistics/rupay
2023-24,2023,December,12,PYT,PAYTM PAYMENTS BANK,,0.00002,,,,2024-01-01,2026-03-27,National Payments Corporation of India (NPCI),https://www.npci.org.in/product/ecosystem-statistics/rupay
2023-24,2023,December,12,RBL,RATNAKAR BANK,,0.00005,,,,2024-01-01,2026-03-27,National Payments Corporation of India (NPCI),https://www.npci.org.in/product/ecosystem-statistics/rupay
2023-24,2023,December,12,SBI,STATE BANK OF INDIA,,0.00013,,,,2024-01-01,2026-03-27,National Payments Corporation of India (NPCI),https://www.npci.org.in/product/ecosystem-statistics/rupay
2023-24,2023,December,12,SIB,THE SOUTH INDIAN BANK,,0.00005,,,,2024-01-01,2026-03-27,National Payments Corporation of India (NPCI),https://www.npci.org.in/product/ecosystem-statistics/rupay
2023-24,2023,December,12,TJSB,THANE JANATA SAHAKARI BANK,,0.0335,,,,2024-01-01,2026-03-27,National Payments Corporation of India (NPCI),https://www.npci.org.in/product/ecosystem-statistics/rupay
2023-24,2023,December,12,TMB,TAMILNAD MERCANTILE BANK,,0.00002,,,,2024-01-01,2026-03-27,National Payments Corporation of India (NPCI),https://www.npci.org.in/product/ecosystem-statistics/rupay
2023-24,2023,December,12,YBL,YES BANK LIMITED,,0.00019,,,,2024-01-01,2026-03-27,National Payments Corporation of India (NPCI),https://www.npci.org.in/product/ecosystem-statistics/rupay
2023-24,2024,January,1,AXB,AXIS BANK,,0.00024,,,,2024-02-01,2026-03-27,National Payments Corporation of India (NPCI),https://www.npci.org.in/product/ecosystem-statistics/rupay
2023-24,2024,January,1,BBF,BANK OF BARODA,,0.00025,,,,2024-02-01,2026-03-27,National Payments Corporation of India (NPCI),https://www.npci.org.in/product/ecosystem-statistics/rupay
2023-24,2024,January,1,BDN,BANDHAN BANK,,0.00006,,,,2024-02-01,2026-03-27,National Payments Corporation of India (NPCI),https://www.npci.org.in/product/ecosystem-statistics/rupay
2023-24,2024,January,1,BOI,BANK OF INDIA,,0.00003,,,,2024-02-01,2026-03-27,National Payments Corporation of India (NPCI),https://www.npci.org.in/product/ecosystem-statistics/rupay
2023-24,2024,January,1,BOM,BANK OF MAHARASHTRA,,0.00007,,,,2024-02-01,2026-03-27,National Payments Corporation of India (NPCI),https://www.npci.org.in/product/ecosystem-statistics/rupay
2023-24,2024,January,1,BPG,Airtel Payments Bank Limited,,0.00006,,,,2024-02-01,2026-03-27,National Payments Corporation of India (NPCI),https://www.npci.org.in/product/ecosystem-statistics/rupay
2023-24,2024,January,1,CBI,CENTRAL BANK OF INDIA,,0.00007,,,,2024-02-01,2026-03-27,National Payments Corporation of India (NPCI),https://www.npci.org.in/product/ecosystem-statistics/rupay
2023-24,2024,January,1,CNB,CANARA BANK,,0.00003,,,,2024-02-01,2026-03-27,National Payments Corporation of India (NPCI),https://www.npci.org.in/product/ecosystem-statistics/rupay
2023-24,2024,January,1,CRB,UNION BANK OF INDIA,,0.00017,,,,2024-02-01,2026-03-27,National Payments Corporation of India (NPCI),https://www.npci.org.in/product/ecosystem-statistics/rupay
2023-24,2024,January,1,CSB,CSB BANK,,0,,,,2024-02-01,2026-03-27,National Payments Corporation of India (NPCI),https://www.npci.org.in/product/ecosystem-statistics/rupay
2023-24,2024,January,1,CUB,CITY UNION BANK,,0.00017,,,,2024-02-01,2026-03-27,National Payments Corporation of India (NPCI),https://www.npci.org.in/product/ecosystem-statistics/rupay
2023-24,2024,January,1,DBS,DBS BANK INDIA LTD,,0.00031,,,,2024-02-01,2026-03-27,National Payments Corporation of India (NPCI),https://www.npci.org.in/product/ecosystem-statistics/rupay
2023-24,2024,January,1,DCB,DCB BANK,,0,,,,2024-02-01,2026-03-27,National Payments Corporation of India (NPCI),https://www.npci.org.in/product/ecosystem-statistics/rupay
2023-24,2024,January,1,ESF,EQUITAS SMALL FINANCE BANK,,0.00015,,,,2024-02-01,2026-03-27,National Payments Corporation of India (NPCI),https://www.npci.org.in/product/ecosystem-statistics/rupay
2023-24,2024,January,1,FBL,THE FEDERAL BANK,,0.00019,,,,2024-02-01,2026-03-27,National Payments Corporation of India (NPCI),https://www.npci.org.in/product/ecosystem-statistics/rupay
2023-24,2024,January,1,HDF,HDFC BANK,,0.00007,,,,2024-02-01,2026-03-27,National Payments Corporation of India (NPCI),https://www.npci.org.in/product/ecosystem-statistics/rupay
2023-24,2024,January,1,ICI,ICICI BANK,,0.0001,,,,2024-02-01,2026-03-27,National Payments Corporation of India (NPCI),https://www.npci.org.in/product/ecosystem-statistics/rupay
2023-24,2024,January,1,IDB,IDBI BANK,,0.00009,,,,2024-02-01,2026-03-27,National Payments Corporation of India (NPCI),https://www.npci.org.in/product/ecosystem-statistics/rupay
2023-24,2024,January,1,IDF,IDFC FIRST BANK,,0.00007,,,,2024-02-01,2026-03-27,National Payments Corporation of India (NPCI),https://www.npci.org.in/product/ecosystem-statistics/rupay
2023-24,2024,January,1,IIB,INDUSIND BANK,,0.00023,,,,2024-02-01,2026-03-27,National Payments Corporation of India (NPCI),https://www.npci.org.in/product/ecosystem-statistics/rupay
2023-24,2024,January,1,INB,INDIAN BANK,,0.00001,,,,2024-02-01,2026-03-27,National Payments Corporation of India (NPCI),https://www.npci.org.in/product/ecosystem-statistics/rupay
2023-24,2024,January,1,JKB,THE JAMMU AND KASHMIR BANK,,0,,,,2024-02-01,2026-03-27,National Payments Corporation of India (NPCI),https://www.npci.org.in/product/ecosystem-statistics/rupay
2023-24,2024,January,1,KMB,KOTAK MAHINDRA BANK,,0.00009,,,,2024-02-01,2026-03-27,National Payments Corporation of India (NPCI),https://www.npci.org.in/product/ecosystem-statistics/rupay
2023-24,2024,January,1,KTB,KARNATAKA BANK,,0,,,,2024-02-01,2026-03-27,National Payments Corporation of India (NPCI),https://www.npci.org.in/product/ecosystem-statistics/rupay
2023-24,2024,January,1,KVB,KARUR VYSYA BANK,,0.00004,,,,2024-02-01,2026-03-27,National Payments Corporation of India (NPCI),https://www.npci.org.in/product/ecosystem-statistics/rupay
2023-24,2024,January,1,MIT,PUNJAB NATIONAL BANK,,0.0002,,,,2024-02-01,2026-03-27,National Payments Corporation of India (NPCI),https://www.npci.org.in/product/ecosystem-statistics/rupay
2023-24,2024,January,1,NSD,NSDL PAYMENTS BANK LTD,,0,,,,2024-02-01,2026-03-27,National Payments Corporation of India (NPCI),https://www.npci.org.in/product/ecosystem-statistics/rupay
2023-24,2024,January,1,PYT,PAYTM PAYMENTS BANK,,0.00001,,,,2024-02-01,2026-03-27,National Payments Corporation of India (NPCI),https://www.npci.org.in/product/ecosystem-statistics/rupay
2023-24,2024,January,1,RBL,RATNAKAR BANK,,0.00007,,,,2024-02-01,2026-03-27,National Payments Corporation of India (NPCI),https://www.npci.org.in/product/ecosystem-statistics/rupay
2023-24,2024,January,1,SBI,STATE BANK OF INDIA,,0.00016,,,,2024-02-01,2026-03-27,National Payments Corporation of India (NPCI),https://www.npci.org.in/product/ecosystem-statistics/rupay
2023-24,2024,January,1,SIB,THE SOUTH INDIAN BANK,,0.00004,,,,2024-02-01,2026-03-27,National Payments Corporation of India (NPCI),https://www.npci.org.in/product/ecosystem-statistics/rupay
2023-24,2024,January,1,TJSB,THANE JANATA SAHAKARI BANK,,0.00126,,,,2024-02-01,2026-03-27,National Payments Corporation of India (NPCI),https://www.npci.org.in/product/ecosystem-statistics/rupay
2023-24,2024,January,1,TMB,TAMILNAD MERCANTILE BANK,,0.00002,,,,2024-02-01,2026-03-27,National Payments Corporation of India (NPCI),https://www.npci.org.in/product/ecosystem-statistics/rupay
2023-24,2024,January,1,YBL,YES BANK LIMITED,,0.00025,,,,2024-02-01,2026-03-27,National Payments Corporation of India (NPCI),https://www.npci.org.in/product/ecosystem-statistics/rupay
2023-24,2024,February,2,AXB,AXIS BANK,,0.0002,,,,2024-03-01,2026-03-27,National Payments Corporation of India (NPCI),https://www.npci.org.in/product/ecosystem-statistics/rupay
2023-24,2024,February,2,BBF,BANK OF BARODA,,0.00014,,,,2024-03-01,2026-03-27,National Payments Corporation of India (NPCI),https://www.npci.org.in/product/ecosystem-statistics/rupay
2023-24,2024,February,2,BDN,BANDHAN BANK,,0.00001,,,,2024-03-01,2026-03-27,National Payments Corporation of India (NPCI),https://www.npci.org.in/product/ecosystem-statistics/rupay
2023-24,2024,February,2,BOI,BANK OF INDIA,,0.00001,,,,2024-03-01,2026-03-27,National Payments Corporation of India (NPCI),https://www.npci.org.in/product/ecosystem-statistics/rupay
2023-24,2024,February,2,BOM,BANK OF MAHARASHTRA,,0,,,,2024-03-01,2026-03-27,National Payments Corporation of India (NPCI),https://www.npci.org.in/product/ecosystem-statistics/rupay
2023-24,2024,February,2,BPG,Airtel Payments Bank Limited,,0.00008,,,,2024-03-01,2026-03-27,National Payments Corporation of India (NPCI),https://www.npci.org.in/product/ecosystem-statistics/rupay
2023-24,2024,February,2,CBI,CENTRAL BANK OF INDIA,,0,,,,2024-03-01,2026-03-27,National Payments Corporation of India (NPCI),https://www.npci.org.in/product/ecosystem-statistics/rupay
2023-24,2024,February,2,CNB,CANARA BANK,,0.00005,,,,2024-03-01,2026-03-27,National Payments Corporation of India (NPCI),https://www.npci.org.in/product/ecosystem-statistics/rupay
2023-24,2024,February,2,CRB,UNION BANK OF INDIA,,0.0002,,,,2024-03-01,2026-03-27,National Payments Corporation of India (NPCI),https://www.npci.org.in/product/ecosystem-statistics/rupay
2023-24,2024,February,2,CSB,CSB BANK,,0,,,,2024-03-01,2026-03-27,National Payments Corporation of India (NPCI),https://www.npci.org.in/product/ecosystem-statistics/rupay
2023-24,2024,February,2,CUB,CITY UNION BANK,,0.00009,,,,2024-03-01,2026-03-27,National Payments Corporation of India (NPCI),https://www.npci.org.in/product/ecosystem-statistics/rupay
2023-24,2024,February,2,DBS,DBS BANK INDIA LTD,,0,,,,2024-03-01,2026-03-27,National Payments Corporation of India (NPCI),https://www.npci.org.in/product/ecosystem-statistics/rupay
2023-24,2024,February,2,DCB,DCB BANK,,0,,,,2024-03-01,2026-03-27,National Payments Corporation of India (NPCI),https://www.npci.org.in/product/ecosystem-statistics/rupay
2023-24,2024,February,2,ESF,EQUITAS SMALL FINANCE BANK,,0.00009,,,,2024-03-01,2026-03-27,National Payments Corporation of India (NPCI),https://www.npci.org.in/product/ecosystem-statistics/rupay
2023-24,2024,February,2,FBL,THE FEDERAL BANK,,0.00014,,,,2024-03-01,2026-03-27,National Payments Corporation of India (NPCI),https://www.npci.org.in/product/ecosystem-statistics/rupay
2023-24,2024,February,2,HDF,HDFC BANK,,0.00008,,,,2024-03-01,2026-03-27,National Payments Corporation of India (NPCI),https://www.npci.org.in/product/ecosystem-statistics/rupay
2023-24,2024,February,2,ICI,ICICI BANK,,0.00012,,,,2024-03-01,2026-03-27,National Payments Corporation of India (NPCI),https://www.npci.org.in/product/ecosystem-statistics/rupay
2023-24,2024,February,2,IDB,IDBI BANK,,0.0019,,,,2024-03-01,2026-03-27,National Payments Corporation of India (NPCI),https://www.npci.org.in/product/ecosystem-statistics/rupay
2023-24,2024,February,2,IDF,IDFC FIRST BANK,,0.00004,,,,2024-03-01,2026-03-27,National Payments Corporation of India (NPCI),https://www.npci.org.in/product/ecosystem-statistics/rupay
2023-24,2024,February,2,IIB,INDUSIND BANK,,0.0004,,,,2024-03-01,2026-03-27,National Payments Corporation of India (NPCI),https://www.npci.org.in/product/ecosystem-statistics/rupay
2023-24,2024,February,2,INB,INDIAN BANK,,0.00002,,,,2024-03-01,2026-03-27,National Payments Corporation of India (NPCI),https://www.npci.org.in/product/ecosystem-statistics/rupay
2023-24,2024,February,2,JKB,THE JAMMU AND KASHMIR BANK,,0.0001,,,,2024-03-01,2026-03-27,National Payments Corporation of India (NPCI),https://www.npci.org.in/product/ecosystem-statistics/rupay
2023-24,2024,February,2,KMB,KOTAK MAHINDRA BANK,,0.00006,,,,2024-03-01,2026-03-27,National Payments Corporation of India (NPCI),https://www.npci.org.in/product/ecosystem-statistics/rupay
2023-24,2024,February,2,KTB,KARNATAKA BANK,,0,,,,2024-03-01,2026-03-27,National Payments Corporation of India (NPCI),https://www.npci.org.in/product/ecosystem-statistics/rupay
2023-24,2024,February,2,KVB,KARUR VYSYA BANK,,0.00003,,,,2024-03-01,2026-03-27,National Payments Corporation of India (NPCI),https://www.npci.org.in/product/ecosystem-statistics/rupay
2023-24,2024,February,2,MIT,PUNJAB NATIONAL BANK,,0.00027,,,,2024-03-01,2026-03-27,National Payments Corporation of India (NPCI),https://www.npci.org.in/product/ecosystem-statistics/rupay
2023-24,2024,February,2,NSD,NSDL PAYMENTS BANK LTD,,0,,,,2024-03-01,2026-03-27,National Payments Corporation of India (NPCI),https://www.npci.org.in/product/ecosystem-statistics/rupay
2023-24,2024,February,2,PYT,PAYTM PAYMENTS BANK,,0.00001,,,,2024-03-01,2026-03-27,National Payments Corporation of India (NPCI),https://www.npci.org.in/product/ecosystem-statistics/rupay
2023-24,2024,February,2,RBL,RATNAKAR BANK,,0.00008,,,,2024-03-01,2026-03-27,National Payments Corporation of India (NPCI),https://www.npci.org.in/product/ecosystem-statistics/rupay
2023-24,2024,February,2,SBI,STATE BANK OF INDIA,,0.00018,,,,2024-03-01,2026-03-27,National Payments Corporation of India (NPCI),https://www.npci.org.in/product/ecosystem-statistics/rupay
2023-24,2024,February,2,SIB,THE SOUTH INDIAN BANK,,0.00031,,,,2024-03-01,2026-03-27,National Payments Corporation of India (NPCI),https://www.npci.org.in/product/ecosystem-statistics/rupay
2023-24,2024,February,2,TJSB,THANE JANATA SAHAKARI BANK,,0.00009,,,,2024-03-01,2026-03-27,National Payments Corporation of India (NPCI),https://www.npci.org.in/product/ecosystem-statistics/rupay
2023-24,2024,February,2,TMB,TAMILNAD MERCANTILE BANK,,0,,,,2024-03-01,2026-03-27,National Payments Corporation of India (NPCI),https://www.npci.org.in/product/ecosystem-statistics/rupay
2023-24,2024,February,2,YBL,YES BANK LIMITED,,0.00017,,,,2024-03-01,2026-03-27,National Payments Corporation of India (NPCI),https://www.npci.org.in/product/ecosystem-statistics/rupay
2023-24,2024,March,3,AUS,AU SMALL FINANCE BANK,,0,,,,2024-04-01,2026-03-27,National Payments Corporation of India (NPCI),https://www.npci.org.in/product/ecosystem-statistics/rupay
2023-24,2024,March,3,AXB,AXIS BANK,,0.0002,,,,2024-04-01,2026-03-27,National Payments Corporation of India (NPCI),https://www.npci.org.in/product/ecosystem-statistics/rupay
2023-24,2024,March,3,BBF,BANK OF BARODA,,0.00022,,,,2024-04-01,2026-03-27,National Payments Corporation of India (NPCI),https://www.npci.org.in/product/ecosystem-statistics/rupay
2023-24,2024,March,3,BDN,BANDHAN BANK,,0.00001,,,,2024-04-01,2026-03-27,National Payments Corporation of India (NPCI),https://www.npci.org.in/product/ecosystem-statistics/rupay
2023-24,2024,March,3,BOI,BANK OF INDIA,,0.00001,,,,2024-04-01,2026-03-27,National Payments Corporation of India (NPCI),https://www.npci.org.in/product/ecosystem-statistics/rupay
2023-24,2024,March,3,BOM,BANK OF MAHARASHTRA,,0,,,,2024-04-01,2026-03-27,National Payments Corporation of India (NPCI),https://www.npci.org.in/product/ecosystem-statistics/rupay
2023-24,2024,March,3,BPG,Airtel Payments Bank Limited,,0.00051,,,,2024-04-01,2026-03-27,National Payments Corporation of India (NPCI),https://www.npci.org.in/product/ecosystem-statistics/rupay
2023-24,2024,March,3,CBI,CENTRAL BANK OF INDIA,,0.00004,,,,2024-04-01,2026-03-27,National Payments Corporation of India (NPCI),https://www.npci.org.in/product/ecosystem-statistics/rupay
2023-24,2024,March,3,CNB,CANARA BANK,,0.00005,,,,2024-04-01,2026-03-27,National Payments Corporation of India (NPCI),https://www.npci.org.in/product/ecosystem-statistics/rupay
2023-24,2024,March,3,CRB,UNION BANK OF INDIA,,0.00021,,,,2024-04-01,2026-03-27,National Payments Corporation of India (NPCI),https://www.npci.org.in/product/ecosystem-statistics/rupay
2023-24,2024,March,3,CSB,CSB BANK,,0,,,,2024-04-01,2026-03-27,National Payments Corporation of India (NPCI),https://www.npci.org.in/product/ecosystem-statistics/rupay
2023-24,2024,March,3,CUB,CITY UNION BANK,,0.00006,,,,2024-04-01,2026-03-27,National Payments Corporation of India (NPCI),https://www.npci.org.in/product/ecosystem-statistics/rupay
2023-24,2024,March,3,DBS,DBS BANK INDIA LTD,,0.00037,,,,2024-04-01,2026-03-27,National Payments Corporation of India (NPCI),https://www.npci.org.in/product/ecosystem-statistics/rupay
2023-24,2024,March,3,DCB,DCB BANK,,0,,,,2024-04-01,2026-03-27,National Payments Corporation of India (NPCI),https://www.npci.org.in/product/ecosystem-statistics/rupay
2023-24,2024,March,3,ESF,EQUITAS SMALL FINANCE BANK,,0.00009,,,,2024-04-01,2026-03-27,National Payments Corporation of India (NPCI),https://www.npci.org.in/product/ecosystem-statistics/rupay
2023-24,2024,March,3,FBL,THE FEDERAL BANK,,0.00016,,,,2024-04-01,2026-03-27,National Payments Corporation of India (NPCI),https://www.npci.org.in/product/ecosystem-statistics/rupay
2023-24,2024,March,3,HDF,HDFC BANK,,0.00011,,,,2024-04-01,2026-03-27,National Payments Corporation of India (NPCI),https://www.npci.org.in/product/ecosystem-statistics/rupay
2023-24,2024,March,3,ICI,ICICI BANK,,0.00014,,,,2024-04-01,2026-03-27,National Payments Corporation of India (NPCI),https://www.npci.org.in/product/ecosystem-statistics/rupay
2023-24,2024,March,3,IDB,IDBI BANK,,0.00073,,,,2024-04-01,2026-03-27,National Payments Corporation of India (NPCI),https://www.npci.org.in/product/ecosystem-statistics/rupay
2023-24,2024,March,3,IDF,IDFC FIRST BANK,,0.00012,,,,2024-04-01,2026-03-27,National Payments Corporation of India (NPCI),https://www.npci.org.in/product/ecosystem-statistics/rupay
2023-24,2024,March,3,IIB,INDUSIND BANK,,0.00025,,,,2024-04-01,2026-03-27,National Payments Corporation of India (NPCI),https://www.npci.org.in/product/ecosystem-statistics/rupay
2023-24,2024,March,3,INB,INDIAN BANK,,0.00005,,,,2024-04-01,2026-03-27,National Payments Corporation of India (NPCI),https://www.npci.org.in/product/ecosystem-statistics/rupay
2023-24,2024,March,3,JKB,THE JAMMU AND KASHMIR BANK,,0,,,,2024-04-01,2026-03-27,National Payments Corporation of India (NPCI),https://www.npci.org.in/product/ecosystem-statistics/rupay
2023-24,2024,March,3,KMB,KOTAK MAHINDRA BANK,,0.00004,,,,2024-04-01,2026-03-27,National Payments Corporation of India (NPCI),https://www.npci.org.in/product/ecosystem-statistics/rupay
2023-24,2024,March,3,KTB,KARNATAKA BANK,,0,,,,2024-04-01,2026-03-27,National Payments Corporation of India (NPCI),https://www.npci.org.in/product/ecosystem-statistics/rupay
2023-24,2024,March,3,KVB,KARUR VYSYA BANK,,0.00009,,,,2024-04-01,2026-03-27,National Payments Corporation of India (NPCI),https://www.npci.org.in/product/ecosystem-statistics/rupay
2023-24,2024,March,3,MIT,PUNJAB NATIONAL BANK,,0.00022,,,,2024-04-01,2026-03-27,National Payments Corporation of India (NPCI),https://www.npci.org.in/product/ecosystem-statistics/rupay
2023-24,2024,March,3,NSD,NSDL PAYMENTS BANK LTD,,0,,,,2024-04-01,2026-03-27,National Payments Corporation of India (NPCI),https://www.npci.org.in/product/ecosystem-statistics/rupay
2023-24,2024,March,3,PYT,PAYTM PAYMENTS BANK,,0.00002,,,,2024-04-01,2026-03-27,National Payments Corporation of India (NPCI),https://www.npci.org.in/product/ecosystem-statistics/rupay
2023-24,2024,March,3,RBL,RATNAKAR BANK,,0.00012,,,,2024-04-01,2026-03-27,National Payments Corporation of India (NPCI),https://www.npci.org.in/product/ecosystem-statistics/rupay
2023-24,2024,March,3,SBI,STATE BANK OF INDIA,,0.00014,,,,2024-04-01,2026-03-27,National Payments Corporation of India (NPCI),https://www.npci.org.in/product/ecosystem-statistics/rupay
2023-24,2024,March,3,SIB,THE SOUTH INDIAN BANK,,0.00048,,,,2024-04-01,2026-03-27,National Payments Corporation of India (NPCI),https://www.npci.org.in/product/ecosystem-statistics/rupay
2023-24,2024,March,3,TJSB,THANE JANATA SAHAKARI BANK,,0.00021,,,,2024-04-01,2026-03-27,National Payments Corporation of India (NPCI),https://www.npci.org.in/product/ecosystem-statistics/rupay
2023-24,2024,March,3,TMB,TAMILNAD MERCANTILE BANK,,0.00002,,,,2024-04-01,2026-03-27,National Payments Corporation of India (NPCI),https://www.npci.org.in/product/ecosystem-statistics/rupay
2023-24,2024,March,3,YBL,YES BANK LIMITED,,0.00016,,,,2024-04-01,2026-03-27,National Payments Corporation of India (NPCI),https://www.npci.org.in/product/ecosystem-statistics/rupay
2024-25,2024,April,4,AUS,AU SMALL FINANCE BANK,,0,,,,2024-05-01,2026-03-27,National Payments Corporation of India (NPCI),https://www.npci.org.in/product/ecosystem-statistics/rupay
2024-25,2024,April,4,AXB,AXIS BANK,,0.00015,,,,2024-05-01,2026-03-27,National Payments Corporation of India (NPCI),https://www.npci.org.in/product/ecosystem-statistics/rupay
2024-25,2024,April,4,BBF,BANK OF BARODA,,0.00018,,,,2024-05-01,2026-03-27,National Payments Corporation of India (NPCI),https://www.npci.org.in/product/ecosystem-statistics/rupay
2024-25,2024,April,4,BDN,BANDHAN BANK,,0.00004,,,,2024-05-01,2026-03-27,National Payments Corporation of India (NPCI),https://www.npci.org.in/product/ecosystem-statistics/rupay
2024-25,2024,April,4,BOI,BANK OF INDIA,,0,,,,2024-05-01,2026-03-27,National Payments Corporation of India (NPCI),https://www.npci.org.in/product/ecosystem-statistics/rupay
2024-25,2024,April,4,BOM,BANK OF MAHARASHTRA,,0,,,,2024-05-01,2026-03-27,National Payments Corporation of India (NPCI),https://www.npci.org.in/product/ecosystem-statistics/rupay
2024-25,2024,April,4,BPG,Airtel Payments Bank Limited,,0.00029,,,,2024-05-01,2026-03-27,National Payments Corporation of India (NPCI),https://www.npci.org.in/product/ecosystem-statistics/rupay
2024-25,2024,April,4,CBI,CENTRAL BANK OF INDIA,,0.00004,,,,2024-05-01,2026-03-27,National Payments Corporation of India (NPCI),https://www.npci.org.in/product/ecosystem-statistics/rupay
2024-25,2024,April,4,CNB,CANARA BANK,,0.00004,,,,2024-05-01,2026-03-27,National Payments Corporation of India (NPCI),https://www.npci.org.in/product/ecosystem-statistics/rupay
2024-25,2024,April,4,CRB,UNION BANK OF INDIA,,0.00018,,,,2024-05-01,2026-03-27,National Payments Corporation of India (NPCI),https://www.npci.org.in/product/ecosystem-statistics/rupay
2024-25,2024,April,4,CSB,CSB BANK,,0,,,,2024-05-01,2026-03-27,National Payments Corporation of India (NPCI),https://www.npci.org.in/product/ecosystem-statistics/rupay
2024-25,2024,April,4,CUB,CITY UNION BANK,,0.00002,,,,2024-05-01,2026-03-27,National Payments Corporation of India (NPCI),https://www.npci.org.in/product/ecosystem-statistics/rupay
2024-25,2024,April,4,DBS,DBS BANK INDIA LTD,,0,,,,2024-05-01,2026-03-27,National Payments Corporation of India (NPCI),https://www.npci.org.in/product/ecosystem-statistics/rupay
2024-25,2024,April,4,DCB,DCB BANK,,0,,,,2024-05-01,2026-03-27,National Payments Corporation of India (NPCI),https://www.npci.org.in/product/ecosystem-statistics/rupay
2024-25,2024,April,4,ESF,EQUITAS SMALL FINANCE BANK,,0.00005,,,,2024-05-01,2026-03-27,National Payments Corporation of India (NPCI),https://www.npci.org.in/product/ecosystem-statistics/rupay
2024-25,2024,April,4,FBL,THE FEDERAL BANK,,0.00007,,,,2024-05-01,2026-03-27,National Payments Corporation of India (NPCI),https://www.npci.org.in/product/ecosystem-statistics/rupay
2024-25,2024,April,4,HDF,HDFC BANK,,0.00009,,,,2024-05-01,2026-03-27,National Payments Corporation of India (NPCI),https://www.npci.org.in/product/ecosystem-statistics/rupay
2024-25,2024,April,4,ICI,ICICI BANK,,0.00008,,,,2024-05-01,2026-03-27,National Payments Corporation of India (NPCI),https://www.npci.org.in/product/ecosystem-statistics/rupay
2024-25,2024,April,4,IDB,IDBI BANK,,0.00014,,,,2024-05-01,2026-03-27,National Payments Corporation of India (NPCI),https://www.npci.org.in/product/ecosystem-statistics/rupay
2024-25,2024,April,4,IDF,IDFC FIRST BANK,,0.00006,,,,2024-05-01,2026-03-27,National Payments Corporation of India (NPCI),https://www.npci.org.in/product/ecosystem-statistics/rupay
2024-25,2024,April,4,IIB,INDUSIND BANK,,0.00008,,,,2024-05-01,2026-03-27,National Payments Corporation of India (NPCI),https://www.npci.org.in/product/ecosystem-statistics/rupay
2024-25,2024,April,4,INB,INDIAN BANK,,0.00003,,,,2024-05-01,2026-03-27,National Payments Corporation of India (NPCI),https://www.npci.org.in/product/ecosystem-statistics/rupay
2024-25,2024,April,4,JKB,THE JAMMU AND KASHMIR BANK,,0,,,,2024-05-01,2026-03-27,National Payments Corporation of India (NPCI),https://www.npci.org.in/product/ecosystem-statistics/rupay
2024-25,2024,April,4,KMB,KOTAK MAHINDRA BANK,,0.00005,,,,2024-05-01,2026-03-27,National Payments Corporation of India (NPCI),https://www.npci.org.in/product/ecosystem-statistics/rupay
2024-25,2024,April,4,KTB,KARNATAKA BANK,,0,,,,2024-05-01,2026-03-27,National Payments Corporation of India (NPCI),https://www.npci.org.in/product/ecosystem-statistics/rupay
2024-25,2024,April,4,KVB,KARUR VYSYA BANK,,0.00001,,,,2024-05-01,2026-03-27,National Payments Corporation of India (NPCI),https://www.npci.org.in/product/ecosystem-statistics/rupay
2024-25,2024,April,4,MIT,PUNJAB NATIONAL BANK,,0.00009,,,,2024-05-01,2026-03-27,National Payments Corporation of India (NPCI),https://www.npci.org.in/product/ecosystem-statistics/rupay
2024-25,2024,April,4,NSD,NSDL PAYMENTS BANK LTD,,0,,,,2024-05-01,2026-03-27,National Payments Corporation of India (NPCI),https://www.npci.org.in/product/ecosystem-statistics/rupay
2024-25,2024,April,4,PYT,PAYTM PAYMENTS BANK,,0,,,,2024-05-01,2026-03-27,National Payments Corporation of India (NPCI),https://www.npci.org.in/product/ecosystem-statistics/rupay
2024-25,2024,April,4,RBL,RATNAKAR BANK,,0.00006,,,,2024-05-01,2026-03-27,National Payments Corporation of India (NPCI),https://www.npci.org.in/product/ecosystem-statistics/rupay
2024-25,2024,April,4,SBI,STATE BANK OF INDIA,,0.00008,,,,2024-05-01,2026-03-27,National Payments Corporation of India (NPCI),https://www.npci.org.in/product/ecosystem-statistics/rupay
2024-25,2024,April,4,SIB,THE SOUTH INDIAN BANK,,0.00005,,,,2024-05-01,2026-03-27,National Payments Corporation of India (NPCI),https://www.npci.org.in/product/ecosystem-statistics/rupay
2024-25,2024,April,4,TJSB,THANE JANATA SAHAKARI BANK,,0.00012,,,,2024-05-01,2026-03-27,National Payments Corporation of India (NPCI),https://www.npci.org.in/product/ecosystem-statistics/rupay
2024-25,2024,April,4,TMB,TAMILNAD MERCANTILE BANK,,0.00002,,,,2024-05-01,2026-03-27,National Payments Corporation of India (NPCI),https://www.npci.org.in/product/ecosystem-statistics/rupay
2024-25,2024,April,4,YBL,YES BANK LIMITED,,0.00007,,,,2024-05-01,2026-03-27,National Payments Corporation of India (NPCI),https://www.npci.org.in/product/ecosystem-statistics/rupay
2024-25,2024,May,5,AUS,AU SMALL FINANCE BANK,,0,,,,2024-06-01,2026-03-27,National Payments Corporation of India (NPCI),https://www.npci.org.in/product/ecosystem-statistics/rupay
2024-25,2024,May,5,AXB,AXIS BANK,,0.00035,,,,2024-06-01,2026-03-27,National Payments Corporation of India (NPCI),https://www.npci.org.in/product/ecosystem-statistics/rupay
2024-25,2024,May,5,BBF,BANK OF BARODA,,0.00018,,,,2024-06-01,2026-03-27,National Payments Corporation of India (NPCI),https://www.npci.org.in/product/ecosystem-statistics/rupay
2024-25,2024,May,5,BDN,BANDHAN BANK,,0.00004,,,,2024-06-01,2026-03-27,National Payments Corporation of India (NPCI),https://www.npci.org.in/product/ecosystem-statistics/rupay
2024-25,2024,May,5,BOI,BANK OF INDIA,,0.00005,,,,2024-06-01,2026-03-27,National Payments Corporation of India (NPCI),https://www.npci.org.in/product/ecosystem-statistics/rupay
2024-25,2024,May,5,BOM,BANK OF MAHARASHTRA,,0,,,,2024-06-01,2026-03-27,National Payments Corporation of India (NPCI),https://www.npci.org.in/product/ecosystem-statistics/rupay
2024-25,2024,May,5,BPG,Airtel Payments Bank Limited,,0.00008,,,,2024-06-01,2026-03-27,National Payments Corporation of India (NPCI),https://www.npci.org.in/product/ecosystem-statistics/rupay
2024-25,2024,May,5,CBI,CENTRAL BANK OF INDIA,,0.00004,,,,2024-06-01,2026-03-27,National Payments Corporation of India (NPCI),https://www.npci.org.in/product/ecosystem-statistics/rupay
2024-25,2024,May,5,CNB,CANARA BANK,,0.00002,,,,2024-06-01,2026-03-27,National Payments Corporation of India (NPCI),https://www.npci.org.in/product/ecosystem-statistics/rupay
2024-25,2024,May,5,CRB,UNION BANK OF INDIA,,0.00033,,,,2024-06-01,2026-03-27,National Payments Corporation of India (NPCI),https://www.npci.org.in/product/ecosystem-statistics/rupay
2024-25,2024,May,5,CSB,CSB BANK,,0,,,,2024-06-01,2026-03-27,National Payments Corporation of India (NPCI),https://www.npci.org.in/product/ecosystem-statistics/rupay
2024-25,2024,May,5,CUB,CITY UNION BANK,,0.00001,,,,2024-06-01,2026-03-27,National Payments Corporation of India (NPCI),https://www.npci.org.in/product/ecosystem-statistics/rupay
2024-25,2024,May,5,DBS,DBS BANK INDIA LTD,,0,,,,2024-06-01,2026-03-27,National Payments Corporation of India (NPCI),https://www.npci.org.in/product/ecosystem-statistics/rupay
2024-25,2024,May,5,DCB,DCB BANK,,0,,,,2024-06-01,2026-03-27,National Payments Corporation of India (NPCI),https://www.npci.org.in/product/ecosystem-statistics/rupay
2024-25,2024,May,5,ESF,EQUITAS SMALL FINANCE BANK,,0.0002,,,,2024-06-01,2026-03-27,National Payments Corporation of India (NPCI),https://www.npci.org.in/product/ecosystem-statistics/rupay
2024-25,2024,May,5,FBL,THE FEDERAL BANK,,0.00011,,,,2024-06-01,2026-03-27,National Payments Corporation of India (NPCI),https://www.npci.org.in/product/ecosystem-statistics/rupay
2024-25,2024,May,5,HDF,HDFC BANK,,0.0001,,,,2024-06-01,2026-03-27,National Payments Corporation of India (NPCI),https://www.npci.org.in/product/ecosystem-statistics/rupay
2024-25,2024,May,5,ICI,ICICI BANK,,0.0001,,,,2024-06-01,2026-03-27,National Payments Corporation of India (NPCI),https://www.npci.org.in/product/ecosystem-statistics/rupay
2024-25,2024,May,5,IDB,IDBI BANK,,0.0001,,,,2024-06-01,2026-03-27,National Payments Corporation of India (NPCI),https://www.npci.org.in/product/ecosystem-statistics/rupay
2024-25,2024,May,5,IDF,IDFC FIRST BANK,,0.00004,,,,2024-06-01,2026-03-27,National Payments Corporation of India (NPCI),https://www.npci.org.in/product/ecosystem-statistics/rupay
2024-25,2024,May,5,IIB,INDUSIND BANK,,0.0002,,,,2024-06-01,2026-03-27,National Payments Corporation of India (NPCI),https://www.npci.org.in/product/ecosystem-statistics/rupay
2024-25,2024,May,5,INB,INDIAN BANK,,0.00003,,,,2024-06-01,2026-03-27,National Payments Corporation of India (NPCI),https://www.npci.org.in/product/ecosystem-statistics/rupay
2024-25,2024,May,5,JKB,THE JAMMU AND KASHMIR BANK,,0.00002,,,,2024-06-01,2026-03-27,National Payments Corporation of India (NPCI),https://www.npci.org.in/product/ecosystem-statistics/rupay
2024-25,2024,May,5,KMB,KOTAK MAHINDRA BANK,,0.00007,,,,2024-06-01,2026-03-27,National Payments Corporation of India (NPCI),https://www.npci.org.in/product/ecosystem-statistics/rupay
2024-25,2024,May,5,KTB,KARNATAKA BANK,,0,,,,2024-06-01,2026-03-27,National Payments Corporation of India (NPCI),https://www.npci.org.in/product/ecosystem-statistics/rupay
2024-25,2024,May,5,KVB,KARUR VYSYA BANK,,0.00001,,,,2024-06-01,2026-03-27,National Payments Corporation of India (NPCI),https://www.npci.org.in/product/ecosystem-statistics/rupay
2024-25,2024,May,5,MIT,PUNJAB NATIONAL BANK,,0.00007,,,,2024-06-01,2026-03-27,National Payments Corporation of India (NPCI),https://www.npci.org.in/product/ecosystem-statistics/rupay
2024-25,2024,May,5,NSD,NSDL PAYMENTS BANK LTD,,0,,,,2024-06-01,2026-03-27,National Payments Corporation of India (NPCI),https://www.npci.org.in/product/ecosystem-statistics/rupay
2024-25,2024,May,5,PYT,PAYTM PAYMENTS BANK,,0,,,,2024-06-01,2026-03-27,National Payments Corporation of India (NPCI),https://www.npci.org.in/product/ecosystem-statistics/rupay
2024-25,2024,May,5,RBL,RATNAKAR BANK,,0.00009,,,,2024-06-01,2026-03-27,National Payments Corporation of India (NPCI),https://www.npci.org.in/product/ecosystem-statistics/rupay
2024-25,2024,May,5,SBI,STATE BANK OF INDIA,,0.00011,,,,2024-06-01,2026-03-27,National Payments Corporation of India (NPCI),https://www.npci.org.in/product/ecosystem-statistics/rupay
2024-25,2024,May,5,SIB,THE SOUTH INDIAN BANK,,0.00003,,,,2024-06-01,2026-03-27,National Payments Corporation of India (NPCI),https://www.npci.org.in/product/ecosystem-statistics/rupay
2024-25,2024,May,5,TJSB,THANE JANATA SAHAKARI BANK,,0.00013,,,,2024-06-01,2026-03-27,National Payments Corporation of India (NPCI),https://www.npci.org.in/product/ecosystem-statistics/rupay
2024-25,2024,May,5,TMB,TAMILNAD MERCANTILE BANK,,0,,,,2024-06-01,2026-03-27,National Payments Corporation of India (NPCI),https://www.npci.org.in/product/ecosystem-statistics/rupay
2024-25,2024,May,5,YBL,YES BANK LIMITED,,0.00016,,,,2024-06-01,2026-03-27,National Payments Corporation of India (NPCI),https://www.npci.org.in/product/ecosystem-statistics/rupay
2024-25,2024,June,6,AUS,AU SMALL FINANCE BANK,,0,,,,2024-07-01,2026-03-27,National Payments Corporation of India (NPCI),https://www.npci.org.in/product/ecosystem-statistics/rupay
2024-25,2024,June,6,AXB,AXIS BANK,,0.00041,,,,2024-07-01,2026-03-27,National Payments Corporation of India (NPCI),https://www.npci.org.in/product/ecosystem-statistics/rupay
2024-25,2024,June,6,BBF,BANK OF BARODA,,0.00013,,,,2024-07-01,2026-03-27,National Payments Corporation of India (NPCI),https://www.npci.org.in/product/ecosystem-statistics/rupay
2024-25,2024,June,6,BDN,BANDHAN BANK,,0.00004,,,,2024-07-01,2026-03-27,National Payments Corporation of India (NPCI),https://www.npci.org.in/product/ecosystem-statistics/rupay
2024-25,2024,June,6,BOI,BANK OF INDIA,,0.00003,,,,2024-07-01,2026-03-27,National Payments Corporation of India (NPCI),https://www.npci.org.in/product/ecosystem-statistics/rupay
2024-25,2024,June,6,BOM,BANK OF MAHARASHTRA,,0,,,,2024-07-01,2026-03-27,National Payments Corporation of India (NPCI),https://www.npci.org.in/product/ecosystem-statistics/rupay
2024-25,2024,June,6,BPG,Airtel Payments Bank Limited,,0.00049,,,,2024-07-01,2026-03-27,National Payments Corporation of India (NPCI),https://www.npci.org.in/product/ecosystem-statistics/rupay
2024-25,2024,June,6,CBI,CENTRAL BANK OF INDIA,,0.0001,,,,2024-07-01,2026-03-27,National Payments Corporation of India (NPCI),https://www.npci.org.in/product/ecosystem-statistics/rupay
2024-25,2024,June,6,CNB,CANARA BANK,,0.00006,,,,2024-07-01,2026-03-27,National Payments Corporation of India (NPCI),https://www.npci.org.in/product/ecosystem-statistics/rupay
2024-25,2024,June,6,CRB,UNION BANK OF INDIA,,0.00021,,,,2024-07-01,2026-03-27,National Payments Corporation of India (NPCI),https://www.npci.org.in/product/ecosystem-statistics/rupay
2024-25,2024,June,6,CSB,CSB BANK,,0,,,,2024-07-01,2026-03-27,National Payments Corporation of India (NPCI),https://www.npci.org.in/product/ecosystem-statistics/rupay
2024-25,2024,June,6,CUB,CITY UNION BANK,,0.00006,,,,2024-07-01,2026-03-27,National Payments Corporation of India (NPCI),https://www.npci.org.in/product/ecosystem-statistics/rupay
2024-25,2024,June,6,DBS,DBS BANK INDIA LTD,,0,,,,2024-07-01,2026-03-27,National Payments Corporation of India (NPCI),https://www.npci.org.in/product/ecosystem-statistics/rupay
2024-25,2024,June,6,DCB,DCB BANK,,0,,,,2024-07-01,2026-03-27,National Payments Corporation of India (NPCI),https://www.npci.org.in/product/ecosystem-statistics/rupay
2024-25,2024,June,6,ESF,EQUITAS SMALL FINANCE BANK,,0.00015,,,,2024-07-01,2026-03-27,National Payments Corporation of India (NPCI),https://www.npci.org.in/product/ecosystem-statistics/rupay
2024-25,2024,June,6,FBL,THE FEDERAL BANK,,0.00007,,,,2024-07-01,2026-03-27,National Payments Corporation of India (NPCI),https://www.npci.org.in/product/ecosystem-statistics/rupay
2024-25,2024,June,6,HDF,HDFC BANK,,0.00007,,,,2024-07-01,2026-03-27,National Payments Corporation of India (NPCI),https://www.npci.org.in/product/ecosystem-statistics/rupay
2024-25,2024,June,6,ICI,ICICI BANK,,0.00009,,,,2024-07-01,2026-03-27,National Payments Corporation of India (NPCI),https://www.npci.org.in/product/ecosystem-statistics/rupay
2024-25,2024,June,6,IDB,IDBI BANK,,0.00009,,,,2024-07-01,2026-03-27,National Payments Corporation of India (NPCI),https://www.npci.org.in/product/ecosystem-statistics/rupay
2024-25,2024,June,6,IDF,IDFC FIRST BANK,,0.00003,,,,2024-07-01,2026-03-27,National Payments Corporation of India (NPCI),https://www.npci.org.in/product/ecosystem-statistics/rupay
2024-25,2024,June,6,IIB,INDUSIND BANK,,0.00008,,,,2024-07-01,2026-03-27,National Payments Corporation of India (NPCI),https://www.npci.org.in/product/ecosystem-statistics/rupay
2024-25,2024,June,6,INB,INDIAN BANK,,0.00002,,,,2024-07-01,2026-03-27,National Payments Corporation of India (NPCI),https://www.npci.org.in/product/ecosystem-statistics/rupay
2024-25,2024,June,6,JKB,THE JAMMU AND KASHMIR BANK,,0.00003,,,,2024-07-01,2026-03-27,National Payments Corporation of India (NPCI),https://www.npci.org.in/product/ecosystem-statistics/rupay
2024-25,2024,June,6,KMB,KOTAK MAHINDRA BANK,,0.00005,,,,2024-07-01,2026-03-27,National Payments Corporation of India (NPCI),https://www.npci.org.in/product/ecosystem-statistics/rupay
2024-25,2024,June,6,KTB,KARNATAKA BANK,,0,,,,2024-07-01,2026-03-27,National Payments Corporation of India (NPCI),https://www.npci.org.in/product/ecosystem-statistics/rupay
2024-25,2024,June,6,KVB,KARUR VYSYA BANK,,0.00003,,,,2024-07-01,2026-03-27,National Payments Corporation of India (NPCI),https://www.npci.org.in/product/ecosystem-statistics/rupay
2024-25,2024,June,6,MIT,PUNJAB NATIONAL BANK,,0.00006,,,,2024-07-01,2026-03-27,National Payments Corporation of India (NPCI),https://www.npci.org.in/product/ecosystem-statistics/rupay
2024-25,2024,June,6,NSD,NSDL PAYMENTS BANK LTD,,0,,,,2024-07-01,2026-03-27,National Payments Corporation of India (NPCI),https://www.npci.org.in/product/ecosystem-statistics/rupay
2024-25,2024,June,6,PYT,PAYTM PAYMENTS BANK,,0,,,,2024-07-01,2026-03-27,National Payments Corporation of India (NPCI),https://www.npci.org.in/product/ecosystem-statistics/rupay
2024-25,2024,June,6,RBL,RATNAKAR BANK,,0.00006,,,,2024-07-01,2026-03-27,National Payments Corporation of India (NPCI),https://www.npci.org.in/product/ecosystem-statistics/rupay
2024-25,2024,June,6,SBI,STATE BANK OF INDIA,,0.00008,,,,2024-07-01,2026-03-27,National Payments Corporation of India (NPCI),https://www.npci.org.in/product/ecosystem-statistics/rupay
2024-25,2024,June,6,SIB,THE SOUTH INDIAN BANK,,0.00004,,,,2024-07-01,2026-03-27,National Payments Corporation of India (NPCI),https://www.npci.org.in/product/ecosystem-statistics/rupay
2024-25,2024,June,6,TJSB,THANE JANATA SAHAKARI BANK,,0.00015,,,,2024-07-01,2026-03-27,National Payments Corporation of India (NPCI),https://www.npci.org.in/product/ecosystem-statistics/rupay
2024-25,2024,June,6,TMB,TAMILNAD MERCANTILE BANK,,0,,,,2024-07-01,2026-03-27,National Payments Corporation of India (NPCI),https://www.npci.org.in/product/ecosystem-statistics/rupay
2024-25,2024,June,6,YBL,YES BANK LIMITED,,0.00007,,,,2024-07-01,2026-03-27,National Payments Corporation of India (NPCI),https://www.npci.org.in/product/ecosystem-statistics/rupay
2024-25,2024,July,7,AUS,AU SMALL FINANCE BANK,,0,,,,2024-08-01,2026-03-27,National Payments Corporation of India (NPCI),https://www.npci.org.in/product/ecosystem-statistics/rupay
2024-25,2024,July,7,AXB,AXIS BANK,,0.00018,,,,2024-08-01,2026-03-27,National Payments Corporation of India (NPCI),https://www.npci.org.in/product/ecosystem-statistics/rupay
2024-25,2024,July,7,BBF,BANK OF BARODA,,0.00018,,,,2024-08-01,2026-03-27,National Payments Corporation of India (NPCI),https://www.npci.org.in/product/ecosystem-statistics/rupay
2024-25,2024,July,7,BDN,BANDHAN BANK,,0.00006,,,,2024-08-01,2026-03-27,National Payments Corporation of India (NPCI),https://www.npci.org.in/product/ecosystem-statistics/rupay
2024-25,2024,July,7,BOI,BANK OF INDIA,,0.00007,,,,2024-08-01,2026-03-27,National Payments Corporation of India (NPCI),https://www.npci.org.in/product/ecosystem-statistics/rupay
2024-25,2024,July,7,BOM,BANK OF MAHARASHTRA,,0,,,,2024-08-01,2026-03-27,National Payments Corporation of India (NPCI),https://www.npci.org.in/product/ecosystem-statistics/rupay
2024-25,2024,July,7,BPG,Airtel Payments Bank Limited,,0.00005,,,,2024-08-01,2026-03-27,National Payments Corporation of India (NPCI),https://www.npci.org.in/product/ecosystem-statistics/rupay
2024-25,2024,July,7,CBI,CENTRAL BANK OF INDIA,,0.0001,,,,2024-08-01,2026-03-27,National Payments Corporation of India (NPCI),https://www.npci.org.in/product/ecosystem-statistics/rupay
2024-25,2024,July,7,CNB,CANARA BANK,,0.00004,,,,2024-08-01,2026-03-27,National Payments Corporation of India (NPCI),https://www.npci.org.in/product/ecosystem-statistics/rupay
2024-25,2024,July,7,CRB,UNION BANK OF INDIA,,0.00018,,,,2024-08-01,2026-03-27,National Payments Corporation of India (NPCI),https://www.npci.org.in/product/ecosystem-statistics/rupay
2024-25,2024,July,7,CSB,CSB BANK,,0,,,,2024-08-01,2026-03-27,National Payments Corporation of India (NPCI),https://www.npci.org.in/product/ecosystem-statistics/rupay
2024-25,2024,July,7,CUB,CITY UNION BANK,,0.00003,,,,2024-08-01,2026-03-27,National Payments Corporation of India (NPCI),https://www.npci.org.in/product/ecosystem-statistics/rupay
2024-25,2024,July,7,DBS,DBS BANK INDIA LTD,,0,,,,2024-08-01,2026-03-27,National Payments Corporation of India (NPCI),https://www.npci.org.in/product/ecosystem-statistics/rupay
2024-25,2024,July,7,DCB,DCB BANK,,0,,,,2024-08-01,2026-03-27,National Payments Corporation of India (NPCI),https://www.npci.org.in/product/ecosystem-statistics/rupay
2024-25,2024,July,7,ESF,EQUITAS SMALL FINANCE BANK,,0.0002,,,,2024-08-01,2026-03-27,National Payments Corporation of India (NPCI),https://www.npci.org.in/product/ecosystem-statistics/rupay
2024-25,2024,July,7,FBL,THE FEDERAL BANK,,0.00011,,,,2024-08-01,2026-03-27,National Payments Corporation of India (NPCI),https://www.npci.org.in/product/ecosystem-statistics/rupay
2024-25,2024,July,7,HDF,HDFC BANK,,0.0001,,,,2024-08-01,2026-03-27,National Payments Corporation of India (NPCI),https://www.npci.org.in/product/ecosystem-statistics/rupay
2024-25,2024,July,7,ICI,ICICI BANK,,0,,,,2024-08-01,2026-03-27,National Payments Corporation of India (NPCI),https://www.npci.org.in/product/ecosystem-statistics/rupay
2024-25,2024,July,7,IDB,IDBI BANK,,0.0001,,,,2024-08-01,2026-03-27,National Payments Corporation of India (NPCI),https://www.npci.org.in/product/ecosystem-statistics/rupay
2024-25,2024,July,7,IDF,IDFC FIRST BANK,,0.00004,,,,2024-08-01,2026-03-27,National Payments Corporation of India (NPCI),https://www.npci.org.in/product/ecosystem-statistics/rupay
2024-25,2024,July,7,IIB,INDUSIND BANK,,0,,,,2024-08-01,2026-03-27,National Payments Corporation of India (NPCI),https://www.npci.org.in/product/ecosystem-statistics/rupay
2024-25,2024,July,7,INB,INDIAN BANK,,0.00002,,,,2024-08-01,2026-03-27,National Payments Corporation of India (NPCI),https://www.npci.org.in/product/ecosystem-statistics/rupay
2024-25,2024,July,7,JKB,THE JAMMU AND KASHMIR BANK,,0.00003,,,,2024-08-01,2026-03-27,National Payments Corporation of India (NPCI),https://www.npci.org.in/product/ecosystem-statistics/rupay
2024-25,2024,July,7,KMB,KOTAK MAHINDRA BANK,,0.00006,,,,2024-08-01,2026-03-27,National Payments Corporation of India (NPCI),https://www.npci.org.in/product/ecosystem-statistics/rupay
2024-25,2024,July,7,KTB,KARNATAKA BANK,,0,,,,2024-08-01,2026-03-27,National Payments Corporation of India (NPCI),https://www.npci.org.in/product/ecosystem-statistics/rupay
2024-25,2024,July,7,KVB,KARUR VYSYA BANK,,0.00005,,,,2024-08-01,2026-03-27,National Payments Corporation of India (NPCI),https://www.npci.org.in/product/ecosystem-statistics/rupay
2024-25,2024,July,7,MIT,PUNJAB NATIONAL BANK,,0.00009,,,,2024-08-01,2026-03-27,National Payments Corporation of India (NPCI),https://www.npci.org.in/product/ecosystem-statistics/rupay
2024-25,2024,July,7,NSD,NSDL PAYMENTS BANK LTD,,0,,,,2024-08-01,2026-03-27,National Payments Corporation of India (NPCI),https://www.npci.org.in/product/ecosystem-statistics/rupay
2024-25,2024,July,7,PYT,PAYTM PAYMENTS BANK,,0,,,,2024-08-01,2026-03-27,National Payments Corporation of India (NPCI),https://www.npci.org.in/product/ecosystem-statistics/rupay
2024-25,2024,July,7,RBL,RATNAKAR BANK,,0.00009,,,,2024-08-01,2026-03-27,National Payments Corporation of India (NPCI),https://www.npci.org.in/product/ecosystem-statistics/rupay
2024-25,2024,July,7,SBI,STATE BANK OF INDIA,,0.00008,,,,2024-08-01,2026-03-27,National Payments Corporation of India (NPCI),https://www.npci.org.in/product/ecosystem-statistics/rupay
2024-25,2024,July,7,SIB,THE SOUTH INDIAN BANK,,0.00003,,,,2024-08-01,2026-03-27,National Payments Corporation of India (NPCI),https://www.npci.org.in/product/ecosystem-statistics/rupay
2024-25,2024,July,7,TJSB,THANE JANATA SAHAKARI BANK,,0.00029,,,,2024-08-01,2026-03-27,National Payments Corporation of India (NPCI),https://www.npci.org.in/product/ecosystem-statistics/rupay
2024-25,2024,July,7,TMB,TAMILNAD MERCANTILE BANK,,0.00002,,,,2024-08-01,2026-03-27,National Payments Corporation of India (NPCI),https://www.npci.org.in/product/ecosystem-statistics/rupay
2024-25,2024,July,7,YBL,YES BANK LIMITED,,0.00013,,,,2024-08-01,2026-03-27,National Payments Corporation of India (NPCI),https://www.npci.org.in/product/ecosystem-statistics/rupay
2024-25,2024,August,8,AUS,AU SMALL FINANCE BANK,,0,,,,2024-09-01,2026-03-27,National Payments Corporation of India (NPCI),https://www.npci.org.in/product/ecosystem-statistics/rupay
2024-25,2024,August,8,AXB,AXIS BANK,,0.00016,,,,2024-09-01,2026-03-27,National Payments Corporation of India (NPCI),https://www.npci.org.in/product/ecosystem-statistics/rupay
2024-25,2024,August,8,BBF,BANK OF BARODA,,0.0002,,,,2024-09-01,2026-03-27,National Payments Corporation of India (NPCI),https://www.npci.org.in/product/ecosystem-statistics/rupay
2024-25,2024,August,8,BDN,BANDHAN BANK,,0.00004,,,,2024-09-01,2026-03-27,National Payments Corporation of India (NPCI),https://www.npci.org.in/product/ecosystem-statistics/rupay
2024-25,2024,August,8,BOI,BANK OF INDIA,,0.00006,,,,2024-09-01,2026-03-27,National Payments Corporation of India (NPCI),https://www.npci.org.in/product/ecosystem-statistics/rupay
2024-25,2024,August,8,BOM,BANK OF MAHARASHTRA,,0,,,,2024-09-01,2026-03-27,National Payments Corporation of India (NPCI),https://www.npci.org.in/product/ecosystem-statistics/rupay
2024-25,2024,August,8,BPG,Airtel Payments Bank Limited,,0.00002,,,,2024-09-01,2026-03-27,National Payments Corporation of India (NPCI),https://www.npci.org.in/product/ecosystem-statistics/rupay
2024-25,2024,August,8,CBI,CENTRAL BANK OF INDIA,,0,,,,2024-09-01,2026-03-27,National Payments Corporation of India (NPCI),https://www.npci.org.in/product/ecosystem-statistics/rupay
2024-25,2024,August,8,CNB,CANARA BANK,,0.00004,,,,2024-09-01,2026-03-27,National Payments Corporation of India (NPCI),https://www.npci.org.in/product/ecosystem-statistics/rupay
2024-25,2024,August,8,CRB,UNION BANK OF INDIA,,0.00025,,,,2024-09-01,2026-03-27,National Payments Corporation of India (NPCI),https://www.npci.org.in/product/ecosystem-statistics/rupay
2024-25,2024,August,8,CSB,CSB BANK,,0,,,,2024-09-01,2026-03-27,National Payments Corporation of India (NPCI),https://www.npci.org.in/product/ecosystem-statistics/rupay
2024-25,2024,August,8,CUB,CITY UNION BANK,,0.00004,,,,2024-09-01,2026-03-27,National Payments Corporation of India (NPCI),https://www.npci.org.in/product/ecosystem-statistics/rupay
2024-25,2024,August,8,DBS,DBS BANK INDIA LTD,,0,,,,2024-09-01,2026-03-27,National Payments Corporation of India (NPCI),https://www.npci.org.in/product/ecosystem-statistics/rupay
2024-25,2024,August,8,DCB,DCB BANK,,0,,,,2024-09-01,2026-03-27,National Payments Corporation of India (NPCI),https://www.npci.org.in/product/ecosystem-statistics/rupay
2024-25,2024,August,8,ESF,EQUITAS SMALL FINANCE BANK,,0,,,,2024-09-01,2026-03-27,National Payments Corporation of India (NPCI),https://www.npci.org.in/product/ecosystem-statistics/rupay
2024-25,2024,August,8,FBL,THE FEDERAL BANK,,0.00008,,,,2024-09-01,2026-03-27,National Payments Corporation of India (NPCI),https://www.npci.org.in/product/ecosystem-statistics/rupay
2024-25,2024,August,8,HDF,HDFC BANK,,0.00007,,,,2024-09-01,2026-03-27,National Payments Corporation of India (NPCI),https://www.npci.org.in/product/ecosystem-statistics/rupay
2024-25,2024,August,8,ICI,ICICI BANK,,0,,,,2024-09-01,2026-03-27,National Payments Corporation of India (NPCI),https://www.npci.org.in/product/ecosystem-statistics/rupay
2024-25,2024,August,8,IDB,IDBI BANK,,0.00013,,,,2024-09-01,2026-03-27,National Payments Corporation of India (NPCI),https://www.npci.org.in/product/ecosystem-statistics/rupay
2024-25,2024,August,8,IDF,IDFC FIRST BANK,,0.00004,,,,2024-09-01,2026-03-27,National Payments Corporation of India (NPCI),https://www.npci.org.in/product/ecosystem-statistics/rupay
2024-25,2024,August,8,IIB,INDUSIND BANK,,0,,,,2024-09-01,2026-03-27,National Payments Corporation of India (NPCI),https://www.npci.org.in/product/ecosystem-statistics/rupay
2024-25,2024,August,8,INB,INDIAN BANK,,0.00005,,,,2024-09-01,2026-03-27,National Payments Corporation of India (NPCI),https://www.npci.org.in/product/ecosystem-statistics/rupay
2024-25,2024,August,8,JKB,THE JAMMU AND KASHMIR BANK,,0.00002,,,,2024-09-01,2026-03-27,National Payments Corporation of India (NPCI),https://www.npci.org.in/product/ecosystem-statistics/rupay
2024-25,2024,August,8,KMB,KOTAK MAHINDRA BANK,,0.00003,,,,2024-09-01,2026-03-27,National Payments Corporation of India (NPCI),https://www.npci.org.in/product/ecosystem-statistics/rupay
2024-25,2024,August,8,KTB,KARNATAKA BANK,,0,,,,2024-09-01,2026-03-27,National Payments Corporation of India (NPCI),https://www.npci.org.in/product/ecosystem-statistics/rupay
2024-25,2024,August,8,KTB,KARNATAKA BANK,,0,,,,2024-09-01,2026-03-27,National Payments Corporation of India (NPCI),https://www.npci.org.in/product/ecosystem-statistics/rupay
2024-25,2024,August,8,KVB,KARUR VYSYA BANK,,0.00002,,,,2024-09-01,2026-03-27,National Payments Corporation of India (NPCI),https://www.npci.org.in/product/ecosystem-statistics/rupay
2024-25,2024,August,8,MIT,PUNJAB NATIONAL BANK,,0.00009,,,,2024-09-01,2026-03-27,National Payments Corporation of India (NPCI),https://www.npci.org.in/product/ecosystem-statistics/rupay
2024-25,2024,August,8,NSD,NSDL PAYMENTS BANK LTD,,0,,,,2024-09-01,2026-03-27,National Payments Corporation of India (NPCI),https://www.npci.org.in/product/ecosystem-statistics/rupay
2024-25,2024,August,8,PYT,PAYTM PAYMENTS BANK,,0,,,,2024-09-01,2026-03-27,National Payments Corporation of India (NPCI),https://www.npci.org.in/product/ecosystem-statistics/rupay
2024-25,2024,August,8,RBL,RATNAKAR BANK,,0.00007,,,,2024-09-01,2026-03-27,National Payments Corporation of India (NPCI),https://www.npci.org.in/product/ecosystem-statistics/rupay
2024-25,2024,August,8,SBI,STATE BANK OF INDIA,,0.00008,,,,2024-09-01,2026-03-27,National Payments Corporation of India (NPCI),https://www.npci.org.in/product/ecosystem-statistics/rupay
2024-25,2024,August,8,SIB,THE SOUTH INDIAN BANK,,0.00004,,,,2024-09-01,2026-03-27,National Payments Corporation of India (NPCI),https://www.npci.org.in/product/ecosystem-statistics/rupay
2024-25,2024,August,8,TJSB,THANE JANATA SAHAKARI BANK,,0.00015,,,,2024-09-01,2026-03-27,National Payments Corporation of India (NPCI),https://www.npci.org.in/product/ecosystem-statistics/rupay
2024-25,2024,August,8,TMB,TAMILNAD MERCANTILE BANK,,0.00002,,,,2024-09-01,2026-03-27,National Payments Corporation of India (NPCI),https://www.npci.org.in/product/ecosystem-statistics/rupay
2024-25,2024,August,8,YBL,YES BANK LIMITED,,0.00006,,,,2024-09-01,2026-03-27,National Payments Corporation of India (NPCI),https://www.npci.org.in/product/ecosystem-statistics/rupay
2024-25,2024,September,9,AUS,AU SMALL FINANCE BANK,,0,,,,2024-10-01,2026-03-27,National Payments Corporation of India (NPCI),https://www.npci.org.in/product/ecosystem-statistics/rupay
2024-25,2024,September,9,AXB,AXIS BANK,,0.00017,,,,2024-10-01,2026-03-27,National Payments Corporation of India (NPCI),https://www.npci.org.in/product/ecosystem-statistics/rupay
2024-25,2024,September,9,BBF,BANK OF BARODA,,0.00019,,,,2024-10-01,2026-03-27,National Payments Corporation of India (NPCI),https://www.npci.org.in/product/ecosystem-statistics/rupay
2024-25,2024,September,9,BDN,BANDHAN BANK,,0.00001,,,,2024-10-01,2026-03-27,National Payments Corporation of India (NPCI),https://www.npci.org.in/product/ecosystem-statistics/rupay
2024-25,2024,September,9,BOI,BANK OF INDIA,,0.00004,,,,2024-10-01,2026-03-27,National Payments Corporation of India (NPCI),https://www.npci.org.in/product/ecosystem-statistics/rupay
2024-25,2024,September,9,BOM,BANK OF MAHARASHTRA,,0,,,,2024-10-01,2026-03-27,National Payments Corporation of India (NPCI),https://www.npci.org.in/product/ecosystem-statistics/rupay
2024-25,2024,September,9,BPG,Airtel Payments Bank Limited,,0.00001,,,,2024-10-01,2026-03-27,National Payments Corporation of India (NPCI),https://www.npci.org.in/product/ecosystem-statistics/rupay
2024-25,2024,September,9,CBI,CENTRAL BANK OF INDIA,,0,,,,2024-10-01,2026-03-27,National Payments Corporation of India (NPCI),https://www.npci.org.in/product/ecosystem-statistics/rupay
2024-25,2024,September,9,CNB,CANARA BANK,,0.00003,,,,2024-10-01,2026-03-27,National Payments Corporation of India (NPCI),https://www.npci.org.in/product/ecosystem-statistics/rupay
2024-25,2024,September,9,CRB,UNION BANK OF INDIA,,0.00019,,,,2024-10-01,2026-03-27,National Payments Corporation of India (NPCI),https://www.npci.org.in/product/ecosystem-statistics/rupay
2024-25,2024,September,9,CSB,CSB BANK,,0,,,,2024-10-01,2026-03-27,National Payments Corporation of India (NPCI),https://www.npci.org.in/product/ecosystem-statistics/rupay
2024-25,2024,September,9,CUB,CITY UNION BANK,,0.00003,,,,2024-10-01,2026-03-27,National Payments Corporation of India (NPCI),https://www.npci.org.in/product/ecosystem-statistics/rupay
2024-25,2024,September,9,DBS,DBS BANK INDIA LTD,,0,,,,2024-10-01,2026-03-27,National Payments Corporation of India (NPCI),https://www.npci.org.in/product/ecosystem-statistics/rupay
2024-25,2024,September,9,DCB,DCB BANK,,0,,,,2024-10-01,2026-03-27,National Payments Corporation of India (NPCI),https://www.npci.org.in/product/ecosystem-statistics/rupay
2024-25,2024,September,9,ESF,EQUITAS SMALL FINANCE BANK,,0.00012,,,,2024-10-01,2026-03-27,National Payments Corporation of India (NPCI),https://www.npci.org.in/product/ecosystem-statistics/rupay
2024-25,2024,September,9,FBL,THE FEDERAL BANK,,0.00006,,,,2024-10-01,2026-03-27,National Payments Corporation of India (NPCI),https://www.npci.org.in/product/ecosystem-statistics/rupay
2024-25,2024,September,9,HDF,HDFC BANK,,0.00007,,,,2024-10-01,2026-03-27,National Payments Corporation of India (NPCI),https://www.npci.org.in/product/ecosystem-statistics/rupay
2024-25,2024,September,9,ICI,ICICI BANK LTD,,0.00008,,,,2024-10-01,2026-03-27,National Payments Corporation of India (NPCI),https://www.npci.org.in/product/ecosystem-statistics/rupay
2024-25,2024,September,9,IDB,IDBI BANK,,0.00013,,,,2024-10-01,2026-03-27,National Payments Corporation of India (NPCI),https://www.npci.org.in/product/ecosystem-statistics/rupay
2024-25,2024,September,9,IDF,IDFC FIRST BANK,,0.00005,,,,2024-10-01,2026-03-27,National Payments Corporation of India (NPCI),https://www.npci.org.in/product/ecosystem-statistics/rupay
2024-25,2024,September,9,IIB,INDUSIND BANK LIMITED,,0.0001,,,,2024-10-01,2026-03-27,National Payments Corporation of India (NPCI),https://www.npci.org.in/product/ecosystem-statistics/rupay
2024-25,2024,September,9,INB,INDIAN BANK,,0.00002,,,,2024-10-01,2026-03-27,National Payments Corporation of India (NPCI),https://www.npci.org.in/product/ecosystem-statistics/rupay
2024-25,2024,September,9,JKB,THE JAMMU AND KASHMIR BANK,,0.00008,,,,2024-10-01,2026-03-27,National Payments Corporation of India (NPCI),https://www.npci.org.in/product/ecosystem-statistics/rupay
2024-25,2024,September,9,KMB,KOTAK MAHINDRA BANK,,0.00004,,,,2024-10-01,2026-03-27,National Payments Corporation of India (NPCI),https://www.npci.org.in/product/ecosystem-statistics/rupay
2024-25,2024,September,9,KTB,KARNATAKA BANK,,0,,,,2024-10-01,2026-03-27,National Payments Corporation of India (NPCI),https://www.npci.org.in/product/ecosystem-statistics/rupay
2024-25,2024,September,9,KTB,KARNATAKA BANK,,0,,,,2024-10-01,2026-03-27,National Payments Corporation of India (NPCI),https://www.npci.org.in/product/ecosystem-statistics/rupay
2024-25,2024,September,9,KVB,KARUR VYSYA BANK,,0.00002,,,,2024-10-01,2026-03-27,National Payments Corporation of India (NPCI),https://www.npci.org.in/product/ecosystem-statistics/rupay
2024-25,2024,September,9,MIT,PUNJAB NATIONAL BANK,,0.00006,,,,2024-10-01,2026-03-27,National Payments Corporation of India (NPCI),https://www.npci.org.in/product/ecosystem-statistics/rupay
2024-25,2024,September,9,NSD,NSDL PAYMENTS BANK LTD,,0,,,,2024-10-01,2026-03-27,National Payments Corporation of India (NPCI),https://www.npci.org.in/product/ecosystem-statistics/rupay
2024-25,2024,September,9,PYT,PAYTM PAYMENTS BANK,,0,,,,2024-10-01,2026-03-27,National Payments Corporation of India (NPCI),https://www.npci.org.in/product/ecosystem-statistics/rupay
2024-25,2024,September,9,RBL,RATNAKAR BANK,,0.00007,,,,2024-10-01,2026-03-27,National Payments Corporation of India (NPCI),https://www.npci.org.in/product/ecosystem-statistics/rupay
2024-25,2024,September,9,SBI,STATE BANK OF INDIA,,0.00008,,,,2024-10-01,2026-03-27,National Payments Corporation of India (NPCI),https://www.npci.org.in/product/ecosystem-statistics/rupay
2024-25,2024,September,9,SIB,THE SOUTH INDIAN BANK,,0.00001,,,,2024-10-01,2026-03-27,National Payments Corporation of India (NPCI),https://www.npci.org.in/product/ecosystem-statistics/rupay
2024-25,2024,September,9,TJSB,THANE JANATA SAHAKARI BANK,,0.00019,,,,2024-10-01,2026-03-27,National Payments Corporation of India (NPCI),https://www.npci.org.in/product/ecosystem-statistics/rupay
2024-25,2024,September,9,TMB,TAMILNAD MERCANTILE BANK,,0.00002,,,,2024-10-01,2026-03-27,National Payments Corporation of India (NPCI),https://www.npci.org.in/product/ecosystem-statistics/rupay
2024-25,2024,September,9,YBL,YES BANK LIMITED,,0.00009,,,,2024-10-01,2026-03-27,National Payments Corporation of India (NPCI),https://www.npci.org.in/product/ecosystem-statistics/rupay
2024-25,2024,October,10,AUS,AU SMALL FINANCE BANK,,0,,,,2024-11-01,2026-03-27,National Payments Corporation of India (NPCI),https://www.npci.org.in/product/ecosystem-statistics/rupay
2024-25,2024,October,10,AXB,AXIS BANK,,0.00013,,,,2024-11-01,2026-03-27,National Payments Corporation of India (NPCI),https://www.npci.org.in/product/ecosystem-statistics/rupay
2024-25,2024,October,10,BBF,BANK OF BARODA,,0.00016,,,,2024-11-01,2026-03-27,National Payments Corporation of India (NPCI),https://www.npci.org.in/product/ecosystem-statistics/rupay
2024-25,2024,October,10,BDN,BANDHAN BANK,,0.00013,,,,2024-11-01,2026-03-27,National Payments Corporation of India (NPCI),https://www.npci.org.in/product/ecosystem-statistics/rupay
2024-25,2024,October,10,BOI,BANK OF INDIA,,0.00004,,,,2024-11-01,2026-03-27,National Payments Corporation of India (NPCI),https://www.npci.org.in/product/ecosystem-statistics/rupay
2024-25,2024,October,10,BOM,BANK OF MAHARASHTRA,,0.00009,,,,2024-11-01,2026-03-27,National Payments Corporation of India (NPCI),https://www.npci.org.in/product/ecosystem-statistics/rupay
2024-25,2024,October,10,BPG,Airtel Payments Bank Limited,,0.00001,,,,2024-11-01,2026-03-27,National Payments Corporation of India (NPCI),https://www.npci.org.in/product/ecosystem-statistics/rupay
2024-25,2024,October,10,CBI,CENTRAL BANK OF INDIA,,0,,,,2024-11-01,2026-03-27,National Payments Corporation of India (NPCI),https://www.npci.org.in/product/ecosystem-statistics/rupay
2024-25,2024,October,10,CNB,CANARA BANK,,0.00002,,,,2024-11-01,2026-03-27,National Payments Corporation of India (NPCI),https://www.npci.org.in/product/ecosystem-statistics/rupay
2024-25,2024,October,10,CRB,UNION BANK OF INDIA,,0.00016,,,,2024-11-01,2026-03-27,National Payments Corporation of India (NPCI),https://www.npci.org.in/product/ecosystem-statistics/rupay
2024-25,2024,October,10,CSB,CSB BANK,,0,,,,2024-11-01,2026-03-27,National Payments Corporation of India (NPCI),https://www.npci.org.in/product/ecosystem-statistics/rupay
2024-25,2024,October,10,CUB,CITY UNION BANK,,0.00008,,,,2024-11-01,2026-03-27,National Payments Corporation of India (NPCI),https://www.npci.org.in/product/ecosystem-statistics/rupay
2024-25,2024,October,10,DBS,DBS BANK INDIA LTD,,0,,,,2024-11-01,2026-03-27,National Payments Corporation of India (NPCI),https://www.npci.org.in/product/ecosystem-statistics/rupay
2024-25,2024,October,10,DCB,DCB BANK,,0,,,,2024-11-01,2026-03-27,National Payments Corporation of India (NPCI),https://www.npci.org.in/product/ecosystem-statistics/rupay
2024-25,2024,October,10,ESF,EQUITAS SMALL FINANCE BANK,,0.00011,,,,2024-11-01,2026-03-27,National Payments Corporation of India (NPCI),https://www.npci.org.in/product/ecosystem-statistics/rupay
2024-25,2024,October,10,FBL,THE FEDERAL BANK,,0.0001,,,,2024-11-01,2026-03-27,National Payments Corporation of India (NPCI),https://www.npci.org.in/product/ecosystem-statistics/rupay
2024-25,2024,October,10,HDF,HDFC BANK,,0.00006,,,,2024-11-01,2026-03-27,National Payments Corporation of India (NPCI),https://www.npci.org.in/product/ecosystem-statistics/rupay
2024-25,2024,October,10,ICI,ICICI BANK LTD,,0.00006,,,,2024-11-01,2026-03-27,National Payments Corporation of India (NPCI),https://www.npci.org.in/product/ecosystem-statistics/rupay
2024-25,2024,October,10,IDB,IDBI BANK,,0.00004,,,,2024-11-01,2026-03-27,National Payments Corporation of India (NPCI),https://www.npci.org.in/product/ecosystem-statistics/rupay
2024-25,2024,October,10,IDF,IDFC FIRST BANK,,0.00005,,,,2024-11-01,2026-03-27,National Payments Corporation of India (NPCI),https://www.npci.org.in/product/ecosystem-statistics/rupay
2024-25,2024,October,10,IIB,INDUSIND BANK LIMITED,,0.00007,,,,2024-11-01,2026-03-27,National Payments Corporation of India (NPCI),https://www.npci.org.in/product/ecosystem-statistics/rupay
2024-25,2024,October,10,INB,INDIAN BANK,,0.00002,,,,2024-11-01,2026-03-27,National Payments Corporation of India (NPCI),https://www.npci.org.in/product/ecosystem-statistics/rupay
2024-25,2024,October,10,JKB,THE JAMMU AND KASHMIR BANK,,0,,,,2024-11-01,2026-03-27,National Payments Corporation of India (NPCI),https://www.npci.org.in/product/ecosystem-statistics/rupay
2024-25,2024,October,10,KMB,KOTAK MAHINDRA BANK,,0.00005,,,,2024-11-01,2026-03-27,National Payments Corporation of India (NPCI),https://www.npci.org.in/product/ecosystem-statistics/rupay
2024-25,2024,October,10,KTB,KARNATAKA BANK,,0,,,,2024-11-01,2026-03-27,National Payments Corporation of India (NPCI),https://www.npci.org.in/product/ecosystem-statistics/rupay
2024-25,2024,October,10,KTB,KARNATAKA BANK,,0,,,,2024-11-01,2026-03-27,National Payments Corporation of India (NPCI),https://www.npci.org.in/product/ecosystem-statistics/rupay
2024-25,2024,October,10,KVB,KARUR VYSYA BANK,,0.00003,,,,2024-11-01,2026-03-27,National Payments Corporation of India (NPCI),https://www.npci.org.in/product/ecosystem-statistics/rupay
2024-25,2024,October,10,MIT,PUNJAB NATIONAL BANK,,0.00007,,,,2024-11-01,2026-03-27,National Payments Corporation of India (NPCI),https://www.npci.org.in/product/ecosystem-statistics/rupay
2024-25,2024,October,10,NSD,NSDL PAYMENTS BANK LTD,,0,,,,2024-11-01,2026-03-27,National Payments Corporation of India (NPCI),https://www.npci.org.in/product/ecosystem-statistics/rupay
2024-25,2024,October,10,PYT,PAYTM PAYMENTS BANK,,0,,,,2024-11-01,2026-03-27,National Payments Corporation of India (NPCI),https://www.npci.org.in/product/ecosystem-statistics/rupay
2024-25,2024,October,10,RBL,RATNAKAR BANK,,0.00005,,,,2024-11-01,2026-03-27,National Payments Corporation of India (NPCI),https://www.npci.org.in/product/ecosystem-statistics/rupay
2024-25,2024,October,10,SBI,STATE BANK OF INDIA,,0.00006,,,,2024-11-01,2026-03-27,National Payments Corporation of India (NPCI),https://www.npci.org.in/product/ecosystem-statistics/rupay
2024-25,2024,October,10,SIB,THE SOUTH INDIAN BANK,,0.00003,,,,2024-11-01,2026-03-27,National Payments Corporation of India (NPCI),https://www.npci.org.in/product/ecosystem-statistics/rupay
2024-25,2024,October,10,TJSB,THANE JANATA SAHAKARI BANK,,0.0005,,,,2024-11-01,2026-03-27,National Payments Corporation of India (NPCI),https://www.npci.org.in/product/ecosystem-statistics/rupay
2024-25,2024,October,10,TMB,TAMILNAD MERCANTILE BANK,,0,,,,2024-11-01,2026-03-27,National Payments Corporation of India (NPCI),https://www.npci.org.in/product/ecosystem-statistics/rupay
2024-25,2024,October,10,YBL,YES BANK LIMITED,,0.00009,,,,2024-11-01,2026-03-27,National Payments Corporation of India (NPCI),https://www.npci.org.in/product/ecosystem-statistics/rupay
2024-25,2024,November,11,AUS,AU SMALL FINANCE BANK,,0,,,,2024-12-01,2026-03-27,National Payments Corporation of India (NPCI),https://www.npci.org.in/product/ecosystem-statistics/rupay
2024-25,2024,November,11,AXB,AXIS BANK,,0.00012,,,,2024-12-01,2026-03-27,National Payments Corporation of India (NPCI),https://www.npci.org.in/product/ecosystem-statistics/rupay
2024-25,2024,November,11,BBF,BANK OF BARODA,,0.00022,,,,2024-12-01,2026-03-27,National Payments Corporation of India (NPCI),https://www.npci.org.in/product/ecosystem-statistics/rupay
2024-25,2024,November,11,BDN,BANDHAN BANK,,0.00002,,,,2024-12-01,2026-03-27,National Payments Corporation of India (NPCI),https://www.npci.org.in/product/ecosystem-statistics/rupay
2024-25,2024,November,11,BOI,BANK OF INDIA,,0.00002,,,,2024-12-01,2026-03-27,National Payments Corporation of India (NPCI),https://www.npci.org.in/product/ecosystem-statistics/rupay
2024-25,2024,November,11,BOM,BANK OF MAHARASHTRA,,0.00011,,,,2024-12-01,2026-03-27,National Payments Corporation of India (NPCI),https://www.npci.org.in/product/ecosystem-statistics/rupay
2024-25,2024,November,11,BPG,Airtel Payments Bank Limited,,0,,,,2024-12-01,2026-03-27,National Payments Corporation of India (NPCI),https://www.npci.org.in/product/ecosystem-statistics/rupay
2024-25,2024,November,11,CBI,CENTRAL BANK OF INDIA,,0.00003,,,,2024-12-01,2026-03-27,National Payments Corporation of India (NPCI),https://www.npci.org.in/product/ecosystem-statistics/rupay
2024-25,2024,November,11,CNB,CANARA BANK,,0.00004,,,,2024-12-01,2026-03-27,National Payments Corporation of India (NPCI),https://www.npci.org.in/product/ecosystem-statistics/rupay
2024-25,2024,November,11,CRB,UNION BANK OF INDIA,,0.00015,,,,2024-12-01,2026-03-27,National Payments Corporation of India (NPCI),https://www.npci.org.in/product/ecosystem-statistics/rupay
2024-25,2024,November,11,CSB,CSB BANK,,0,,,,2024-12-01,2026-03-27,National Payments Corporation of India (NPCI),https://www.npci.org.in/product/ecosystem-statistics/rupay
2024-25,2024,November,11,CUB,CITY UNION BANK,,0.00001,,,,2024-12-01,2026-03-27,National Payments Corporation of India (NPCI),https://www.npci.org.in/product/ecosystem-statistics/rupay
2024-25,2024,November,11,DBS,DBS BANK INDIA LTD,,0,,,,2024-12-01,2026-03-27,National Payments Corporation of India (NPCI),https://www.npci.org.in/product/ecosystem-statistics/rupay
2024-25,2024,November,11,DCB,DCB BANK,,0,,,,2024-12-01,2026-03-27,National Payments Corporation of India (NPCI),https://www.npci.org.in/product/ecosystem-statistics/rupay
2024-25,2024,November,11,ESF,EQUITAS SMALL FINANCE BANK,,0.00014,,,,2024-12-01,2026-03-27,National Payments Corporation of India (NPCI),https://www.npci.org.in/product/ecosystem-statistics/rupay
2024-25,2024,November,11,FBL,THE FEDERAL BANK,,0.00007,,,,2024-12-01,2026-03-27,National Payments Corporation of India (NPCI),https://www.npci.org.in/product/ecosystem-statistics/rupay
2024-25,2024,November,11,HDF,HDFC BANK,,0.00008,,,,2024-12-01,2026-03-27,National Payments Corporation of India (NPCI),https://www.npci.org.in/product/ecosystem-statistics/rupay
2024-25,2024,November,11,ICI,ICICI BANK LTD,,0.00006,,,,2024-12-01,2026-03-27,National Payments Corporation of India (NPCI),https://www.npci.org.in/product/ecosystem-statistics/rupay
2024-25,2024,November,11,IDB,IDBI BANK,,0.00014,,,,2024-12-01,2026-03-27,National Payments Corporation of India (NPCI),https://www.npci.org.in/product/ecosystem-statistics/rupay
2024-25,2024,November,11,IDF,IDFC FIRST BANK,,0.00007,,,,2024-12-01,2026-03-27,National Payments Corporation of India (NPCI),https://www.npci.org.in/product/ecosystem-statistics/rupay
2024-25,2024,November,11,IIB,INDUSIND BANK LIMITED,,0.00007,,,,2024-12-01,2026-03-27,National Payments Corporation of India (NPCI),https://www.npci.org.in/product/ecosystem-statistics/rupay
2024-25,2024,November,11,INB,INDIAN BANK,,0.00004,,,,2024-12-01,2026-03-27,National Payments Corporation of India (NPCI),https://www.npci.org.in/product/ecosystem-statistics/rupay
2024-25,2024,November,11,JKB,THE JAMMU AND KASHMIR BANK,,0.00002,,,,2024-12-01,2026-03-27,National Payments Corporation of India (NPCI),https://www.npci.org.in/product/ecosystem-statistics/rupay
2024-25,2024,November,11,KMB,KOTAK MAHINDRA BANK,,0.00009,,,,2024-12-01,2026-03-27,National Payments Corporation of India (NPCI),https://www.npci.org.in/product/ecosystem-statistics/rupay
2024-25,2024,November,11,KTB,KARNATAKA BANK,,0,,,,2024-12-01,2026-03-27,National Payments Corporation of India (NPCI),https://www.npci.org.in/product/ecosystem-statistics/rupay
2024-25,2024,November,11,KVB,KARUR VYSYA BANK,,0,,,,2024-12-01,2026-03-27,National Payments Corporation of India (NPCI),https://www.npci.org.in/product/ecosystem-statistics/rupay
2024-25,2024,November,11,MIT,PUNJAB NATIONAL BANK,,0.00004,,,,2024-12-01,2026-03-27,National Payments Corporation of India (NPCI),https://www.npci.org.in/product/ecosystem-statistics/rupay
2024-25,2024,November,11,NSD,NSDL PAYMENTS BANK LTD,,0,,,,2024-12-01,2026-03-27,National Payments Corporation of India (NPCI),https://www.npci.org.in/product/ecosystem-statistics/rupay
2024-25,2024,November,11,PYT,PAYTM PAYMENTS BANK,,0,,,,2024-12-01,2026-03-27,National Payments Corporation of India (NPCI),https://www.npci.org.in/product/ecosystem-statistics/rupay
2024-25,2024,November,11,RBL,RATNAKAR BANK,,0.00005,,,,2024-12-01,2026-03-27,National Payments Corporation of India (NPCI),https://www.npci.org.in/product/ecosystem-statistics/rupay
2024-25,2024,November,11,SBI,STATE BANK OF INDIA,,0.00005,,,,2024-12-01,2026-03-27,National Payments Corporation of India (NPCI),https://www.npci.org.in/product/ecosystem-statistics/rupay
2024-25,2024,November,11,SIB,THE SOUTH INDIAN BANK,,0.00002,,,,2024-12-01,2026-03-27,National Payments Corporation of India (NPCI),https://www.npci.org.in/product/ecosystem-statistics/rupay
2024-25,2024,November,11,TJSB,THANE JANATA SAHAKARI BANK,,0.00075,,,,2024-12-01,2026-03-27,National Payments Corporation of India (NPCI),https://www.npci.org.in/product/ecosystem-statistics/rupay
2024-25,2024,November,11,TMB,TAMILNAD MERCANTILE BANK,,0,,,,2024-12-01,2026-03-27,National Payments Corporation of India (NPCI),https://www.npci.org.in/product/ecosystem-statistics/rupay
2024-25,2024,November,11,YBL,YES BANK LIMITED,,0.00005,,,,2024-12-01,2026-03-27,National Payments Corporation of India (NPCI),https://www.npci.org.in/product/ecosystem-statistics/rupay
2024-25,2024,December,12,AUS,AU SMALL FINANCE BANK,,0,,,,2025-01-01,2026-03-27,National Payments Corporation of India (NPCI),https://www.npci.org.in/product/ecosystem-statistics/rupay
2024-25,2024,December,12,AXB,AXIS BANK,,0.00011,,,,2025-01-01,2026-03-27,National Payments Corporation of India (NPCI),https://www.npci.org.in/product/ecosystem-statistics/rupay
2024-25,2024,December,12,BBF,BANK OF BARODA,,0.00018,,,,2025-01-01,2026-03-27,National Payments Corporation of India (NPCI),https://www.npci.org.in/product/ecosystem-statistics/rupay
2024-25,2024,December,12,BDN,BANDHAN BANK,,0.00003,,,,2025-01-01,2026-03-27,National Payments Corporation of India (NPCI),https://www.npci.org.in/product/ecosystem-statistics/rupay
2024-25,2024,December,12,BOI,BANK OF INDIA,,0.00003,,,,2025-01-01,2026-03-27,National Payments Corporation of India (NPCI),https://www.npci.org.in/product/ecosystem-statistics/rupay
2024-25,2024,December,12,BOM,BANK OF MAHARASHTRA,,0,,,,2025-01-01,2026-03-27,National Payments Corporation of India (NPCI),https://www.npci.org.in/product/ecosystem-statistics/rupay
2024-25,2024,December,12,BPG,Airtel Payments Bank Limited,,0,,,,2025-01-01,2026-03-27,National Payments Corporation of India (NPCI),https://www.npci.org.in/product/ecosystem-statistics/rupay
2024-25,2024,December,12,BTN,ROYAL MONETARY AUTHORITY OF BHUTAN,,0,,,,2025-01-01,2026-03-27,National Payments Corporation of India (NPCI),https://www.npci.org.in/product/ecosystem-statistics/rupay
2024-25,2024,December,12,CBI,CENTRAL BANK OF INDIA,,0.00009,,,,2025-01-01,2026-03-27,National Payments Corporation of India (NPCI),https://www.npci.org.in/product/ecosystem-statistics/rupay
2024-25,2024,December,12,CNB,CANARA BANK,,0.00003,,,,2025-01-01,2026-03-27,National Payments Corporation of India (NPCI),https://www.npci.org.in/product/ecosystem-statistics/rupay
2024-25,2024,December,12,CRB,UNION BANK OF INDIA,,0.00057,,,,2025-01-01,2026-03-27,National Payments Corporation of India (NPCI),https://www.npci.org.in/product/ecosystem-statistics/rupay
2024-25,2024,December,12,CSB,CSB BANK,,0,,,,2025-01-01,2026-03-27,National Payments Corporation of India (NPCI),https://www.npci.org.in/product/ecosystem-statistics/rupay
2024-25,2024,December,12,CUB,CITY UNION BANK,,0.00002,,,,2025-01-01,2026-03-27,National Payments Corporation of India (NPCI),https://www.npci.org.in/product/ecosystem-statistics/rupay
2024-25,2024,December,12,DBS,DBS BANK INDIA LTD,,0,,,,2025-01-01,2026-03-27,National Payments Corporation of India (NPCI),https://www.npci.org.in/product/ecosystem-statistics/rupay
2024-25,2024,December,12,ESF,EQUITAS SMALL FINANCE BANK,,0.00013,,,,2025-01-01,2026-03-27,National Payments Corporation of India (NPCI),https://www.npci.org.in/product/ecosystem-statistics/rupay
2024-25,2024,December,12,FBL,THE FEDERAL BANK,,0.00007,,,,2025-01-01,2026-03-27,National Payments Corporation of India (NPCI),https://www.npci.org.in/product/ecosystem-statistics/rupay
2024-25,2024,December,12,HDF,HDFC BANK,,0.00009,,,,2025-01-01,2026-03-27,National Payments Corporation of India (NPCI),https://www.npci.org.in/product/ecosystem-statistics/rupay
2024-25,2024,December,12,ICI,ICICI BANK LTD,,0.00007,,,,2025-01-01,2026-03-27,National Payments Corporation of India (NPCI),https://www.npci.org.in/product/ecosystem-statistics/rupay
2024-25,2024,December,12,IDB,IDBI BANK,,0.00018,,,,2025-01-01,2026-03-27,National Payments Corporation of India (NPCI),https://www.npci.org.in/product/ecosystem-statistics/rupay
2024-25,2024,December,12,IDF,IDFC FIRST BANK,,0.0001,,,,2025-01-01,2026-03-27,National Payments Corporation of India (NPCI),https://www.npci.org.in/product/ecosystem-statistics/rupay
2024-25,2024,December,12,IIB,INDUSIND BANK LIMITED,,0.00008,,,,2025-01-01,2026-03-27,National Payments Corporation of India (NPCI),https://www.npci.org.in/product/ecosystem-statistics/rupay
2024-25,2024,December,12,INB,INDIAN BANK,,0.00001,,,,2025-01-01,2026-03-27,National Payments Corporation of India (NPCI),https://www.npci.org.in/product/ecosystem-statistics/rupay
2024-25,2024,December,12,JKB,THE JAMMU AND KASHMIR BANK,,0.00004,,,,2025-01-01,2026-03-27,National Payments Corporation of India (NPCI),https://www.npci.org.in/product/ecosystem-statistics/rupay
2024-25,2024,December,12,KMB,KOTAK MAHINDRA BANK,,0.00005,,,,2025-01-01,2026-03-27,National Payments Corporation of India (NPCI),https://www.npci.org.in/product/ecosystem-statistics/rupay
2024-25,2024,December,12,KTB,KARNATAKA BANK,,0,,,,2025-01-01,2026-03-27,National Payments Corporation of India (NPCI),https://www.npci.org.in/product/ecosystem-statistics/rupay
2024-25,2024,December,12,KVB,KARUR VYSYA BANK,,0.00002,,,,2025-01-01,2026-03-27,National Payments Corporation of India (NPCI),https://www.npci.org.in/product/ecosystem-statistics/rupay
2024-25,2024,December,12,MIT,PUNJAB NATIONAL BANK,,0.00003,,,,2025-01-01,2026-03-27,National Payments Corporation of India (NPCI),https://www.npci.org.in/product/ecosystem-statistics/rupay
2024-25,2024,December,12,NPL,NEPAL SBI BANK LIMITED,,0,,,,2025-01-01,2026-03-27,National Payments Corporation of India (NPCI),https://www.npci.org.in/product/ecosystem-statistics/rupay
2024-25,2024,December,12,NSD,NSDL PAYMENTS BANK LTD,,0,,,,2025-01-01,2026-03-27,National Payments Corporation of India (NPCI),https://www.npci.org.in/product/ecosystem-statistics/rupay
2024-25,2024,December,12,PYT,PAYTM PAYMENTS BANK,,0,,,,2025-01-01,2026-03-27,National Payments Corporation of India (NPCI),https://www.npci.org.in/product/ecosystem-statistics/rupay
2024-25,2024,December,12,RBL,RATNAKAR BANK,,0.00008,,,,2025-01-01,2026-03-27,National Payments Corporation of India (NPCI),https://www.npci.org.in/product/ecosystem-statistics/rupay
2024-25,2024,December,12,SBI,STATE BANK OF INDIA,,0.00006,,,,2025-01-01,2026-03-27,National Payments Corporation of India (NPCI),https://www.npci.org.in/product/ecosystem-statistics/rupay
2024-25,2024,December,12,SIB,THE SOUTH INDIAN BANK,,0.00002,,,,2025-01-01,2026-03-27,National Payments Corporation of India (NPCI),https://www.npci.org.in/product/ecosystem-statistics/rupay
2024-25,2024,December,12,TJSB,THANE JANATA SAHAKARI BANK,,0.00145,,,,2025-01-01,2026-03-27,National Payments Corporation of India (NPCI),https://www.npci.org.in/product/ecosystem-statistics/rupay
2024-25,2024,December,12,TMB,TAMILNAD MERCANTILE BANK,,0.00002,,,,2025-01-01,2026-03-27,National Payments Corporation of India (NPCI),https://www.npci.org.in/product/ecosystem-statistics/rupay
2024-25,2024,December,12,YBL,YES BANK LIMITED,,0.00007,,,,2025-01-01,2026-03-27,National Payments Corporation of India (NPCI),https://www.npci.org.in/product/ecosystem-statistics/rupay
2024-25,2025,January,1,AUS,AU SMALL FINANCE BANK,,0,,,,2025-02-01,2026-03-27,National Payments Corporation of India (NPCI),https://www.npci.org.in/product/ecosystem-statistics/rupay
2024-25,2025,January,1,AXB,AXIS BANK,,0.00014,,,,2025-02-01,2026-03-27,National Payments Corporation of India (NPCI),https://www.npci.org.in/product/ecosystem-statistics/rupay
2024-25,2025,January,1,BBF,BANK OF BARODA,,0.00022,,,,2025-02-01,2026-03-27,National Payments Corporation of India (NPCI),https://www.npci.org.in/product/ecosystem-statistics/rupay
2024-25,2025,January,1,BDN,BANDHAN BANK,,0.00025,,,,2025-02-01,2026-03-27,National Payments Corporation of India (NPCI),https://www.npci.org.in/product/ecosystem-statistics/rupay
2024-25,2025,January,1,BOI,BANK OF INDIA,,0.00001,,,,2025-02-01,2026-03-27,National Payments Corporation of India (NPCI),https://www.npci.org.in/product/ecosystem-statistics/rupay
2024-25,2025,January,1,BOM,BANK OF MAHARASHTRA,,0,,,,2025-02-01,2026-03-27,National Payments Corporation of India (NPCI),https://www.npci.org.in/product/ecosystem-statistics/rupay
2024-25,2025,January,1,BPG,Airtel Payments Bank Limited,,0,,,,2025-02-01,2026-03-27,National Payments Corporation of India (NPCI),https://www.npci.org.in/product/ecosystem-statistics/rupay
2024-25,2025,January,1,BTN,ROYAL MONETARY AUTHORITY OF BHUTAN,,0,,,,2025-02-01,2026-03-27,National Payments Corporation of India (NPCI),https://www.npci.org.in/product/ecosystem-statistics/rupay
2024-25,2025,January,1,CBI,CENTRAL BANK OF INDIA,,0,,,,2025-02-01,2026-03-27,National Payments Corporation of India (NPCI),https://www.npci.org.in/product/ecosystem-statistics/rupay
2024-25,2025,January,1,CNB,CANARA BANK,,0.00003,,,,2025-02-01,2026-03-27,National Payments Corporation of India (NPCI),https://www.npci.org.in/product/ecosystem-statistics/rupay
2024-25,2025,January,1,CRB,UNION BANK OF INDIA,,0.00045,,,,2025-02-01,2026-03-27,National Payments Corporation of India (NPCI),https://www.npci.org.in/product/ecosystem-statistics/rupay
2024-25,2025,January,1,CSB,CSB BANK,,0,,,,2025-02-01,2026-03-27,National Payments Corporation of India (NPCI),https://www.npci.org.in/product/ecosystem-statistics/rupay
2024-25,2025,January,1,CUB,CITY UNION BANK,,0.00004,,,,2025-02-01,2026-03-27,National Payments Corporation of India (NPCI),https://www.npci.org.in/product/ecosystem-statistics/rupay
2024-25,2025,January,1,DBS,DBS BANK INDIA LTD,,0,,,,2025-02-01,2026-03-27,National Payments Corporation of India (NPCI),https://www.npci.org.in/product/ecosystem-statistics/rupay
2024-25,2025,January,1,ESF,EQUITAS SMALL FINANCE BANK,,0,,,,2025-02-01,2026-03-27,National Payments Corporation of India (NPCI),https://www.npci.org.in/product/ecosystem-statistics/rupay
2024-25,2025,January,1,FBL,THE FEDERAL BANK,,0.00008,,,,2025-02-01,2026-03-27,National Payments Corporation of India (NPCI),https://www.npci.org.in/product/ecosystem-statistics/rupay
2024-25,2025,January,1,HDF,HDFC BANK,,0.00012,,,,2025-02-01,2026-03-27,National Payments Corporation of India (NPCI),https://www.npci.org.in/product/ecosystem-statistics/rupay
2024-25,2025,January,1,ICI,ICICI BANK LTD,,0.0001,,,,2025-02-01,2026-03-27,National Payments Corporation of India (NPCI),https://www.npci.org.in/product/ecosystem-statistics/rupay
2024-25,2025,January,1,IDB,IDBI BANK,,0.00005,,,,2025-02-01,2026-03-27,National Payments Corporation of India (NPCI),https://www.npci.org.in/product/ecosystem-statistics/rupay
2024-25,2025,January,1,IDF,IDFC FIRST BANK,,0.00009,,,,2025-02-01,2026-03-27,National Payments Corporation of India (NPCI),https://www.npci.org.in/product/ecosystem-statistics/rupay
2024-25,2025,January,1,IIB,INDUSIND BANK LIMITED,,0.0002,,,,2025-02-01,2026-03-27,National Payments Corporation of India (NPCI),https://www.npci.org.in/product/ecosystem-statistics/rupay
2024-25,2025,January,1,INB,INDIAN BANK,,0.00001,,,,2025-02-01,2026-03-27,National Payments Corporation of India (NPCI),https://www.npci.org.in/product/ecosystem-statistics/rupay
2024-25,2025,January,1,JKB,THE JAMMU AND KASHMIR BANK,,0.00005,,,,2025-02-01,2026-03-27,National Payments Corporation of India (NPCI),https://www.npci.org.in/product/ecosystem-statistics/rupay
2024-25,2025,January,1,KMB,KOTAK MAHINDRA BANK,,0.0001,,,,2025-02-01,2026-03-27,National Payments Corporation of India (NPCI),https://www.npci.org.in/product/ecosystem-statistics/rupay
2024-25,2025,January,1,KTB,KARNATAKA BANK,,0,,,,2025-02-01,2026-03-27,National Payments Corporation of India (NPCI),https://www.npci.org.in/product/ecosystem-statistics/rupay
2024-25,2025,January,1,KVB,KARUR VYSYA BANK,,0.00005,,,,2025-02-01,2026-03-27,National Payments Corporation of India (NPCI),https://www.npci.org.in/product/ecosystem-statistics/rupay
2024-25,2025,January,1,MIT,PUNJAB NATIONAL BANK,,0.00007,,,,2025-02-01,2026-03-27,National Payments Corporation of India (NPCI),https://www.npci.org.in/product/ecosystem-statistics/rupay
2024-25,2025,January,1,NPL,NEPAL SBI BANK LIMITED,,0,,,,2025-02-01,2026-03-27,National Payments Corporation of India (NPCI),https://www.npci.org.in/product/ecosystem-statistics/rupay
2024-25,2025,January,1,NSD,NSDL PAYMENTS BANK LTD,,0,,,,2025-02-01,2026-03-27,National Payments Corporation of India (NPCI),https://www.npci.org.in/product/ecosystem-statistics/rupay
2024-25,2025,January,1,PYT,PAYTM PAYMENTS BANK,,0,,,,2025-02-01,2026-03-27,National Payments Corporation of India (NPCI),https://www.npci.org.in/product/ecosystem-statistics/rupay
2024-25,2025,January,1,RBL,RATNAKAR BANK,,0.0001,,,,2025-02-01,2026-03-27,National Payments Corporation of India (NPCI),https://www.npci.org.in/product/ecosystem-statistics/rupay
2024-25,2025,January,1,SBI,STATE BANK OF INDIA,,0.00004,,,,2025-02-01,2026-03-27,National Payments Corporation of India (NPCI),https://www.npci.org.in/product/ecosystem-statistics/rupay
2024-25,2025,January,1,SIB,THE SOUTH INDIAN BANK,,0.00002,,,,2025-02-01,2026-03-27,National Payments Corporation of India (NPCI),https://www.npci.org.in/product/ecosystem-statistics/rupay
2024-25,2025,January,1,TJSB,THANE JANATA SAHAKARI BANK,,0.00071,,,,2025-02-01,2026-03-27,National Payments Corporation of India (NPCI),https://www.npci.org.in/product/ecosystem-statistics/rupay
2024-25,2025,January,1,TMB,TAMILNAD MERCANTILE BANK,,0.00005,,,,2025-02-01,2026-03-27,National Payments Corporation of India (NPCI),https://www.npci.org.in/product/ecosystem-statistics/rupay
2024-25,2025,January,1,YBL,YES BANK LIMITED,,0.00011,,,,2025-02-01,2026-03-27,National Payments Corporation of India (NPCI),https://www.npci.org.in/product/ecosystem-statistics/rupay
2024-25,2025,February,2,AUS,AU SMALL FINANCE BANK,,0,,,,2025-03-01,2026-03-27,National Payments Corporation of India (NPCI),https://www.npci.org.in/product/ecosystem-statistics/rupay
2024-25,2025,February,2,AXB,AXIS BANK,,0.000102830393532438,,,,2025-03-01,2026-03-27,National Payments Corporation of India (NPCI),https://www.npci.org.in/product/ecosystem-statistics/rupay
2024-25,2025,February,2,BBF,BANK OF BARODA,,0.000294937902530046,,,,2025-03-01,2026-03-27,National Payments Corporation of India (NPCI),https://www.npci.org.in/product/ecosystem-statistics/rupay
2024-25,2025,February,2,BDN,BANDHAN BANK,,0.0000671231037723184,,,,2025-03-01,2026-03-27,National Payments Corporation of India (NPCI),https://www.npci.org.in/product/ecosystem-statistics/rupay
2024-25,2025,February,2,BOI,BANK OF INDIA,,0.0000425676826153584,,,,2025-03-01,2026-03-27,National Payments Corporation of India (NPCI),https://www.npci.org.in/product/ecosystem-statistics/rupay
2024-25,2025,February,2,BOM,BANK OF MAHARASHTRA,,0,,,,2025-03-01,2026-03-27,National Payments Corporation of India (NPCI),https://www.npci.org.in/product/ecosystem-statistics/rupay
2024-25,2025,February,2,BPG,Airtel Payments Bank Limited,,0.00000354646315957713,,,,2025-03-01,2026-03-27,National Payments Corporation of India (NPCI),https://www.npci.org.in/product/ecosystem-statistics/rupay
2024-25,2025,February,2,BTN,ROYAL MONETARY AUTHORITY OF BHUTAN,,0,,,,2025-03-01,2026-03-27,National Payments Corporation of India (NPCI),https://www.npci.org.in/product/ecosystem-statistics/rupay
2024-25,2025,February,2,CBI,CENTRAL BANK OF INDIA,,0.0000512925728354534,,,,2025-03-01,2026-03-27,National Payments Corporation of India (NPCI),https://www.npci.org.in/product/ecosystem-statistics/rupay
2024-25,2025,February,2,CNB,CANARA BANK,,0.0000451152099994301,,,,2025-03-01,2026-03-27,National Payments Corporation of India (NPCI),https://www.npci.org.in/product/ecosystem-statistics/rupay
2024-25,2025,February,2,CRB,UNION BANK OF INDIA,,0.00020152266108017,,,,2025-03-01,2026-03-27,National Payments Corporation of India (NPCI),https://www.npci.org.in/product/ecosystem-statistics/rupay
2024-25,2025,February,2,CSB,CSB BANK,,0,,,,2025-03-01,2026-03-27,National Payments Corporation of India (NPCI),https://www.npci.org.in/product/ecosystem-statistics/rupay
2024-25,2025,February,2,CUB,CITY UNION BANK,,0.000098170350100011,,,,2025-03-01,2026-03-27,National Payments Corporation of India (NPCI),https://www.npci.org.in/product/ecosystem-statistics/rupay
2024-25,2025,February,2,DBS,DBS BANK INDIA LTD,,0,,,,2025-03-01,2026-03-27,National Payments Corporation of India (NPCI),https://www.npci.org.in/product/ecosystem-statistics/rupay
2024-25,2025,February,2,ESF,EQUITAS SMALL FINANCE BANK,,0,,,,2025-03-01,2026-03-27,National Payments Corporation of India (NPCI),https://www.npci.org.in/product/ecosystem-statistics/rupay
2024-25,2025,February,2,FBL,THE FEDERAL BANK,,0.0000602922018496786,,,,2025-03-01,2026-03-27,National Payments Corporation of India (NPCI),https://www.npci.org.in/product/ecosystem-statistics/rupay
2024-25,2025,February,2,HDF,HDFC BANK,,0.000104110894137368,,,,2025-03-01,2026-03-27,National Payments Corporation of India (NPCI),https://www.npci.org.in/product/ecosystem-statistics/rupay
2024-25,2025,February,2,ICI,ICICI BANK LTD,,0.0000868340898673011,,,,2025-03-01,2026-03-27,National Payments Corporation of India (NPCI),https://www.npci.org.in/product/ecosystem-statistics/rupay
2024-25,2025,February,2,IDB,IDBI BANK,,0.0000409973283407698,,,,2025-03-01,2026-03-27,National Payments Corporation of India (NPCI),https://www.npci.org.in/product/ecosystem-statistics/rupay
2024-25,2025,February,2,IDF,IDFC FIRST BANK,,0.000145093424043593,,,,2025-03-01,2026-03-27,National Payments Corporation of India (NPCI),https://www.npci.org.in/product/ecosystem-statistics/rupay
2024-25,2025,February,2,IIB,INDUSIND BANK LIMITED,,0.000225720279783927,,,,2025-03-01,2026-03-27,National Payments Corporation of India (NPCI),https://www.npci.org.in/product/ecosystem-statistics/rupay
2024-25,2025,February,2,INB,INDIAN BANK,,0.0000241328756131259,,,,2025-03-01,2026-03-27,National Payments Corporation of India (NPCI),https://www.npci.org.in/product/ecosystem-statistics/rupay
2024-25,2025,February,2,JKB,THE JAMMU AND KASHMIR BANK,,0,,,,2025-03-01,2026-03-27,National Payments Corporation of India (NPCI),https://www.npci.org.in/product/ecosystem-statistics/rupay
2024-25,2025,February,2,KMB,KOTAK MAHINDRA BANK,,0.000335447010193261,,,,2025-03-01,2026-03-27,National Payments Corporation of India (NPCI),https://www.npci.org.in/product/ecosystem-statistics/rupay
2024-25,2025,February,2,KTB,KARNATAKA BANK,,0,,,,2025-03-01,2026-03-27,National Payments Corporation of India (NPCI),https://www.npci.org.in/product/ecosystem-statistics/rupay
2024-25,2025,February,2,KVB,KARUR VYSYA BANK,,0.0000364166059723234,,,,2025-03-01,2026-03-27,National Payments Corporation of India (NPCI),https://www.npci.org.in/product/ecosystem-statistics/rupay
2024-25,2025,February,2,MIT,PUNJAB NATIONAL BANK,,0.0000439157476381562,,,,2025-03-01,2026-03-27,National Payments Corporation of India (NPCI),https://www.npci.org.in/product/ecosystem-statistics/rupay
2024-25,2025,February,2,NPL,NEPAL SBI BANK LIMITED,,0,,,,2025-03-01,2026-03-27,National Payments Corporation of India (NPCI),https://www.npci.org.in/product/ecosystem-statistics/rupay
2024-25,2025,February,2,NSD,NSDL PAYMENTS BANK LTD,,0,,,,2025-03-01,2026-03-27,National Payments Corporation of India (NPCI),https://www.npci.org.in/product/ecosystem-statistics/rupay
2024-25,2025,February,2,PYT,PAYTM PAYMENTS BANK,,0,,,,2025-03-01,2026-03-27,National Payments Corporation of India (NPCI),https://www.npci.org.in/product/ecosystem-statistics/rupay
2024-25,2025,February,2,RBL,RATNAKAR BANK,,0.0000758002057959368,,,,2025-03-01,2026-03-27,National Payments Corporation of India (NPCI),https://www.npci.org.in/product/ecosystem-statistics/rupay
2024-25,2025,February,2,SBI,STATE BANK OF INDIA,,0.0000611691314347438,,,,2025-03-01,2026-03-27,National Payments Corporation of India (NPCI),https://www.npci.org.in/product/ecosystem-statistics/rupay
2024-25,2025,February,2,SIB,THE SOUTH INDIAN BANK,,0.0000189012334944979,,,,2025-03-01,2026-03-27,National Payments Corporation of India (NPCI),https://www.npci.org.in/product/ecosystem-statistics/rupay
2024-25,2025,February,2,TJSB,TJSB SAHAKARI BANK LIMITED,,0.000102732689541812,,,,2025-03-01,2026-03-27,National Payments Corporation of India (NPCI),https://www.npci.org.in/product/ecosystem-statistics/rupay
2024-25,2025,February,2,TMB,TAMILNAD MERCANTILE BANK,,0,,,,2025-03-01,2026-03-27,National Payments Corporation of India (NPCI),https://www.npci.org.in/product/ecosystem-statistics/rupay
2024-25,2025,February,2,YBL,YES BANK LIMITED,,0.0000552373158756137,,,,2025-03-01,2026-03-27,National Payments Corporation of India (NPCI),https://www.npci.org.in/product/ecosystem-statistics/rupay
2024-25,2025,March,3,AUS,AU SMALL FINANCE BANK,,0,,,,2025-04-01,2026-03-27,National Payments Corporation of India (NPCI),https://www.npci.org.in/product/ecosystem-statistics/rupay
2024-25,2025,March,3,AXB,AXIS BANK,,0.011,,,,2025-04-01,2026-03-27,National Payments Corporation of India (NPCI),https://www.npci.org.in/product/ecosystem-statistics/rupay
2024-25,2025,March,3,BBF,BANK OF BARODA,,0.018,,,,2025-04-01,2026-03-27,National Payments Corporation of India (NPCI),https://www.npci.org.in/product/ecosystem-statistics/rupay
2024-25,2025,March,3,BDN,BANDHAN BANK,,0.008,,,,2025-04-01,2026-03-27,National Payments Corporation of India (NPCI),https://www.npci.org.in/product/ecosystem-statistics/rupay
2024-25,2025,March,3,BOI,BANK OF INDIA,,0.004,,,,2025-04-01,2026-03-27,National Payments Corporation of India (NPCI),https://www.npci.org.in/product/ecosystem-statistics/rupay
2024-25,2025,March,3,BOM,BANK OF MAHARASHTRA,,0,,,,2025-04-01,2026-03-27,National Payments Corporation of India (NPCI),https://www.npci.org.in/product/ecosystem-statistics/rupay
2024-25,2025,March,3,BPG,Airtel Payments Bank Limited,,0.003,,,,2025-04-01,2026-03-27,National Payments Corporation of India (NPCI),https://www.npci.org.in/product/ecosystem-statistics/rupay
2024-25,2025,March,3,BTN,ROYAL MONETARY AUTHORITY OF BHUTAN,,0,,,,2025-04-01,2026-03-27,National Payments Corporation of India (NPCI),https://www.npci.org.in/product/ecosystem-statistics/rupay
2024-25,2025,March,3,CBI,CENTRAL BANK OF INDIA,,0.002,,,,2025-04-01,2026-03-27,National Payments Corporation of India (NPCI),https://www.npci.org.in/product/ecosystem-statistics/rupay
2024-25,2025,March,3,CNB,CANARA BANK,,0.003,,,,2025-04-01,2026-03-27,National Payments Corporation of India (NPCI),https://www.npci.org.in/product/ecosystem-statistics/rupay
2024-25,2025,March,3,CRB,UNION BANK OF INDIA,,0.026,,,,2025-04-01,2026-03-27,National Payments Corporation of India (NPCI),https://www.npci.org.in/product/ecosystem-statistics/rupay
2024-25,2025,March,3,CSB,CSB BANK,,0,,,,2025-04-01,2026-03-27,National Payments Corporation of India (NPCI),https://www.npci.org.in/product/ecosystem-statistics/rupay
2024-25,2025,March,3,CUB,CITY UNION BANK,,0.002,,,,2025-04-01,2026-03-27,National Payments Corporation of India (NPCI),https://www.npci.org.in/product/ecosystem-statistics/rupay
2024-25,2025,March,3,DBS,DBS BANK INDIA LTD,,0,,,,2025-04-01,2026-03-27,National Payments Corporation of India (NPCI),https://www.npci.org.in/product/ecosystem-statistics/rupay
2024-25,2025,March,3,ESF,EQUITAS SMALL FINANCE BANK,,0,,,,2025-04-01,2026-03-27,National Payments Corporation of India (NPCI),https://www.npci.org.in/product/ecosystem-statistics/rupay
2024-25,2025,March,3,FBL,THE FEDERAL BANK,,0.003,,,,2025-04-01,2026-03-27,National Payments Corporation of India (NPCI),https://www.npci.org.in/product/ecosystem-statistics/rupay
2024-25,2025,March,3,HDF,HDFC BANK,,0.008,,,,2025-04-01,2026-03-27,National Payments Corporation of India (NPCI),https://www.npci.org.in/product/ecosystem-statistics/rupay
2024-25,2025,March,3,ICI,ICICI BANK LTD,,0.009,,,,2025-04-01,2026-03-27,National Payments Corporation of India (NPCI),https://www.npci.org.in/product/ecosystem-statistics/rupay
2024-25,2025,March,3,IDB,IDBI BANK,,0.004,,,,2025-04-01,2026-03-27,National Payments Corporation of India (NPCI),https://www.npci.org.in/product/ecosystem-statistics/rupay
2024-25,2025,March,3,IDF,IDFC FIRST BANK,,0.007,,,,2025-04-01,2026-03-27,National Payments Corporation of India (NPCI),https://www.npci.org.in/product/ecosystem-statistics/rupay
2024-25,2025,March,3,IIB,INDUSIND BANK LIMITED,,0.025,,,,2025-04-01,2026-03-27,National Payments Corporation of India (NPCI),https://www.npci.org.in/product/ecosystem-statistics/rupay
2024-25,2025,March,3,INB,INDIAN BANK,,0.003,,,,2025-04-01,2026-03-27,National Payments Corporation of India (NPCI),https://www.npci.org.in/product/ecosystem-statistics/rupay
2024-25,2025,March,3,JKB,THE JAMMU AND KASHMIR BANK,,0,,,,2025-04-01,2026-03-27,National Payments Corporation of India (NPCI),https://www.npci.org.in/product/ecosystem-statistics/rupay
2024-25,2025,March,3,KMB,KOTAK MAHINDRA BANK,,0.015,,,,2025-04-01,2026-03-27,National Payments Corporation of India (NPCI),https://www.npci.org.in/product/ecosystem-statistics/rupay
2024-25,2025,March,3,KTB,KARNATAKA BANK,,0,,,,2025-04-01,2026-03-27,National Payments Corporation of India (NPCI),https://www.npci.org.in/product/ecosystem-statistics/rupay
2024-25,2025,March,3,KVB,KARUR VYSYA BANK,,0,,,,2025-04-01,2026-03-27,National Payments Corporation of India (NPCI),https://www.npci.org.in/product/ecosystem-statistics/rupay
2024-25,2025,March,3,MIT,PUNJAB NATIONAL BANK,,0.005,,,,2025-04-01,2026-03-27,National Payments Corporation of India (NPCI),https://www.npci.org.in/product/ecosystem-statistics/rupay
2024-25,2025,March,3,NPL,NEPAL SBI BANK LIMITED,,0,,,,2025-04-01,2026-03-27,National Payments Corporation of India (NPCI),https://www.npci.org.in/product/ecosystem-statistics/rupay
2024-25,2025,March,3,NSD,NSDL PAYMENTS BANK LTD,,0,,,,2025-04-01,2026-03-27,National Payments Corporation of India (NPCI),https://www.npci.org.in/product/ecosystem-statistics/rupay
2024-25,2025,March,3,PYT,PAYTM PAYMENTS BANK,,0,,,,2025-04-01,2026-03-27,National Payments Corporation of India (NPCI),https://www.npci.org.in/product/ecosystem-statistics/rupay
2024-25,2025,March,3,RBL,RATNAKAR BANK,,0.007,,,,2025-04-01,2026-03-27,National Payments Corporation of India (NPCI),https://www.npci.org.in/product/ecosystem-statistics/rupay
2024-25,2025,March,3,SBI,STATE BANK OF INDIA,,0.006,,,,2025-04-01,2026-03-27,National Payments Corporation of India (NPCI),https://www.npci.org.in/product/ecosystem-statistics/rupay
2024-25,2025,March,3,SIB,THE SOUTH INDIAN BANK,,0.002,,,,2025-04-01,2026-03-27,National Payments Corporation of India (NPCI),https://www.npci.org.in/product/ecosystem-statistics/rupay
2024-25,2025,March,3,TJSB,TJSB SAHAKARI BANK LIMITED,,0.022,,,,2025-04-01,2026-03-27,National Payments Corporation of India (NPCI),https://www.npci.org.in/product/ecosystem-statistics/rupay
2024-25,2025,March,3,TMB,TAMILNAD MERCANTILE BANK,,0.003,,,,2025-04-01,2026-03-27,National Payments Corporation of India (NPCI),https://www.npci.org.in/product/ecosystem-statistics/rupay
2024-25,2025,March,3,YBL,YES BANK LIMITED,,0.009,,,,2025-04-01,2026-03-27,National Payments Corporation of India (NPCI),https://www.npci.org.in/product/ecosystem-statistics/rupay
2025-26,2025,April,4,AUS,AU SMALL FINANCE BANK,,0,,,,2025-05-01,2026-03-27,National Payments Corporation of India (NPCI),https://www.npci.org.in/product/ecosystem-statistics/rupay
2025-26,2025,April,4,AXB,AXIS BANK,,0.014,,,,2025-05-01,2026-03-27,National Payments Corporation of India (NPCI),https://www.npci.org.in/product/ecosystem-statistics/rupay
2025-26,2025,April,4,BBF,BANK OF BARODA,,0.022,,,,2025-05-01,2026-03-27,National Payments Corporation of India (NPCI),https://www.npci.org.in/product/ecosystem-statistics/rupay
2025-26,2025,April,4,BDN,BANDHAN BANK,,0.056,,,,2025-05-01,2026-03-27,National Payments Corporation of India (NPCI),https://www.npci.org.in/product/ecosystem-statistics/rupay
2025-26,2025,April,4,BOI,BANK OF INDIA,,0.002,,,,2025-05-01,2026-03-27,National Payments Corporation of India (NPCI),https://www.npci.org.in/product/ecosystem-statistics/rupay
2025-26,2025,April,4,BOM,BANK OF MAHARASHTRA,,0.042,,,,2025-05-01,2026-03-27,National Payments Corporation of India (NPCI),https://www.npci.org.in/product/ecosystem-statistics/rupay
2025-26,2025,April,4,BPG,Airtel Payments Bank Limited,,0,,,,2025-05-01,2026-03-27,National Payments Corporation of India (NPCI),https://www.npci.org.in/product/ecosystem-statistics/rupay
2025-26,2025,April,4,BTN,ROYAL MONETARY AUTHORITY OF BHUTAN,,0,,,,2025-05-01,2026-03-27,National Payments Corporation of India (NPCI),https://www.npci.org.in/product/ecosystem-statistics/rupay
2025-26,2025,April,4,CBI,CENTRAL BANK OF INDIA,,0.008,,,,2025-05-01,2026-03-27,National Payments Corporation of India (NPCI),https://www.npci.org.in/product/ecosystem-statistics/rupay
2025-26,2025,April,4,CNB,CANARA BANK,,0.003,,,,2025-05-01,2026-03-27,National Payments Corporation of India (NPCI),https://www.npci.org.in/product/ecosystem-statistics/rupay
2025-26,2025,April,4,CRB,UNION BANK OF INDIA,,0.32,,,,2025-05-01,2026-03-27,National Payments Corporation of India (NPCI),https://www.npci.org.in/product/ecosystem-statistics/rupay
2025-26,2025,April,4,CSB,CSB BANK,,0,,,,2025-05-01,2026-03-27,National Payments Corporation of India (NPCI),https://www.npci.org.in/product/ecosystem-statistics/rupay
2025-26,2025,April,4,CUB,CITY UNION BANK,,0.007,,,,2025-05-01,2026-03-27,National Payments Corporation of India (NPCI),https://www.npci.org.in/product/ecosystem-statistics/rupay
2025-26,2025,April,4,DBS,DBS BANK INDIA LTD,,0,,,,2025-05-01,2026-03-27,National Payments Corporation of India (NPCI),https://www.npci.org.in/product/ecosystem-statistics/rupay
2025-26,2025,April,4,ESF,EQUITAS SMALL FINANCE BANK,,0,,,,2025-05-01,2026-03-27,National Payments Corporation of India (NPCI),https://www.npci.org.in/product/ecosystem-statistics/rupay
2025-26,2025,April,4,FBL,THE FEDERAL BANK,,0.005,,,,2025-05-01,2026-03-27,National Payments Corporation of India (NPCI),https://www.npci.org.in/product/ecosystem-statistics/rupay
2025-26,2025,April,4,HDF,HDFC BANK,,0.016,,,,2025-05-01,2026-03-27,National Payments Corporation of India (NPCI),https://www.npci.org.in/product/ecosystem-statistics/rupay
2025-26,2025,April,4,ICI,ICICI BANK,,0.011,,,,2025-05-01,2026-03-27,National Payments Corporation of India (NPCI),https://www.npci.org.in/product/ecosystem-statistics/rupay
2025-26,2025,April,4,IDB,IDBI BANK,,0.003,,,,2025-05-01,2026-03-27,National Payments Corporation of India (NPCI),https://www.npci.org.in/product/ecosystem-statistics/rupay
2025-26,2025,April,4,IDF,IDFC FIRST BANK,,0.006,,,,2025-05-01,2026-03-27,National Payments Corporation of India (NPCI),https://www.npci.org.in/product/ecosystem-statistics/rupay
2025-26,2025,April,4,IIB,INDUSIND BANK,,0.044,,,,2025-05-01,2026-03-27,National Payments Corporation of India (NPCI),https://www.npci.org.in/product/ecosystem-statistics/rupay
2025-26,2025,April,4,INB,INDIAN BANK,,0,,,,2025-05-01,2026-03-27,National Payments Corporation of India (NPCI),https://www.npci.org.in/product/ecosystem-statistics/rupay
2025-26,2025,April,4,JKB,THE JAMMU AND KASHMIR BANK,,0,,,,2025-05-01,2026-03-27,National Payments Corporation of India (NPCI),https://www.npci.org.in/product/ecosystem-statistics/rupay
2025-26,2025,April,4,KMB,KOTAK MAHINDRA BANK,,0.018,,,,2025-05-01,2026-03-27,National Payments Corporation of India (NPCI),https://www.npci.org.in/product/ecosystem-statistics/rupay
2025-26,2025,April,4,KTB,KARNATAKA BANK,,0,,,,2025-05-01,2026-03-27,National Payments Corporation of India (NPCI),https://www.npci.org.in/product/ecosystem-statistics/rupay
2025-26,2025,April,4,KVB,KARUR VYSYA BANK,,0,,,,2025-05-01,2026-03-27,National Payments Corporation of India (NPCI),https://www.npci.org.in/product/ecosystem-statistics/rupay
2025-26,2025,April,4,MIT,PUNJAB NATIONAL BANK,,0.005,,,,2025-05-01,2026-03-27,National Payments Corporation of India (NPCI),https://www.npci.org.in/product/ecosystem-statistics/rupay
2025-26,2025,April,4,NPL,NEPAL SBI BANK LIMITED,,0,,,,2025-05-01,2026-03-27,National Payments Corporation of India (NPCI),https://www.npci.org.in/product/ecosystem-statistics/rupay
2025-26,2025,April,4,NSD,NSDL PAYMENTS BANK LTD,,0,,,,2025-05-01,2026-03-27,National Payments Corporation of India (NPCI),https://www.npci.org.in/product/ecosystem-statistics/rupay
2025-26,2025,April,4,PYT,PAYTM PAYMENTS BANK,,0,,,,2025-05-01,2026-03-27,National Payments Corporation of India (NPCI),https://www.npci.org.in/product/ecosystem-statistics/rupay
2025-26,2025,April,4,RBL,RATNAKAR BANK,,0.014,,,,2025-05-01,2026-03-27,National Payments Corporation of India (NPCI),https://www.npci.org.in/product/ecosystem-statistics/rupay
2025-26,2025,April,4,SBI,STATE BANK OF INDIA,,0.006,,,,2025-05-01,2026-03-27,National Payments Corporation of India (NPCI),https://www.npci.org.in/product/ecosystem-statistics/rupay
2025-26,2025,April,4,SIB,THE SOUTH INDIAN BANK,,0.003,,,,2025-05-01,2026-03-27,National Payments Corporation of India (NPCI),https://www.npci.org.in/product/ecosystem-statistics/rupay
2025-26,2025,April,4,TJSB,THANE JANATA SAHAKARI BANK,,0.011,,,,2025-05-01,2026-03-27,National Payments Corporation of India (NPCI),https://www.npci.org.in/product/ecosystem-statistics/rupay
2025-26,2025,April,4,TMB,TAMILNAD MERCANTILE BANK,,0,,,,2025-05-01,2026-03-27,National Payments Corporation of India (NPCI),https://www.npci.org.in/product/ecosystem-statistics/rupay
2025-26,2025,April,4,YBL,YES BANK LIMITED,,0.009,,,,2025-05-01,2026-03-27,National Payments Corporation of India (NPCI),https://www.npci.org.in/product/ecosystem-statistics/rupay
2025-26,2025,May,5,AUS,AU SMALL FINANCE BANK,,0,,,,2025-06-01,2026-03-27,National Payments Corporation of India (NPCI),https://www.npci.org.in/product/ecosystem-statistics/rupay
2025-26,2025,May,5,AXB,AXIS BANK,,0.013,,,,2025-06-01,2026-03-27,National Payments Corporation of India (NPCI),https://www.npci.org.in/product/ecosystem-statistics/rupay
2025-26,2025,May,5,BBF,BANK OF BARODA,,0.028,,,,2025-06-01,2026-03-27,National Payments Corporation of India (NPCI),https://www.npci.org.in/product/ecosystem-statistics/rupay
2025-26,2025,May,5,BDN,BANDHAN BANK,,0.006,,,,2025-06-01,2026-03-27,National Payments Corporation of India (NPCI),https://www.npci.org.in/product/ecosystem-statistics/rupay
2025-26,2025,May,5,BOI,BANK OF INDIA,,0.002,,,,2025-06-01,2026-03-27,National Payments Corporation of India (NPCI),https://www.npci.org.in/product/ecosystem-statistics/rupay
2025-26,2025,May,5,BOM,BANK OF MAHARASHTRA,,0,,,,2025-06-01,2026-03-27,National Payments Corporation of India (NPCI),https://www.npci.org.in/product/ecosystem-statistics/rupay
2025-26,2025,May,5,BPG,Airtel Payments Bank Limited,,0.001,,,,2025-06-01,2026-03-27,National Payments Corporation of India (NPCI),https://www.npci.org.in/product/ecosystem-statistics/rupay
2025-26,2025,May,5,BTN,ROYAL MONETARY AUTHORITY OF BHUTAN,,0,,,,2025-06-01,2026-03-27,National Payments Corporation of India (NPCI),https://www.npci.org.in/product/ecosystem-statistics/rupay
2025-26,2025,May,5,CBI,CENTRAL BANK OF INDIA,,0,,,,2025-06-01,2026-03-27,National Payments Corporation of India (NPCI),https://www.npci.org.in/product/ecosystem-statistics/rupay
2025-26,2025,May,5,CNB,CANARA BANK,,0.004,,,,2025-06-01,2026-03-27,National Payments Corporation of India (NPCI),https://www.npci.org.in/product/ecosystem-statistics/rupay
2025-26,2025,May,5,CRB,UNION BANK OF INDIA,,0.086,,,,2025-06-01,2026-03-27,National Payments Corporation of India (NPCI),https://www.npci.org.in/product/ecosystem-statistics/rupay
2025-26,2025,May,5,CSB,CSB BANK,,0,,,,2025-06-01,2026-03-27,National Payments Corporation of India (NPCI),https://www.npci.org.in/product/ecosystem-statistics/rupay
2025-26,2025,May,5,CUB,CITY UNION BANK,,0.004,,,,2025-06-01,2026-03-27,National Payments Corporation of India (NPCI),https://www.npci.org.in/product/ecosystem-statistics/rupay
2025-26,2025,May,5,DBS,DBS BANK INDIA LTD,,0.077,,,,2025-06-01,2026-03-27,National Payments Corporation of India (NPCI),https://www.npci.org.in/product/ecosystem-statistics/rupay
2025-26,2025,May,5,ESF,EQUITAS SMALL FINANCE BANK,,0,,,,2025-06-01,2026-03-27,National Payments Corporation of India (NPCI),https://www.npci.org.in/product/ecosystem-statistics/rupay
2025-26,2025,May,5,FBL,THE FEDERAL BANK,,0.005,,,,2025-06-01,2026-03-27,National Payments Corporation of India (NPCI),https://www.npci.org.in/product/ecosystem-statistics/rupay
2025-26,2025,May,5,HDF,HDFC BANK,,0.012,,,,2025-06-01,2026-03-27,National Payments Corporation of India (NPCI),https://www.npci.org.in/product/ecosystem-statistics/rupay
2025-26,2025,May,5,ICI,ICICI BANK LTD,,0.014,,,,2025-06-01,2026-03-27,National Payments Corporation of India (NPCI),https://www.npci.org.in/product/ecosystem-statistics/rupay
2025-26,2025,May,5,IDB,IDBI BANK,,0.002,,,,2025-06-01,2026-03-27,National Payments Corporation of India (NPCI),https://www.npci.org.in/product/ecosystem-statistics/rupay
2025-26,2025,May,5,IDF,IDFC FIRST BANK,,0.007,,,,2025-06-01,2026-03-27,National Payments Corporation of India (NPCI),https://www.npci.org.in/product/ecosystem-statistics/rupay
2025-26,2025,May,5,IIB,INDUSIND BANK LIMITED,,0.038,,,,2025-06-01,2026-03-27,National Payments Corporation of India (NPCI),https://www.npci.org.in/product/ecosystem-statistics/rupay
2025-26,2025,May,5,INB,INDIAN BANK,,0.004,,,,2025-06-01,2026-03-27,National Payments Corporation of India (NPCI),https://www.npci.org.in/product/ecosystem-statistics/rupay
2025-26,2025,May,5,JKB,THE JAMMU AND KASHMIR BANK,,0,,,,2025-06-01,2026-03-27,National Payments Corporation of India (NPCI),https://www.npci.org.in/product/ecosystem-statistics/rupay
2025-26,2025,May,5,KMB,KOTAK MAHINDRA BANK,,0.027,,,,2025-06-01,2026-03-27,National Payments Corporation of India (NPCI),https://www.npci.org.in/product/ecosystem-statistics/rupay
2025-26,2025,May,5,KTB,KARNATAKA BANK,,0,,,,2025-06-01,2026-03-27,National Payments Corporation of India (NPCI),https://www.npci.org.in/product/ecosystem-statistics/rupay
2025-26,2025,May,5,KVB,KARUR VYSYA BANK,,0,,,,2025-06-01,2026-03-27,National Payments Corporation of India (NPCI),https://www.npci.org.in/product/ecosystem-statistics/rupay
2025-26,2025,May,5,MIT,PUNJAB NATIONAL BANK,,0.004,,,,2025-06-01,2026-03-27,National Payments Corporation of India (NPCI),https://www.npci.org.in/product/ecosystem-statistics/rupay
2025-26,2025,May,5,NPL,NEPAL SBI BANK LIMITED,,0,,,,2025-06-01,2026-03-27,National Payments Corporation of India (NPCI),https://www.npci.org.in/product/ecosystem-statistics/rupay
2025-26,2025,May,5,NSD,NSDL PAYMENTS BANK LTD,,0,,,,2025-06-01,2026-03-27,National Payments Corporation of India (NPCI),https://www.npci.org.in/product/ecosystem-statistics/rupay
2025-26,2025,May,5,PYT,PAYTM PAYMENTS BANK,,0,,,,2025-06-01,2026-03-27,National Payments Corporation of India (NPCI),https://www.npci.org.in/product/ecosystem-statistics/rupay
2025-26,2025,May,5,RBL,RATNAKAR BANK,,0.013,,,,2025-06-01,2026-03-27,National Payments Corporation of India (NPCI),https://www.npci.org.in/product/ecosystem-statistics/rupay
2025-26,2025,May,5,SBI,STATE BANK OF INDIA,,0.003,,,,2025-06-01,2026-03-27,National Payments Corporation of India (NPCI),https://www.npci.org.in/product/ecosystem-statistics/rupay
2025-26,2025,May,5,SIB,THE SOUTH INDIAN BANK,,0.002,,,,2025-06-01,2026-03-27,National Payments Corporation of India (NPCI),https://www.npci.org.in/product/ecosystem-statistics/rupay
2025-26,2025,May,5,TJSB,TJSB SAHAKARI BANK LIMITED,,0.022,,,,2025-06-01,2026-03-27,National Payments Corporation of India (NPCI),https://www.npci.org.in/product/ecosystem-statistics/rupay
2025-26,2025,May,5,TMB,TAMILNAD MERCANTILE BANK,,0.006,,,,2025-06-01,2026-03-27,National Payments Corporation of India (NPCI),https://www.npci.org.in/product/ecosystem-statistics/rupay
2025-26,2025,May,5,YBL,YES BANK LIMITED,,0.009,,,,2025-06-01,2026-03-27,National Payments Corporation of India (NPCI),https://www.npci.org.in/product/ecosystem-statistics/rupay
2025-26,2025,June,6,AUS,AU SMALL FINANCE BANK,,0,,,,2025-07-01,2026-03-27,National Payments Corporation of India (NPCI),https://www.npci.org.in/product/ecosystem-statistics/rupay
2025-26,2025,June,6,AXB,AXIS BANK,,0.016,,,,2025-07-01,2026-03-27,National Payments Corporation of India (NPCI),https://www.npci.org.in/product/ecosystem-statistics/rupay
2025-26,2025,June,6,BBF,BANK OF BARODA,,0.073,,,,2025-07-01,2026-03-27,National Payments Corporation of India (NPCI),https://www.npci.org.in/product/ecosystem-statistics/rupay
2025-26,2025,June,6,BDN,BANDHAN BANK,,0.006,,,,2025-07-01,2026-03-27,National Payments Corporation of India (NPCI),https://www.npci.org.in/product/ecosystem-statistics/rupay
2025-26,2025,June,6,BOI,BANK OF INDIA,,0.003,,,,2025-07-01,2026-03-27,National Payments Corporation of India (NPCI),https://www.npci.org.in/product/ecosystem-statistics/rupay
2025-26,2025,June,6,BOM,BANK OF MAHARASHTRA,,0,,,,2025-07-01,2026-03-27,National Payments Corporation of India (NPCI),https://www.npci.org.in/product/ecosystem-statistics/rupay
2025-26,2025,June,6,BPG,Airtel Payments Bank Limited,,0,,,,2025-07-01,2026-03-27,National Payments Corporation of India (NPCI),https://www.npci.org.in/product/ecosystem-statistics/rupay
2025-26,2025,June,6,BTN,ROYAL MONETARY AUTHORITY OF BHUTAN,,0,,,,2025-07-01,2026-03-27,National Payments Corporation of India (NPCI),https://www.npci.org.in/product/ecosystem-statistics/rupay
2025-26,2025,June,6,CBI,CENTRAL BANK OF INDIA,,0.008,,,,2025-07-01,2026-03-27,National Payments Corporation of India (NPCI),https://www.npci.org.in/product/ecosystem-statistics/rupay
2025-26,2025,June,6,CNB,CANARA BANK,,0.005,,,,2025-07-01,2026-03-27,National Payments Corporation of India (NPCI),https://www.npci.org.in/product/ecosystem-statistics/rupay
2025-26,2025,June,6,CRB,UNION BANK OF INDIA,,0.044,,,,2025-07-01,2026-03-27,National Payments Corporation of India (NPCI),https://www.npci.org.in/product/ecosystem-statistics/rupay
2025-26,2025,June,6,CSB,CSB BANK,,0,,,,2025-07-01,2026-03-27,National Payments Corporation of India (NPCI),https://www.npci.org.in/product/ecosystem-statistics/rupay
2025-26,2025,June,6,CUB,CITY UNION BANK,,0.003,,,,2025-07-01,2026-03-27,National Payments Corporation of India (NPCI),https://www.npci.org.in/product/ecosystem-statistics/rupay
2025-26,2025,June,6,DBS,DBS BANK INDIA LTD,,0,,,,2025-07-01,2026-03-27,National Payments Corporation of India (NPCI),https://www.npci.org.in/product/ecosystem-statistics/rupay
2025-26,2025,June,6,ESF,EQUITAS SMALL FINANCE BANK,,0,,,,2025-07-01,2026-03-27,National Payments Corporation of India (NPCI),https://www.npci.org.in/product/ecosystem-statistics/rupay
2025-26,2025,June,6,FBL,THE FEDERAL BANK,,0.004,,,,2025-07-01,2026-03-27,National Payments Corporation of India (NPCI),https://www.npci.org.in/product/ecosystem-statistics/rupay
2025-26,2025,June,6,HDF,HDFC BANK,,0.014,,,,2025-07-01,2026-03-27,National Payments Corporation of India (NPCI),https://www.npci.org.in/product/ecosystem-statistics/rupay
2025-26,2025,June,6,ICI,ICICI BANK LTD,,0.028,,,,2025-07-01,2026-03-27,National Payments Corporation of India (NPCI),https://www.npci.org.in/product/ecosystem-statistics/rupay
2025-26,2025,June,6,IDB,IDBI BANK,,0.005,,,,2025-07-01,2026-03-27,National Payments Corporation of India (NPCI),https://www.npci.org.in/product/ecosystem-statistics/rupay
2025-26,2025,June,6,IDF,IDFC FIRST BANK,,0.043,,,,2025-07-01,2026-03-27,National Payments Corporation of India (NPCI),https://www.npci.org.in/product/ecosystem-statistics/rupay
2025-26,2025,June,6,IIB,INDUSIND BANK LIMITED,,0.052,,,,2025-07-01,2026-03-27,National Payments Corporation of India (NPCI),https://www.npci.org.in/product/ecosystem-statistics/rupay
2025-26,2025,June,6,INB,INDIAN BANK,,0,,,,2025-07-01,2026-03-27,National Payments Corporation of India (NPCI),https://www.npci.org.in/product/ecosystem-statistics/rupay
2025-26,2025,June,6,JKB,THE JAMMU AND KASHMIR BANK,,0,,,,2025-07-01,2026-03-27,National Payments Corporation of India (NPCI),https://www.npci.org.in/product/ecosystem-statistics/rupay
2025-26,2025,June,6,KMB,KOTAK MAHINDRA BANK,,0.027,,,,2025-07-01,2026-03-27,National Payments Corporation of India (NPCI),https://www.npci.org.in/product/ecosystem-statistics/rupay
2025-26,2025,June,6,KTB,KARNATAKA BANK,,0,,,,2025-07-01,2026-03-27,National Payments Corporation of India (NPCI),https://www.npci.org.in/product/ecosystem-statistics/rupay
2025-26,2025,June,6,KVB,KARUR VYSYA BANK,,0,,,,2025-07-01,2026-03-27,National Payments Corporation of India (NPCI),https://www.npci.org.in/product/ecosystem-statistics/rupay
2025-26,2025,June,6,MIT,PUNJAB NATIONAL BANK,,0.005,,,,2025-07-01,2026-03-27,National Payments Corporation of India (NPCI),https://www.npci.org.in/product/ecosystem-statistics/rupay
2025-26,2025,June,6,NPL,NEPAL SBI BANK LIMITED,,0,,,,2025-07-01,2026-03-27,National Payments Corporation of India (NPCI),https://www.npci.org.in/product/ecosystem-statistics/rupay
2025-26,2025,June,6,NSD,NSDL PAYMENTS BANK LTD,,0,,,,2025-07-01,2026-03-27,National Payments Corporation of India (NPCI),https://www.npci.org.in/product/ecosystem-statistics/rupay
2025-26,2025,June,6,PYT,PAYTM PAYMENTS BANK,,0,,,,2025-07-01,2026-03-27,National Payments Corporation of India (NPCI),https://www.npci.org.in/product/ecosystem-statistics/rupay
2025-26,2025,June,6,RBL,RATNAKAR BANK,,0.01,,,,2025-07-01,2026-03-27,National Payments Corporation of India (NPCI),https://www.npci.org.in/product/ecosystem-statistics/rupay
2025-26,2025,June,6,SBI,STATE BANK OF INDIA,,0.008,,,,2025-07-01,2026-03-27,National Payments Corporation of India (NPCI),https://www.npci.org.in/product/ecosystem-statistics/rupay
2025-26,2025,June,6,SIB,THE SOUTH INDIAN BANK,,0.003,,,,2025-07-01,2026-03-27,National Payments Corporation of India (NPCI),https://www.npci.org.in/product/ecosystem-statistics/rupay
2025-26,2025,June,6,TJSB,TJSB SAHAKARI BANK LIMITED,,0.022,,,,2025-07-01,2026-03-27,National Payments Corporation of India (NPCI),https://www.npci.org.in/product/ecosystem-statistics/rupay
2025-26,2025,June,6,TMB,TAMILNAD MERCANTILE BANK,,0.01,,,,2025-07-01,2026-03-27,National Payments Corporation of India (NPCI),https://www.npci.org.in/product/ecosystem-statistics/rupay
2025-26,2025,June,6,YBL,YES BANK LIMITED,,0.019,,,,2025-07-01,2026-03-27,National Payments Corporation of India (NPCI),https://www.npci.org.in/product/ecosystem-statistics/rupay
2025-26,2025,July,7,,THE HONGKONG AND SHANGHAI BANKING CORPORATION LIMITED,,0,,,,2025-08-01,2026-03-27,National Payments Corporation of India (NPCI),https://www.npci.org.in/product/ecosystem-statistics/rupay
2025-26,2025,July,7,AUS,AU SMALL FINANCE BANK,,0,,,,2025-08-01,2026-03-27,National Payments Corporation of India (NPCI),https://www.npci.org.in/product/ecosystem-statistics/rupay
2025-26,2025,July,7,AXB,AXIS BANK,,0.014,,,,2025-08-01,2026-03-27,National Payments Corporation of India (NPCI),https://www.npci.org.in/product/ecosystem-statistics/rupay
2025-26,2025,July,7,BBF,BANK OF BARODA,,0.024,,,,2025-08-01,2026-03-27,National Payments Corporation of India (NPCI),https://www.npci.org.in/product/ecosystem-statistics/rupay
2025-26,2025,July,7,BDN,BANDHAN BANK,,0.004,,,,2025-08-01,2026-03-27,National Payments Corporation of India (NPCI),https://www.npci.org.in/product/ecosystem-statistics/rupay
2025-26,2025,July,7,BOI,BANK OF INDIA,,0.001,,,,2025-08-01,2026-03-27,National Payments Corporation of India (NPCI),https://www.npci.org.in/product/ecosystem-statistics/rupay
2025-26,2025,July,7,BOM,BANK OF MAHARASHTRA,,0,,,,2025-08-01,2026-03-27,National Payments Corporation of India (NPCI),https://www.npci.org.in/product/ecosystem-statistics/rupay
2025-26,2025,July,7,BPG,Airtel Payments Bank Limited,,0.001,,,,2025-08-01,2026-03-27,National Payments Corporation of India (NPCI),https://www.npci.org.in/product/ecosystem-statistics/rupay
2025-26,2025,July,7,BTN,ROYAL MONETARY AUTHORITY OF BHUTAN,,0,,,,2025-08-01,2026-03-27,National Payments Corporation of India (NPCI),https://www.npci.org.in/product/ecosystem-statistics/rupay
2025-26,2025,July,7,CBI,CENTRAL BANK OF INDIA,,0,,,,2025-08-01,2026-03-27,National Payments Corporation of India (NPCI),https://www.npci.org.in/product/ecosystem-statistics/rupay
2025-26,2025,July,7,CNB,CANARA BANK,,0.003,,,,2025-08-01,2026-03-27,National Payments Corporation of India (NPCI),https://www.npci.org.in/product/ecosystem-statistics/rupay
2025-26,2025,July,7,CRB,UNION BANK OF INDIA,,0.039,,,,2025-08-01,2026-03-27,National Payments Corporation of India (NPCI),https://www.npci.org.in/product/ecosystem-statistics/rupay
2025-26,2025,July,7,CSB,CSB BANK,,0,,,,2025-08-01,2026-03-27,National Payments Corporation of India (NPCI),https://www.npci.org.in/product/ecosystem-statistics/rupay
2025-26,2025,July,7,CUB,CITY UNION BANK,,0.002,,,,2025-08-01,2026-03-27,National Payments Corporation of India (NPCI),https://www.npci.org.in/product/ecosystem-statistics/rupay
2025-26,2025,July,7,DBS,DBS BANK INDIA LTD,,0,,,,2025-08-01,2026-03-27,National Payments Corporation of India (NPCI),https://www.npci.org.in/product/ecosystem-statistics/rupay
2025-26,2025,July,7,ESF,EQUITAS SMALL FINANCE BANK,,0.019,,,,2025-08-01,2026-03-27,National Payments Corporation of India (NPCI),https://www.npci.org.in/product/ecosystem-statistics/rupay
2025-26,2025,July,7,FBL,THE FEDERAL BANK,,0.009,,,,2025-08-01,2026-03-27,National Payments Corporation of India (NPCI),https://www.npci.org.in/product/ecosystem-statistics/rupay
2025-26,2025,July,7,HDF,HDFC BANK,,0.015,,,,2025-08-01,2026-03-27,National Payments Corporation of India (NPCI),https://www.npci.org.in/product/ecosystem-statistics/rupay
2025-26,2025,July,7,ICI,ICICI BANK LTD,,0.039,,,,2025-08-01,2026-03-27,National Payments Corporation of India (NPCI),https://www.npci.org.in/product/ecosystem-statistics/rupay
2025-26,2025,July,7,IDB,IDBI BANK,,0.003,,,,2025-08-01,2026-03-27,National Payments Corporation of India (NPCI),https://www.npci.org.in/product/ecosystem-statistics/rupay
2025-26,2025,July,7,IDF,IDFC FIRST BANK,,0.05,,,,2025-08-01,2026-03-27,National Payments Corporation of India (NPCI),https://www.npci.org.in/product/ecosystem-statistics/rupay
2025-26,2025,July,7,IIB,INDUSIND BANK LIMITED,,0.062,,,,2025-08-01,2026-03-27,National Payments Corporation of India (NPCI),https://www.npci.org.in/product/ecosystem-statistics/rupay
2025-26,2025,July,7,INB,INDIAN BANK,,0.002,,,,2025-08-01,2026-03-27,National Payments Corporation of India (NPCI),https://www.npci.org.in/product/ecosystem-statistics/rupay
2025-26,2025,July,7,JKB,THE JAMMU AND KASHMIR BANK,,0.003,,,,2025-08-01,2026-03-27,National Payments Corporation of India (NPCI),https://www.npci.org.in/product/ecosystem-statistics/rupay
2025-26,2025,July,7,KMB,KOTAK MAHINDRA BANK,,0.018,,,,2025-08-01,2026-03-27,National Payments Corporation of India (NPCI),https://www.npci.org.in/product/ecosystem-statistics/rupay
2025-26,2025,July,7,KTB,KARNATAKA BANK,,0,,,,2025-08-01,2026-03-27,National Payments Corporation of India (NPCI),https://www.npci.org.in/product/ecosystem-statistics/rupay
2025-26,2025,July,7,KVB,KARUR VYSYA BANK,,0.008,,,,2025-08-01,2026-03-27,National Payments Corporation of India (NPCI),https://www.npci.org.in/product/ecosystem-statistics/rupay
2025-26,2025,July,7,MIT,PUNJAB NATIONAL BANK,,0.009,,,,2025-08-01,2026-03-27,National Payments Corporation of India (NPCI),https://www.npci.org.in/product/ecosystem-statistics/rupay
2025-26,2025,July,7,NPL,NEPAL SBI BANK LIMITED,,0,,,,2025-08-01,2026-03-27,National Payments Corporation of India (NPCI),https://www.npci.org.in/product/ecosystem-statistics/rupay
2025-26,2025,July,7,NSD,NSDL PAYMENTS BANK LTD,,0,,,,2025-08-01,2026-03-27,National Payments Corporation of India (NPCI),https://www.npci.org.in/product/ecosystem-statistics/rupay
2025-26,2025,July,7,PYT,PAYTM PAYMENTS BANK,,0,,,,2025-08-01,2026-03-27,National Payments Corporation of India (NPCI),https://www.npci.org.in/product/ecosystem-statistics/rupay
2025-26,2025,July,7,RBL,RATNAKAR BANK,,0.014,,,,2025-08-01,2026-03-27,National Payments Corporation of India (NPCI),https://www.npci.org.in/product/ecosystem-statistics/rupay
2025-26,2025,July,7,SBI,STATE BANK OF INDIA,,0.007,,,,2025-08-01,2026-03-27,National Payments Corporation of India (NPCI),https://www.npci.org.in/product/ecosystem-statistics/rupay
2025-26,2025,July,7,SIB,THE SOUTH INDIAN BANK,,0.002,,,,2025-08-01,2026-03-27,National Payments Corporation of India (NPCI),https://www.npci.org.in/product/ecosystem-statistics/rupay
2025-26,2025,July,7,TJSB,TJSB SAHAKARI BANK LIMITED,,0.01,,,,2025-08-01,2026-03-27,National Payments Corporation of India (NPCI),https://www.npci.org.in/product/ecosystem-statistics/rupay
2025-26,2025,July,7,TMB,TAMILNAD MERCANTILE BANK,,0,,,,2025-08-01,2026-03-27,National Payments Corporation of India (NPCI),https://www.npci.org.in/product/ecosystem-statistics/rupay
2025-26,2025,July,7,YBL,YES BANK LIMITED,,0.009,,,,2025-08-01,2026-03-27,National Payments Corporation of India (NPCI),https://www.npci.org.in/product/ecosystem-statistics/rupay
2025-26,2025,August,8,AUS,AU SMALL FINANCE BANK,,0,,,,2025-09-01,2026-03-27,National Payments Corporation of India (NPCI),https://www.npci.org.in/product/ecosystem-statistics/rupay
2025-26,2025,August,8,AXB,AXIS BANK,,0.012,,,,2025-09-01,2026-03-27,National Payments Corporation of India (NPCI),https://www.npci.org.in/product/ecosystem-statistics/rupay
2025-26,2025,August,8,BBF,BANK OF BARODA,,0.024,,,,2025-09-01,2026-03-27,National Payments Corporation of India (NPCI),https://www.npci.org.in/product/ecosystem-statistics/rupay
2025-26,2025,August,8,BDN,BANDHAN BANK,,0.003,,,,2025-09-01,2026-03-27,National Payments Corporation of India (NPCI),https://www.npci.org.in/product/ecosystem-statistics/rupay
2025-26,2025,August,8,BOI,BANK OF INDIA,,0.003,,,,2025-09-01,2026-03-27,National Payments Corporation of India (NPCI),https://www.npci.org.in/product/ecosystem-statistics/rupay
2025-26,2025,August,8,BOM,BANK OF MAHARASHTRA,,0,,,,2025-09-01,2026-03-27,National Payments Corporation of India (NPCI),https://www.npci.org.in/product/ecosystem-statistics/rupay
2025-26,2025,August,8,BPG,Airtel Payments Bank Limited,,0,,,,2025-09-01,2026-03-27,National Payments Corporation of India (NPCI),https://www.npci.org.in/product/ecosystem-statistics/rupay
2025-26,2025,August,8,BTN,ROYAL MONETARY AUTHORITY OF BHUTAN,,0,,,,2025-09-01,2026-03-27,National Payments Corporation of India (NPCI),https://www.npci.org.in/product/ecosystem-statistics/rupay
2025-26,2025,August,8,CBI,CENTRAL BANK OF INDIA,,0.003,,,,2025-09-01,2026-03-27,National Payments Corporation of India (NPCI),https://www.npci.org.in/product/ecosystem-statistics/rupay
2025-26,2025,August,8,CNB,CANARA BANK,,0.002,,,,2025-09-01,2026-03-27,National Payments Corporation of India (NPCI),https://www.npci.org.in/product/ecosystem-statistics/rupay
2025-26,2025,August,8,CRB,UNION BANK OF INDIA,,0.036,,,,2025-09-01,2026-03-27,National Payments Corporation of India (NPCI),https://www.npci.org.in/product/ecosystem-statistics/rupay
2025-26,2025,August,8,CSB,CSB BANK,,0,,,,2025-09-01,2026-03-27,National Payments Corporation of India (NPCI),https://www.npci.org.in/product/ecosystem-statistics/rupay
2025-26,2025,August,8,CUB,CITY UNION BANK,,0.001,,,,2025-09-01,2026-03-27,National Payments Corporation of India (NPCI),https://www.npci.org.in/product/ecosystem-statistics/rupay
2025-26,2025,August,8,DBS,DBS BANK INDIA LTD,,0,,,,2025-09-01,2026-03-27,National Payments Corporation of India (NPCI),https://www.npci.org.in/product/ecosystem-statistics/rupay
2025-26,2025,August,8,ESF,EQUITAS SMALL FINANCE BANK,,0,,,,2025-09-01,2026-03-27,National Payments Corporation of India (NPCI),https://www.npci.org.in/product/ecosystem-statistics/rupay
2025-26,2025,August,8,FBL,THE FEDERAL BANK,,0.004,,,,2025-09-01,2026-03-27,National Payments Corporation of India (NPCI),https://www.npci.org.in/product/ecosystem-statistics/rupay
2025-26,2025,August,8,HDF,HDFC BANK,,0.013,,,,2025-09-01,2026-03-27,National Payments Corporation of India (NPCI),https://www.npci.org.in/product/ecosystem-statistics/rupay
2025-26,2025,August,8,ICI,ICICI BANK LTD,,0.024,,,,2025-09-01,2026-03-27,National Payments Corporation of India (NPCI),https://www.npci.org.in/product/ecosystem-statistics/rupay
2025-26,2025,August,8,IDB,IDBI BANK,,0.006,,,,2025-09-01,2026-03-27,National Payments Corporation of India (NPCI),https://www.npci.org.in/product/ecosystem-statistics/rupay
2025-26,2025,August,8,IDF,IDFC FIRST BANK,,0.043,,,,2025-09-01,2026-03-27,National Payments Corporation of India (NPCI),https://www.npci.org.in/product/ecosystem-statistics/rupay
2025-26,2025,August,8,IIB,INDUSIND BANK LIMITED,,0.049,,,,2025-09-01,2026-03-27,National Payments Corporation of India (NPCI),https://www.npci.org.in/product/ecosystem-statistics/rupay
2025-26,2025,August,8,INB,INDIAN BANK,,0.007,,,,2025-09-01,2026-03-27,National Payments Corporation of India (NPCI),https://www.npci.org.in/product/ecosystem-statistics/rupay
2025-26,2025,August,8,JKB,THE JAMMU AND KASHMIR BANK,,0,,,,2025-09-01,2026-03-27,National Payments Corporation of India (NPCI),https://www.npci.org.in/product/ecosystem-statistics/rupay
2025-26,2025,August,8,KMB,KOTAK MAHINDRA BANK,,0.014,,,,2025-09-01,2026-03-27,National Payments Corporation of India (NPCI),https://www.npci.org.in/product/ecosystem-statistics/rupay
2025-26,2025,August,8,KTB,KARNATAKA BANK,,0,,,,2025-09-01,2026-03-27,National Payments Corporation of India (NPCI),https://www.npci.org.in/product/ecosystem-statistics/rupay
2025-26,2025,August,8,KVB,KARUR VYSYA BANK,,0,,,,2025-09-01,2026-03-27,National Payments Corporation of India (NPCI),https://www.npci.org.in/product/ecosystem-statistics/rupay
2025-26,2025,August,8,MIT,PUNJAB NATIONAL BANK,,0.006,,,,2025-09-01,2026-03-27,National Payments Corporation of India (NPCI),https://www.npci.org.in/product/ecosystem-statistics/rupay
2025-26,2025,August,8,NPL,NEPAL SBI BANK LIMITED,,0,,,,2025-09-01,2026-03-27,National Payments Corporation of India (NPCI),https://www.npci.org.in/product/ecosystem-statistics/rupay
2025-26,2025,August,8,NSD,NSDL PAYMENTS BANK LTD,,0,,,,2025-09-01,2026-03-27,National Payments Corporation of India (NPCI),https://www.npci.org.in/product/ecosystem-statistics/rupay
2025-26,2025,August,8,PYT,PAYTM PAYMENTS BANK,,0,,,,2025-09-01,2026-03-27,National Payments Corporation of India (NPCI),https://www.npci.org.in/product/ecosystem-statistics/rupay
2025-26,2025,August,8,RBL,RATNAKAR BANK,,0.013,,,,2025-09-01,2026-03-27,National Payments Corporation of India (NPCI),https://www.npci.org.in/product/ecosystem-statistics/rupay
2025-26,2025,August,8,SBI,STATE BANK OF INDIA,,0.005,,,,2025-09-01,2026-03-27,National Payments Corporation of India (NPCI),https://www.npci.org.in/product/ecosystem-statistics/rupay
2025-26,2025,August,8,SIB,THE SOUTH INDIAN BANK,,0.003,,,,2025-09-01,2026-03-27,National Payments Corporation of India (NPCI),https://www.npci.org.in/product/ecosystem-statistics/rupay
2025-26,2025,August,8,TJSB,TJSB SAHAKARI BANK LIMITED,,0.046,,,,2025-09-01,2026-03-27,National Payments Corporation of India (NPCI),https://www.npci.org.in/product/ecosystem-statistics/rupay
2025-26,2025,August,8,TMB,TAMILNAD MERCANTILE BANK,,0,,,,2025-09-01,2026-03-27,National Payments Corporation of India (NPCI),https://www.npci.org.in/product/ecosystem-statistics/rupay
2025-26,2025,August,8,YBL,YES BANK LIMITED,,0.028,,,,2025-09-01,2026-03-27,National Payments Corporation of India (NPCI),https://www.npci.org.in/product/ecosystem-statistics/rupay
2025-26,2025,September,9,AUS,AU SMALL FINANCE BANK,,0,,,,2025-10-01,2026-03-27,National Payments Corporation of India (NPCI),https://www.npci.org.in/product/ecosystem-statistics/rupay
2025-26,2025,September,9,AXB,AXIS BANK,,0.012,,,,2025-10-01,2026-03-27,National Payments Corporation of India (NPCI),https://www.npci.org.in/product/ecosystem-statistics/rupay
2025-26,2025,September,9,BBF,BANK OF BARODA,,0.019,,,,2025-10-01,2026-03-27,National Payments Corporation of India (NPCI),https://www.npci.org.in/product/ecosystem-statistics/rupay
2025-26,2025,September,9,BDN,BANDHAN BANK,,0.025,,,,2025-10-01,2026-03-27,National Payments Corporation of India (NPCI),https://www.npci.org.in/product/ecosystem-statistics/rupay
2025-26,2025,September,9,BOI,BANK OF INDIA,,0.005,,,,2025-10-01,2026-03-27,National Payments Corporation of India (NPCI),https://www.npci.org.in/product/ecosystem-statistics/rupay
2025-26,2025,September,9,BOM,BANK OF MAHARASHTRA,,0,,,,2025-10-01,2026-03-27,National Payments Corporation of India (NPCI),https://www.npci.org.in/product/ecosystem-statistics/rupay
2025-26,2025,September,9,BPG,Airtel Payments Bank Limited,,0,,,,2025-10-01,2026-03-27,National Payments Corporation of India (NPCI),https://www.npci.org.in/product/ecosystem-statistics/rupay
2025-26,2025,September,9,BTN,ROYAL MONETARY AUTHORITY OF BHUTAN,,0,,,,2025-10-01,2026-03-27,National Payments Corporation of India (NPCI),https://www.npci.org.in/product/ecosystem-statistics/rupay
2025-26,2025,September,9,CBI,CENTRAL BANK OF INDIA,,0,,,,2025-10-01,2026-03-27,National Payments Corporation of India (NPCI),https://www.npci.org.in/product/ecosystem-statistics/rupay
2025-26,2025,September,9,CNB,CANARA BANK,,0.001,,,,2025-10-01,2026-03-27,National Payments Corporation of India (NPCI),https://www.npci.org.in/product/ecosystem-statistics/rupay
2025-26,2025,September,9,CRB,UNION BANK OF INDIA,,0.036,,,,2025-10-01,2026-03-27,National Payments Corporation of India (NPCI),https://www.npci.org.in/product/ecosystem-statistics/rupay
2025-26,2025,September,9,CSB,CSB BANK,,0,,,,2025-10-01,2026-03-27,National Payments Corporation of India (NPCI),https://www.npci.org.in/product/ecosystem-statistics/rupay
2025-26,2025,September,9,CUB,CITY UNION BANK,,0.013,,,,2025-10-01,2026-03-27,National Payments Corporation of India (NPCI),https://www.npci.org.in/product/ecosystem-statistics/rupay
2025-26,2025,September,9,DBS,DBS BANK INDIA LTD,,0,,,,2025-10-01,2026-03-27,National Payments Corporation of India (NPCI),https://www.npci.org.in/product/ecosystem-statistics/rupay
2025-26,2025,September,9,ESF,EQUITAS SMALL FINANCE BANK,,0,,,,2025-10-01,2026-03-27,National Payments Corporation of India (NPCI),https://www.npci.org.in/product/ecosystem-statistics/rupay
2025-26,2025,September,9,FBL,THE FEDERAL BANK,,0.005,,,,2025-10-01,2026-03-27,National Payments Corporation of India (NPCI),https://www.npci.org.in/product/ecosystem-statistics/rupay
2025-26,2025,September,9,HDF,HDFC BANK,,0.015,,,,2025-10-01,2026-03-27,National Payments Corporation of India (NPCI),https://www.npci.org.in/product/ecosystem-statistics/rupay
2025-26,2025,September,9,ICI,ICICI BANK LTD,,0.012,,,,2025-10-01,2026-03-27,National Payments Corporation of India (NPCI),https://www.npci.org.in/product/ecosystem-statistics/rupay
2025-26,2025,September,9,IDB,IDBI BANK,,0.004,,,,2025-10-01,2026-03-27,National Payments Corporation of India (NPCI),https://www.npci.org.in/product/ecosystem-statistics/rupay
2025-26,2025,September,9,IDF,IDFC FIRST BANK,,0.048,,,,2025-10-01,2026-03-27,National Payments Corporation of India (NPCI),https://www.npci.org.in/product/ecosystem-statistics/rupay
2025-26,2025,September,9,IIB,INDUSIND BANK LIMITED,,0.05,,,,2025-10-01,2026-03-27,National Payments Corporation of India (NPCI),https://www.npci.org.in/product/ecosystem-statistics/rupay
2025-26,2025,September,9,INB,INDIAN BANK,,0.002,,,,2025-10-01,2026-03-27,National Payments Corporation of India (NPCI),https://www.npci.org.in/product/ecosystem-statistics/rupay
2025-26,2025,September,9,JKB,THE JAMMU AND KASHMIR BANK,,0.011,,,,2025-10-01,2026-03-27,National Payments Corporation of India (NPCI),https://www.npci.org.in/product/ecosystem-statistics/rupay
2025-26,2025,September,9,KMB,KOTAK MAHINDRA BANK,,0.018,,,,2025-10-01,2026-03-27,National Payments Corporation of India (NPCI),https://www.npci.org.in/product/ecosystem-statistics/rupay
2025-26,2025,September,9,KTB,KARNATAKA BANK,,0,,,,2025-10-01,2026-03-27,National Payments Corporation of India (NPCI),https://www.npci.org.in/product/ecosystem-statistics/rupay
2025-26,2025,September,9,KVB,KARUR VYSYA BANK,,0,,,,2025-10-01,2026-03-27,National Payments Corporation of India (NPCI),https://www.npci.org.in/product/ecosystem-statistics/rupay
2025-26,2025,September,9,MIT,PUNJAB NATIONAL BANK,,0.009,,,,2025-10-01,2026-03-27,National Payments Corporation of India (NPCI),https://www.npci.org.in/product/ecosystem-statistics/rupay
2025-26,2025,September,9,NPL,NEPAL SBI BANK LIMITED,,0,,,,2025-10-01,2026-03-27,National Payments Corporation of India (NPCI),https://www.npci.org.in/product/ecosystem-statistics/rupay
2025-26,2025,September,9,NSD,NSDL PAYMENTS BANK LTD,,0,,,,2025-10-01,2026-03-27,National Payments Corporation of India (NPCI),https://www.npci.org.in/product/ecosystem-statistics/rupay
2025-26,2025,September,9,PYT,PAYTM PAYMENTS BANK,,0,,,,2025-10-01,2026-03-27,National Payments Corporation of India (NPCI),https://www.npci.org.in/product/ecosystem-statistics/rupay
2025-26,2025,September,9,RBL,RATNAKAR BANK,,0.019,,,,2025-10-01,2026-03-27,National Payments Corporation of India (NPCI),https://www.npci.org.in/product/ecosystem-statistics/rupay
2025-26,2025,September,9,SBI,STATE BANK OF INDIA,,0.006,,,,2025-10-01,2026-03-27,National Payments Corporation of India (NPCI),https://www.npci.org.in/product/ecosystem-statistics/rupay
2025-26,2025,September,9,SIB,THE SOUTH INDIAN BANK,,0.002,,,,2025-10-01,2026-03-27,National Payments Corporation of India (NPCI),https://www.npci.org.in/product/ecosystem-statistics/rupay
2025-26,2025,September,9,TJSB,TJSB SAHAKARI BANK LIMITED,,0.038,,,,2025-10-01,2026-03-27,National Payments Corporation of India (NPCI),https://www.npci.org.in/product/ecosystem-statistics/rupay
2025-26,2025,September,9,TMB,TAMILNAD MERCANTILE BANK,,0.004,,,,2025-10-01,2026-03-27,National Payments Corporation of India (NPCI),https://www.npci.org.in/product/ecosystem-statistics/rupay
2025-26,2025,September,9,YBL,YES BANK LIMITED,,0.01,,,,2025-10-01,2026-03-27,National Payments Corporation of India (NPCI),https://www.npci.org.in/product/ecosystem-statistics/rupay
2025-26,2025,October,10,AUS,AU SMALL FINANCE BANK,,0,,,,2025-11-01,2026-03-27,National Payments Corporation of India (NPCI),https://www.npci.org.in/product/ecosystem-statistics/rupay
2025-26,2025,October,10,AXB,AXIS BANK,,0.014,,,,2025-11-01,2026-03-27,National Payments Corporation of India (NPCI),https://www.npci.org.in/product/ecosystem-statistics/rupay
2025-26,2025,October,10,BBF,BANK OF BARODA,,0.016,,,,2025-11-01,2026-03-27,National Payments Corporation of India (NPCI),https://www.npci.org.in/product/ecosystem-statistics/rupay
2025-26,2025,October,10,BDN,BANDHAN BANK,,0.008,,,,2025-11-01,2026-03-27,National Payments Corporation of India (NPCI),https://www.npci.org.in/product/ecosystem-statistics/rupay
2025-26,2025,October,10,BOI,BANK OF INDIA,,0.002,,,,2025-11-01,2026-03-27,National Payments Corporation of India (NPCI),https://www.npci.org.in/product/ecosystem-statistics/rupay
2025-26,2025,October,10,BOM,BANK OF MAHARASHTRA,,0,,,,2025-11-01,2026-03-27,National Payments Corporation of India (NPCI),https://www.npci.org.in/product/ecosystem-statistics/rupay
2025-26,2025,October,10,BPG,Airtel Payments Bank Limited,,0.001,,,,2025-11-01,2026-03-27,National Payments Corporation of India (NPCI),https://www.npci.org.in/product/ecosystem-statistics/rupay
2025-26,2025,October,10,BTN,ROYAL MONETARY AUTHORITY OF BHUTAN,,0,,,,2025-11-01,2026-03-27,National Payments Corporation of India (NPCI),https://www.npci.org.in/product/ecosystem-statistics/rupay
2025-26,2025,October,10,CBI,CENTRAL BANK OF INDIA,,0.003,,,,2025-11-01,2026-03-27,National Payments Corporation of India (NPCI),https://www.npci.org.in/product/ecosystem-statistics/rupay
2025-26,2025,October,10,CNB,CANARA BANK,,0.004,,,,2025-11-01,2026-03-27,National Payments Corporation of India (NPCI),https://www.npci.org.in/product/ecosystem-statistics/rupay
2025-26,2025,October,10,CRB,UNION BANK OF INDIA,,0.036,,,,2025-11-01,2026-03-27,National Payments Corporation of India (NPCI),https://www.npci.org.in/product/ecosystem-statistics/rupay
2025-26,2025,October,10,CSB,CSB BANK,,0,,,,2025-11-01,2026-03-27,National Payments Corporation of India (NPCI),https://www.npci.org.in/product/ecosystem-statistics/rupay
2025-26,2025,October,10,CUB,CITY UNION BANK,,0.003,,,,2025-11-01,2026-03-27,National Payments Corporation of India (NPCI),https://www.npci.org.in/product/ecosystem-statistics/rupay
2025-26,2025,October,10,DBS,DBS BANK INDIA LTD,,0.1,,,,2025-11-01,2026-03-27,National Payments Corporation of India (NPCI),https://www.npci.org.in/product/ecosystem-statistics/rupay
2025-26,2025,October,10,ESF,EQUITAS SMALL FINANCE BANK,,0,,,,2025-11-01,2026-03-27,National Payments Corporation of India (NPCI),https://www.npci.org.in/product/ecosystem-statistics/rupay
2025-26,2025,October,10,FBL,THE FEDERAL BANK,,0.004,,,,2025-11-01,2026-03-27,National Payments Corporation of India (NPCI),https://www.npci.org.in/product/ecosystem-statistics/rupay
2025-26,2025,October,10,HDF,HDFC BANK,,0.013,,,,2025-11-01,2026-03-27,National Payments Corporation of India (NPCI),https://www.npci.org.in/product/ecosystem-statistics/rupay
2025-26,2025,October,10,ICI,ICICI BANK,,0.011,,,,2025-11-01,2026-03-27,National Payments Corporation of India (NPCI),https://www.npci.org.in/product/ecosystem-statistics/rupay
2025-26,2025,October,10,IDB,IDBI BANK,,0.012,,,,2025-11-01,2026-03-27,National Payments Corporation of India (NPCI),https://www.npci.org.in/product/ecosystem-statistics/rupay
2025-26,2025,October,10,IDF,IDFC FIRST BANK,,0.027,,,,2025-11-01,2026-03-27,National Payments Corporation of India (NPCI),https://www.npci.org.in/product/ecosystem-statistics/rupay
2025-26,2025,October,10,IIB,INDUSIND BANK,,0.057,,,,2025-11-01,2026-03-27,National Payments Corporation of India (NPCI),https://www.npci.org.in/product/ecosystem-statistics/rupay
2025-26,2025,October,10,INB,INDIAN BANK,,0.001,,,,2025-11-01,2026-03-27,National Payments Corporation of India (NPCI),https://www.npci.org.in/product/ecosystem-statistics/rupay
2025-26,2025,October,10,JKB,THE JAMMU AND KASHMIR BANK,,0,,,,2025-11-01,2026-03-27,National Payments Corporation of India (NPCI),https://www.npci.org.in/product/ecosystem-statistics/rupay
2025-26,2025,October,10,KMB,KOTAK MAHINDRA BANK,,0.013,,,,2025-11-01,2026-03-27,National Payments Corporation of India (NPCI),https://www.npci.org.in/product/ecosystem-statistics/rupay
2025-26,2025,October,10,KTB,KARNATAKA BANK,,0,,,,2025-11-01,2026-03-27,National Payments Corporation of India (NPCI),https://www.npci.org.in/product/ecosystem-statistics/rupay
2025-26,2025,October,10,KVB,KARUR VYSYA BANK,,0,,,,2025-11-01,2026-03-27,National Payments Corporation of India (NPCI),https://www.npci.org.in/product/ecosystem-statistics/rupay
2025-26,2025,October,10,MIT,PUNJAB NATIONAL BANK,,0.01,,,,2025-11-01,2026-03-27,National Payments Corporation of India (NPCI),https://www.npci.org.in/product/ecosystem-statistics/rupay
2025-26,2025,October,10,NPL,NEPAL SBI BANK LIMITED,,0,,,,2025-11-01,2026-03-27,National Payments Corporation of India (NPCI),https://www.npci.org.in/product/ecosystem-statistics/rupay
2025-26,2025,October,10,NSD,NSDL PAYMENTS BANK LTD,,0,,,,2025-11-01,2026-03-27,National Payments Corporation of India (NPCI),https://www.npci.org.in/product/ecosystem-statistics/rupay
2025-26,2025,October,10,PYT,PAYTM PAYMENTS BANK,,0,,,,2025-11-01,2026-03-27,National Payments Corporation of India (NPCI),https://www.npci.org.in/product/ecosystem-statistics/rupay
2025-26,2025,October,10,RBL,RATNAKAR BANK,,0.016,,,,2025-11-01,2026-03-27,National Payments Corporation of India (NPCI),https://www.npci.org.in/product/ecosystem-statistics/rupay
2025-26,2025,October,10,SBI,STATE BANK OF INDIA,,0.005,,,,2025-11-01,2026-03-27,National Payments Corporation of India (NPCI),https://www.npci.org.in/product/ecosystem-statistics/rupay
2025-26,2025,October,10,SIB,THE SOUTH INDIAN BANK,,0.001,,,,2025-11-01,2026-03-27,National Payments Corporation of India (NPCI),https://www.npci.org.in/product/ecosystem-statistics/rupay
2025-26,2025,October,10,TJSB,THANE JANATA SAHAKARI BANK,,0.196,,,,2025-11-01,2026-03-27,National Payments Corporation of India (NPCI),https://www.npci.org.in/product/ecosystem-statistics/rupay
2025-26,2025,October,10,TMB,TAMILNAD MERCANTILE BANK,,0.004,,,,2025-11-01,2026-03-27,National Payments Corporation of India (NPCI),https://www.npci.org.in/product/ecosystem-statistics/rupay
2025-26,2025,October,10,YBL,YES BANK LIMITED,,0.012,,,,2025-11-01,2026-03-27,National Payments Corporation of India (NPCI),https://www.npci.org.in/product/ecosystem-statistics/rupay
2025-26,2025,December,12,AUS,AU SMALL FINANCE BANK,,0,,,,2026-01-01,2026-03-27,National Payments Corporation of India (NPCI),https://www.npci.org.in/product/ecosystem-statistics/rupay
2025-26,2025,December,12,AXB,AXIS BANK,,0.011,,,,2026-01-01,2026-03-27,National Payments Corporation of India (NPCI),https://www.npci.org.in/product/ecosystem-statistics/rupay
2025-26,2025,December,12,BBF,BANK OF BARODA,,0.028,,,,2026-01-01,2026-03-27,National Payments Corporation of India (NPCI),https://www.npci.org.in/product/ecosystem-statistics/rupay
2025-26,2025,December,12,BDN,BANDHAN BANK,,0.019,,,,2026-01-01,2026-03-27,National Payments Corporation of India (NPCI),https://www.npci.org.in/product/ecosystem-statistics/rupay
2025-26,2025,December,12,BOI,BANK OF INDIA,,0.002,,,,2026-01-01,2026-03-27,National Payments Corporation of India (NPCI),https://www.npci.org.in/product/ecosystem-statistics/rupay
2025-26,2025,December,12,BOM,BANK OF MAHARASHTRA,,0,,,,2026-01-01,2026-03-27,National Payments Corporation of India (NPCI),https://www.npci.org.in/product/ecosystem-statistics/rupay
2025-26,2025,December,12,BPG,AIRTEL PAYMENTS BANK LIMITED,,0.005,,,,2026-01-01,2026-03-27,National Payments Corporation of India (NPCI),https://www.npci.org.in/product/ecosystem-statistics/rupay
2025-26,2025,December,12,BTN,ROYAL MONETARY AUTHORITY OF BHUTAN,,0,,,,2026-01-01,2026-03-27,National Payments Corporation of India (NPCI),https://www.npci.org.in/product/ecosystem-statistics/rupay
2025-26,2025,December,12,CBI,CENTRAL BANK OF INDIA,,0.005,,,,2026-01-01,2026-03-27,National Payments Corporation of India (NPCI),https://www.npci.org.in/product/ecosystem-statistics/rupay
2025-26,2025,December,12,CNB,CANARA BANK,,0.002,,,,2026-01-01,2026-03-27,National Payments Corporation of India (NPCI),https://www.npci.org.in/product/ecosystem-statistics/rupay
2025-26,2025,December,12,CRB,UNION BANK OF INDIA,,0.027,,,,2026-01-01,2026-03-27,National Payments Corporation of India (NPCI),https://www.npci.org.in/product/ecosystem-statistics/rupay
2025-26,2025,December,12,CSB,CSB BANK,,0,,,,2026-01-01,2026-03-27,National Payments Corporation of India (NPCI),https://www.npci.org.in/product/ecosystem-statistics/rupay
2025-26,2025,December,12,CUB,CITY UNION BANK,,0.001,,,,2026-01-01,2026-03-27,National Payments Corporation of India (NPCI),https://www.npci.org.in/product/ecosystem-statistics/rupay
2025-26,2025,December,12,DBS,DBS BANK INDIA LTD,,0.128,,,,2026-01-01,2026-03-27,National Payments Corporation of India (NPCI),https://www.npci.org.in/product/ecosystem-statistics/rupay
2025-26,2025,December,12,ESF,EQUITAS SMALL FINANCE BANK,,0,,,,2026-01-01,2026-03-27,National Payments Corporation of India (NPCI),https://www.npci.org.in/product/ecosystem-statistics/rupay
2025-26,2025,December,12,FBL,THE FEDERAL BANK,,0.003,,,,2026-01-01,2026-03-27,National Payments Corporation of India (NPCI),https://www.npci.org.in/product/ecosystem-statistics/rupay
2025-26,2025,December,12,HDF,HDFC BANK,,0.012,,,,2026-01-01,2026-03-27,National Payments Corporation of India (NPCI),https://www.npci.org.in/product/ecosystem-statistics/rupay
2025-26,2025,December,12,ICI,ICICI BANK,,0.008,,,,2026-01-01,2026-03-27,National Payments Corporation of India (NPCI),https://www.npci.org.in/product/ecosystem-statistics/rupay
2025-26,2025,December,12,IDB,IDBI BANK,,0.004,,,,2026-01-01,2026-03-27,National Payments Corporation of India (NPCI),https://www.npci.org.in/product/ecosystem-statistics/rupay
2025-26,2025,December,12,IDF,IDFC FIRST BANK,,0.03,,,,2026-01-01,2026-03-27,National Payments Corporation of India (NPCI),https://www.npci.org.in/product/ecosystem-statistics/rupay
2025-26,2025,December,12,IIB,INDUSIND BANK,,0.05,,,,2026-01-01,2026-03-27,National Payments Corporation of India (NPCI),https://www.npci.org.in/product/ecosystem-statistics/rupay
2025-26,2025,December,12,INB,INDIAN BANK,,0.002,,,,2026-01-01,2026-03-27,National Payments Corporation of India (NPCI),https://www.npci.org.in/product/ecosystem-statistics/rupay
2025-26,2025,December,12,JKB,THE JAMMU AND KASHMIR BANK,,0,,,,2026-01-01,2026-03-27,National Payments Corporation of India (NPCI),https://www.npci.org.in/product/ecosystem-statistics/rupay
2025-26,2025,December,12,KMB,KOTAK MAHINDRA BANK,,0.017,,,,2026-01-01,2026-03-27,National Payments Corporation of India (NPCI),https://www.npci.org.in/product/ecosystem-statistics/rupay
2025-26,2025,December,12,KTB,KARNATAKA BANK,,0,,,,2026-01-01,2026-03-27,National Payments Corporation of India (NPCI),https://www.npci.org.in/product/ecosystem-statistics/rupay
2025-26,2025,December,12,KVB,KARUR VYSYA BANK,,0,,,,2026-01-01,2026-03-27,National Payments Corporation of India (NPCI),https://www.npci.org.in/product/ecosystem-statistics/rupay
2025-26,2025,December,12,MIT,PUNJAB NATIONAL BANK,,0.008,,,,2026-01-01,2026-03-27,National Payments Corporation of India (NPCI),https://www.npci.org.in/product/ecosystem-statistics/rupay
2025-26,2025,December,12,NPL,NEPAL SBI BANK LIMITED,,0,,,,2026-01-01,2026-03-27,National Payments Corporation of India (NPCI),https://www.npci.org.in/product/ecosystem-statistics/rupay
2025-26,2025,December,12,NSD,NSDL PAYMENTS BANK LTD,,0,,,,2026-01-01,2026-03-27,National Payments Corporation of India (NPCI),https://www.npci.org.in/product/ecosystem-statistics/rupay
2025-26,2025,December,12,PYT,PAYTM PAYMENTS BANK,,0,,,,2026-01-01,2026-03-27,National Payments Corporation of India (NPCI),https://www.npci.org.in/product/ecosystem-statistics/rupay
2025-26,2025,December,12,RBL,RATNAKAR BANK,,0.012,,,,2026-01-01,2026-03-27,National Payments Corporation of India (NPCI),https://www.npci.org.in/product/ecosystem-statistics/rupay
2025-26,2025,December,12,SBI,STATE BANK OF INDIA,,0.005,,,,2026-01-01,2026-03-27,National Payments Corporation of India (NPCI),https://www.npci.org.in/product/ecosystem-statistics/rupay
2025-26,2025,December,12,SIB,THE SOUTH INDIAN BANK,,0.002,,,,2026-01-01,2026-03-27,National Payments Corporation of India (NPCI),https://www.npci.org.in/product/ecosystem-statistics/rupay
2025-26,2025,December,12,TJSB,THANE JANATA SAHAKARI BANK,,0.022,,,,2026-01-01,2026-03-27,National Payments Corporation of India (NPCI),https://www.npci.org.in/product/ecosystem-statistics/rupay
2025-26,2025,December,12,TMB,TAMILNAD MERCANTILE BANK,,0,,,,2026-01-01,2026-03-27,National Payments Corporation of India (NPCI),https://www.npci.org.in/product/ecosystem-statistics/rupay
2025-26,2025,December,12,YBL,YES BANK LIMITED,,0.01,,,,2026-01-01,2026-03-27,National Payments Corporation of India (NPCI),https://www.npci.org.in/product/ecosystem-statistics/rupay
